nohup: ignoring input
[rank1]:[W902 10:11:45.216423681 ProcessGroupNCCL.cpp:4115] [PG ID 0 PG GUID 0 Rank 1]  using GPU 1 to perform barrier as devices used by this process are currently unknown. This can potentially cause a hang if this rank to GPU mapping is incorrect.Specify device_ids in barrier() to force use of a particular device,or call init_process_group() with a device_id.
[rank0]:[W902 10:11:45.244633138 ProcessGroupNCCL.cpp:4115] [PG ID 0 PG GUID 0 Rank 0]  using GPU 0 to perform barrier as devices used by this process are currently unknown. This can potentially cause a hang if this rank to GPU mapping is incorrect.Specify device_ids in barrier() to force use of a particular device,or call init_process_group() with a device_id.
[rank2]:[W902 10:11:45.274898869 ProcessGroupNCCL.cpp:4115] [PG ID 0 PG GUID 0 Rank 2]  using GPU 2 to perform barrier as devices used by this process are currently unknown. This can potentially cause a hang if this rank to GPU mapping is incorrect.Specify device_ids in barrier() to force use of a particular device,or call init_process_group() with a device_id.
[rank3]:[W902 10:11:45.339432980 ProcessGroupNCCL.cpp:4115] [PG ID 0 PG GUID 0 Rank 3]  using GPU 3 to perform barrier as devices used by this process are currently unknown. This can potentially cause a hang if this rank to GPU mapping is incorrect.Specify device_ids in barrier() to force use of a particular device,or call init_process_group() with a device_id.
Using a slow image processor as `use_fast` is unset and a slow processor was saved with this model. `use_fast=True` will be the default behavior in v4.52, even if the model was saved with a slow processor. This will result in minor differences in outputs. You'll still be able to use a slow processor with `use_fast=False`.
Using a slow image processor as `use_fast` is unset and a slow processor was saved with this model. `use_fast=True` will be the default behavior in v4.52, even if the model was saved with a slow processor. This will result in minor differences in outputs. You'll still be able to use a slow processor with `use_fast=False`.
Using a slow image processor as `use_fast` is unset and a slow processor was saved with this model. `use_fast=True` will be the default behavior in v4.52, even if the model was saved with a slow processor. This will result in minor differences in outputs. You'll still be able to use a slow processor with `use_fast=False`.
Using a slow image processor as `use_fast` is unset and a slow processor was saved with this model. `use_fast=True` will be the default behavior in v4.52, even if the model was saved with a slow processor. This will result in minor differences in outputs. You'll still be able to use a slow processor with `use_fast=False`.
Config of the encoder: <class 'transformers.models.vit.modeling_vit.ViTModel'> is overwritten by shared encoder config: ViTConfig {
  "attention_probs_dropout_prob": 0.0,
  "encoder_stride": 16,
  "hidden_act": "gelu",
  "hidden_dropout_prob": 0.0,
  "hidden_size": 768,
  "image_size": 384,
  "initializer_range": 0.02,
  "intermediate_size": 3072,
  "layer_norm_eps": 1e-12,
  "model_type": "vit",
  "num_attention_heads": 12,
  "num_channels": 3,
  "num_hidden_layers": 12,
  "patch_size": 16,
  "pooler_act": "tanh",
  "pooler_output_size": 768,
  "qkv_bias": false,
  "transformers_version": "4.51.3"
}

Config of the decoder: <class 'transformers.models.trocr.modeling_trocr.TrOCRForCausalLM'> is overwritten by shared decoder config: TrOCRConfig {
  "activation_dropout": 0.0,
  "activation_function": "gelu",
  "add_cross_attention": true,
  "attention_dropout": 0.0,
  "bos_token_id": 0,
  "classifier_dropout": 0.0,
  "cross_attention_hidden_size": 768,
  "d_model": 1024,
  "decoder_attention_heads": 16,
  "decoder_ffn_dim": 4096,
  "decoder_layerdrop": 0.0,
  "decoder_layers": 12,
  "decoder_start_token_id": 2,
  "dropout": 0.1,
  "eos_token_id": 2,
  "init_std": 0.02,
  "is_decoder": true,
  "layernorm_embedding": true,
  "max_position_embeddings": 512,
  "model_type": "trocr",
  "pad_token_id": 1,
  "scale_embedding": false,
  "transformers_version": "4.51.3",
  "use_cache": false,
  "use_learned_position_embeddings": true,
  "vocab_size": 50265
}

Config of the encoder: <class 'transformers.models.vit.modeling_vit.ViTModel'> is overwritten by shared encoder config: ViTConfig {
  "attention_probs_dropout_prob": 0.0,
  "encoder_stride": 16,
  "hidden_act": "gelu",
  "hidden_dropout_prob": 0.0,
  "hidden_size": 768,
  "image_size": 384,
  "initializer_range": 0.02,
  "intermediate_size": 3072,
  "layer_norm_eps": 1e-12,
  "model_type": "vit",
  "num_attention_heads": 12,
  "num_channels": 3,
  "num_hidden_layers": 12,
  "patch_size": 16,
  "pooler_act": "tanh",
  "pooler_output_size": 768,
  "qkv_bias": false,
  "transformers_version": "4.51.3"
}

Config of the decoder: <class 'transformers.models.trocr.modeling_trocr.TrOCRForCausalLM'> is overwritten by shared decoder config: TrOCRConfig {
  "activation_dropout": 0.0,
  "activation_function": "gelu",
  "add_cross_attention": true,
  "attention_dropout": 0.0,
  "bos_token_id": 0,
  "classifier_dropout": 0.0,
  "cross_attention_hidden_size": 768,
  "d_model": 1024,
  "decoder_attention_heads": 16,
  "decoder_ffn_dim": 4096,
  "decoder_layerdrop": 0.0,
  "decoder_layers": 12,
  "decoder_start_token_id": 2,
  "dropout": 0.1,
  "eos_token_id": 2,
  "init_std": 0.02,
  "is_decoder": true,
  "layernorm_embedding": true,
  "max_position_embeddings": 512,
  "model_type": "trocr",
  "pad_token_id": 1,
  "scale_embedding": false,
  "transformers_version": "4.51.3",
  "use_cache": false,
  "use_learned_position_embeddings": true,
  "vocab_size": 50265
}

/opt/conda/envs/diffsensei/lib/python3.11/site-packages/torch/nn/modules/module.py:2400: UserWarning: for conv1.weight: copying from a non-meta parameter in the checkpoint to a meta parameter in the current model, which is a no-op. (Did you mean to pass `assign=True` to assign items in the state dictionary to their corresponding key in the module instead of copying them in place?)
  warnings.warn(
/opt/conda/envs/diffsensei/lib/python3.11/site-packages/torch/nn/modules/module.py:2400: UserWarning: for bn1.weight: copying from a non-meta parameter in the checkpoint to a meta parameter in the current model, which is a no-op. (Did you mean to pass `assign=True` to assign items in the state dictionary to their corresponding key in the module instead of copying them in place?)
  warnings.warn(
/opt/conda/envs/diffsensei/lib/python3.11/site-packages/torch/nn/modules/module.py:2400: UserWarning: for bn1.bias: copying from a non-meta parameter in the checkpoint to a meta parameter in the current model, which is a no-op. (Did you mean to pass `assign=True` to assign items in the state dictionary to their corresponding key in the module instead of copying them in place?)
  warnings.warn(
/opt/conda/envs/diffsensei/lib/python3.11/site-packages/torch/nn/modules/module.py:2400: UserWarning: for layer1.0.conv1.weight: copying from a non-meta parameter in the checkpoint to a meta parameter in the current model, which is a no-op. (Did you mean to pass `assign=True` to assign items in the state dictionary to their corresponding key in the module instead of copying them in place?)
  warnings.warn(
/opt/conda/envs/diffsensei/lib/python3.11/site-packages/torch/nn/modules/module.py:2400: UserWarning: for layer1.0.bn1.weight: copying from a non-meta parameter in the checkpoint to a meta parameter in the current model, which is a no-op. (Did you mean to pass `assign=True` to assign items in the state dictionary to their corresponding key in the module instead of copying them in place?)
  warnings.warn(
/opt/conda/envs/diffsensei/lib/python3.11/site-packages/torch/nn/modules/module.py:2400: UserWarning: for layer1.0.bn1.bias: copying from a non-meta parameter in the checkpoint to a meta parameter in the current model, which is a no-op. (Did you mean to pass `assign=True` to assign items in the state dictionary to their corresponding key in the module instead of copying them in place?)
  warnings.warn(
/opt/conda/envs/diffsensei/lib/python3.11/site-packages/torch/nn/modules/module.py:2400: UserWarning: for layer1.0.conv2.weight: copying from a non-meta parameter in the checkpoint to a meta parameter in the current model, which is a no-op. (Did you mean to pass `assign=True` to assign items in the state dictionary to their corresponding key in the module instead of copying them in place?)
  warnings.warn(
/opt/conda/envs/diffsensei/lib/python3.11/site-packages/torch/nn/modules/module.py:2400: UserWarning: for layer1.0.bn2.weight: copying from a non-meta parameter in the checkpoint to a meta parameter in the current model, which is a no-op. (Did you mean to pass `assign=True` to assign items in the state dictionary to their corresponding key in the module instead of copying them in place?)
  warnings.warn(
/opt/conda/envs/diffsensei/lib/python3.11/site-packages/torch/nn/modules/module.py:2400: UserWarning: for layer1.0.bn2.bias: copying from a non-meta parameter in the checkpoint to a meta parameter in the current model, which is a no-op. (Did you mean to pass `assign=True` to assign items in the state dictionary to their corresponding key in the module instead of copying them in place?)
  warnings.warn(
/opt/conda/envs/diffsensei/lib/python3.11/site-packages/torch/nn/modules/module.py:2400: UserWarning: for layer1.0.conv3.weight: copying from a non-meta parameter in the checkpoint to a meta parameter in the current model, which is a no-op. (Did you mean to pass `assign=True` to assign items in the state dictionary to their corresponding key in the module instead of copying them in place?)
  warnings.warn(
/opt/conda/envs/diffsensei/lib/python3.11/site-packages/torch/nn/modules/module.py:2400: UserWarning: for layer1.0.bn3.weight: copying from a non-meta parameter in the checkpoint to a meta parameter in the current model, which is a no-op. (Did you mean to pass `assign=True` to assign items in the state dictionary to their corresponding key in the module instead of copying them in place?)
  warnings.warn(
/opt/conda/envs/diffsensei/lib/python3.11/site-packages/torch/nn/modules/module.py:2400: UserWarning: for layer1.0.bn3.bias: copying from a non-meta parameter in the checkpoint to a meta parameter in the current model, which is a no-op. (Did you mean to pass `assign=True` to assign items in the state dictionary to their corresponding key in the module instead of copying them in place?)
  warnings.warn(
/opt/conda/envs/diffsensei/lib/python3.11/site-packages/torch/nn/modules/module.py:2400: UserWarning: for layer1.0.downsample.0.weight: copying from a non-meta parameter in the checkpoint to a meta parameter in the current model, which is a no-op. (Did you mean to pass `assign=True` to assign items in the state dictionary to their corresponding key in the module instead of copying them in place?)
  warnings.warn(
/opt/conda/envs/diffsensei/lib/python3.11/site-packages/torch/nn/modules/module.py:2400: UserWarning: for layer1.0.downsample.1.weight: copying from a non-meta parameter in the checkpoint to a meta parameter in the current model, which is a no-op. (Did you mean to pass `assign=True` to assign items in the state dictionary to their corresponding key in the module instead of copying them in place?)
  warnings.warn(
/opt/conda/envs/diffsensei/lib/python3.11/site-packages/torch/nn/modules/module.py:2400: UserWarning: for layer1.0.downsample.1.bias: copying from a non-meta parameter in the checkpoint to a meta parameter in the current model, which is a no-op. (Did you mean to pass `assign=True` to assign items in the state dictionary to their corresponding key in the module instead of copying them in place?)
  warnings.warn(
/opt/conda/envs/diffsensei/lib/python3.11/site-packages/torch/nn/modules/module.py:2400: UserWarning: for layer1.1.conv1.weight: copying from a non-meta parameter in the checkpoint to a meta parameter in the current model, which is a no-op. (Did you mean to pass `assign=True` to assign items in the state dictionary to their corresponding key in the module instead of copying them in place?)
  warnings.warn(
/opt/conda/envs/diffsensei/lib/python3.11/site-packages/torch/nn/modules/module.py:2400: UserWarning: for layer1.1.bn1.weight: copying from a non-meta parameter in the checkpoint to a meta parameter in the current model, which is a no-op. (Did you mean to pass `assign=True` to assign items in the state dictionary to their corresponding key in the module instead of copying them in place?)
  warnings.warn(
/opt/conda/envs/diffsensei/lib/python3.11/site-packages/torch/nn/modules/module.py:2400: UserWarning: for layer1.1.bn1.bias: copying from a non-meta parameter in the checkpoint to a meta parameter in the current model, which is a no-op. (Did you mean to pass `assign=True` to assign items in the state dictionary to their corresponding key in the module instead of copying them in place?)
  warnings.warn(
/opt/conda/envs/diffsensei/lib/python3.11/site-packages/torch/nn/modules/module.py:2400: UserWarning: for layer1.1.conv2.weight: copying from a non-meta parameter in the checkpoint to a meta parameter in the current model, which is a no-op. (Did you mean to pass `assign=True` to assign items in the state dictionary to their corresponding key in the module instead of copying them in place?)
  warnings.warn(
/opt/conda/envs/diffsensei/lib/python3.11/site-packages/torch/nn/modules/module.py:2400: UserWarning: for layer1.1.bn2.weight: copying from a non-meta parameter in the checkpoint to a meta parameter in the current model, which is a no-op. (Did you mean to pass `assign=True` to assign items in the state dictionary to their corresponding key in the module instead of copying them in place?)
  warnings.warn(
/opt/conda/envs/diffsensei/lib/python3.11/site-packages/torch/nn/modules/module.py:2400: UserWarning: for layer1.1.bn2.bias: copying from a non-meta parameter in the checkpoint to a meta parameter in the current model, which is a no-op. (Did you mean to pass `assign=True` to assign items in the state dictionary to their corresponding key in the module instead of copying them in place?)
  warnings.warn(
/opt/conda/envs/diffsensei/lib/python3.11/site-packages/torch/nn/modules/module.py:2400: UserWarning: for layer1.1.conv3.weight: copying from a non-meta parameter in the checkpoint to a meta parameter in the current model, which is a no-op. (Did you mean to pass `assign=True` to assign items in the state dictionary to their corresponding key in the module instead of copying them in place?)
  warnings.warn(
/opt/conda/envs/diffsensei/lib/python3.11/site-packages/torch/nn/modules/module.py:2400: UserWarning: for layer1.1.bn3.weight: copying from a non-meta parameter in the checkpoint to a meta parameter in the current model, which is a no-op. (Did you mean to pass `assign=True` to assign items in the state dictionary to their corresponding key in the module instead of copying them in place?)
  warnings.warn(
/opt/conda/envs/diffsensei/lib/python3.11/site-packages/torch/nn/modules/module.py:2400: UserWarning: for layer1.1.bn3.bias: copying from a non-meta parameter in the checkpoint to a meta parameter in the current model, which is a no-op. (Did you mean to pass `assign=True` to assign items in the state dictionary to their corresponding key in the module instead of copying them in place?)
  warnings.warn(
/opt/conda/envs/diffsensei/lib/python3.11/site-packages/torch/nn/modules/module.py:2400: UserWarning: for layer1.2.conv1.weight: copying from a non-meta parameter in the checkpoint to a meta parameter in the current model, which is a no-op. (Did you mean to pass `assign=True` to assign items in the state dictionary to their corresponding key in the module instead of copying them in place?)
  warnings.warn(
/opt/conda/envs/diffsensei/lib/python3.11/site-packages/torch/nn/modules/module.py:2400: UserWarning: for layer1.2.bn1.weight: copying from a non-meta parameter in the checkpoint to a meta parameter in the current model, which is a no-op. (Did you mean to pass `assign=True` to assign items in the state dictionary to their corresponding key in the module instead of copying them in place?)
  warnings.warn(
/opt/conda/envs/diffsensei/lib/python3.11/site-packages/torch/nn/modules/module.py:2400: UserWarning: for layer1.2.bn1.bias: copying from a non-meta parameter in the checkpoint to a meta parameter in the current model, which is a no-op. (Did you mean to pass `assign=True` to assign items in the state dictionary to their corresponding key in the module instead of copying them in place?)
  warnings.warn(
/opt/conda/envs/diffsensei/lib/python3.11/site-packages/torch/nn/modules/module.py:2400: UserWarning: for layer1.2.conv2.weight: copying from a non-meta parameter in the checkpoint to a meta parameter in the current model, which is a no-op. (Did you mean to pass `assign=True` to assign items in the state dictionary to their corresponding key in the module instead of copying them in place?)
  warnings.warn(
/opt/conda/envs/diffsensei/lib/python3.11/site-packages/torch/nn/modules/module.py:2400: UserWarning: for layer1.2.bn2.weight: copying from a non-meta parameter in the checkpoint to a meta parameter in the current model, which is a no-op. (Did you mean to pass `assign=True` to assign items in the state dictionary to their corresponding key in the module instead of copying them in place?)
  warnings.warn(
/opt/conda/envs/diffsensei/lib/python3.11/site-packages/torch/nn/modules/module.py:2400: UserWarning: for layer1.2.bn2.bias: copying from a non-meta parameter in the checkpoint to a meta parameter in the current model, which is a no-op. (Did you mean to pass `assign=True` to assign items in the state dictionary to their corresponding key in the module instead of copying them in place?)
  warnings.warn(
/opt/conda/envs/diffsensei/lib/python3.11/site-packages/torch/nn/modules/module.py:2400: UserWarning: for layer1.2.conv3.weight: copying from a non-meta parameter in the checkpoint to a meta parameter in the current model, which is a no-op. (Did you mean to pass `assign=True` to assign items in the state dictionary to their corresponding key in the module instead of copying them in place?)
  warnings.warn(
/opt/conda/envs/diffsensei/lib/python3.11/site-packages/torch/nn/modules/module.py:2400: UserWarning: for layer1.2.bn3.weight: copying from a non-meta parameter in the checkpoint to a meta parameter in the current model, which is a no-op. (Did you mean to pass `assign=True` to assign items in the state dictionary to their corresponding key in the module instead of copying them in place?)
  warnings.warn(
/opt/conda/envs/diffsensei/lib/python3.11/site-packages/torch/nn/modules/module.py:2400: UserWarning: for layer1.2.bn3.bias: copying from a non-meta parameter in the checkpoint to a meta parameter in the current model, which is a no-op. (Did you mean to pass `assign=True` to assign items in the state dictionary to their corresponding key in the module instead of copying them in place?)
  warnings.warn(
/opt/conda/envs/diffsensei/lib/python3.11/site-packages/torch/nn/modules/module.py:2400: UserWarning: for layer2.0.conv1.weight: copying from a non-meta parameter in the checkpoint to a meta parameter in the current model, which is a no-op. (Did you mean to pass `assign=True` to assign items in the state dictionary to their corresponding key in the module instead of copying them in place?)
  warnings.warn(
/opt/conda/envs/diffsensei/lib/python3.11/site-packages/torch/nn/modules/module.py:2400: UserWarning: for layer2.0.bn1.weight: copying from a non-meta parameter in the checkpoint to a meta parameter in the current model, which is a no-op. (Did you mean to pass `assign=True` to assign items in the state dictionary to their corresponding key in the module instead of copying them in place?)
  warnings.warn(
/opt/conda/envs/diffsensei/lib/python3.11/site-packages/torch/nn/modules/module.py:2400: UserWarning: for layer2.0.bn1.bias: copying from a non-meta parameter in the checkpoint to a meta parameter in the current model, which is a no-op. (Did you mean to pass `assign=True` to assign items in the state dictionary to their corresponding key in the module instead of copying them in place?)
  warnings.warn(
/opt/conda/envs/diffsensei/lib/python3.11/site-packages/torch/nn/modules/module.py:2400: UserWarning: for layer2.0.conv2.weight: copying from a non-meta parameter in the checkpoint to a meta parameter in the current model, which is a no-op. (Did you mean to pass `assign=True` to assign items in the state dictionary to their corresponding key in the module instead of copying them in place?)
  warnings.warn(
/opt/conda/envs/diffsensei/lib/python3.11/site-packages/torch/nn/modules/module.py:2400: UserWarning: for layer2.0.bn2.weight: copying from a non-meta parameter in the checkpoint to a meta parameter in the current model, which is a no-op. (Did you mean to pass `assign=True` to assign items in the state dictionary to their corresponding key in the module instead of copying them in place?)
  warnings.warn(
/opt/conda/envs/diffsensei/lib/python3.11/site-packages/torch/nn/modules/module.py:2400: UserWarning: for layer2.0.bn2.bias: copying from a non-meta parameter in the checkpoint to a meta parameter in the current model, which is a no-op. (Did you mean to pass `assign=True` to assign items in the state dictionary to their corresponding key in the module instead of copying them in place?)
  warnings.warn(
/opt/conda/envs/diffsensei/lib/python3.11/site-packages/torch/nn/modules/module.py:2400: UserWarning: for layer2.0.conv3.weight: copying from a non-meta parameter in the checkpoint to a meta parameter in the current model, which is a no-op. (Did you mean to pass `assign=True` to assign items in the state dictionary to their corresponding key in the module instead of copying them in place?)
  warnings.warn(
/opt/conda/envs/diffsensei/lib/python3.11/site-packages/torch/nn/modules/module.py:2400: UserWarning: for layer2.0.bn3.weight: copying from a non-meta parameter in the checkpoint to a meta parameter in the current model, which is a no-op. (Did you mean to pass `assign=True` to assign items in the state dictionary to their corresponding key in the module instead of copying them in place?)
  warnings.warn(
/opt/conda/envs/diffsensei/lib/python3.11/site-packages/torch/nn/modules/module.py:2400: UserWarning: for layer2.0.bn3.bias: copying from a non-meta parameter in the checkpoint to a meta parameter in the current model, which is a no-op. (Did you mean to pass `assign=True` to assign items in the state dictionary to their corresponding key in the module instead of copying them in place?)
  warnings.warn(
/opt/conda/envs/diffsensei/lib/python3.11/site-packages/torch/nn/modules/module.py:2400: UserWarning: for layer2.0.downsample.0.weight: copying from a non-meta parameter in the checkpoint to a meta parameter in the current model, which is a no-op. (Did you mean to pass `assign=True` to assign items in the state dictionary to their corresponding key in the module instead of copying them in place?)
  warnings.warn(
/opt/conda/envs/diffsensei/lib/python3.11/site-packages/torch/nn/modules/module.py:2400: UserWarning: for layer2.0.downsample.1.weight: copying from a non-meta parameter in the checkpoint to a meta parameter in the current model, which is a no-op. (Did you mean to pass `assign=True` to assign items in the state dictionary to their corresponding key in the module instead of copying them in place?)
  warnings.warn(
/opt/conda/envs/diffsensei/lib/python3.11/site-packages/torch/nn/modules/module.py:2400: UserWarning: for layer2.0.downsample.1.bias: copying from a non-meta parameter in the checkpoint to a meta parameter in the current model, which is a no-op. (Did you mean to pass `assign=True` to assign items in the state dictionary to their corresponding key in the module instead of copying them in place?)
  warnings.warn(
/opt/conda/envs/diffsensei/lib/python3.11/site-packages/torch/nn/modules/module.py:2400: UserWarning: for layer2.1.conv1.weight: copying from a non-meta parameter in the checkpoint to a meta parameter in the current model, which is a no-op. (Did you mean to pass `assign=True` to assign items in the state dictionary to their corresponding key in the module instead of copying them in place?)
  warnings.warn(
/opt/conda/envs/diffsensei/lib/python3.11/site-packages/torch/nn/modules/module.py:2400: UserWarning: for layer2.1.bn1.weight: copying from a non-meta parameter in the checkpoint to a meta parameter in the current model, which is a no-op. (Did you mean to pass `assign=True` to assign items in the state dictionary to their corresponding key in the module instead of copying them in place?)
  warnings.warn(
/opt/conda/envs/diffsensei/lib/python3.11/site-packages/torch/nn/modules/module.py:2400: UserWarning: for layer2.1.bn1.bias: copying from a non-meta parameter in the checkpoint to a meta parameter in the current model, which is a no-op. (Did you mean to pass `assign=True` to assign items in the state dictionary to their corresponding key in the module instead of copying them in place?)
  warnings.warn(
/opt/conda/envs/diffsensei/lib/python3.11/site-packages/torch/nn/modules/module.py:2400: UserWarning: for layer2.1.conv2.weight: copying from a non-meta parameter in the checkpoint to a meta parameter in the current model, which is a no-op. (Did you mean to pass `assign=True` to assign items in the state dictionary to their corresponding key in the module instead of copying them in place?)
  warnings.warn(
/opt/conda/envs/diffsensei/lib/python3.11/site-packages/torch/nn/modules/module.py:2400: UserWarning: for layer2.1.bn2.weight: copying from a non-meta parameter in the checkpoint to a meta parameter in the current model, which is a no-op. (Did you mean to pass `assign=True` to assign items in the state dictionary to their corresponding key in the module instead of copying them in place?)
  warnings.warn(
/opt/conda/envs/diffsensei/lib/python3.11/site-packages/torch/nn/modules/module.py:2400: UserWarning: for layer2.1.bn2.bias: copying from a non-meta parameter in the checkpoint to a meta parameter in the current model, which is a no-op. (Did you mean to pass `assign=True` to assign items in the state dictionary to their corresponding key in the module instead of copying them in place?)
  warnings.warn(
/opt/conda/envs/diffsensei/lib/python3.11/site-packages/torch/nn/modules/module.py:2400: UserWarning: for layer2.1.conv3.weight: copying from a non-meta parameter in the checkpoint to a meta parameter in the current model, which is a no-op. (Did you mean to pass `assign=True` to assign items in the state dictionary to their corresponding key in the module instead of copying them in place?)
  warnings.warn(
/opt/conda/envs/diffsensei/lib/python3.11/site-packages/torch/nn/modules/module.py:2400: UserWarning: for layer2.1.bn3.weight: copying from a non-meta parameter in the checkpoint to a meta parameter in the current model, which is a no-op. (Did you mean to pass `assign=True` to assign items in the state dictionary to their corresponding key in the module instead of copying them in place?)
  warnings.warn(
/opt/conda/envs/diffsensei/lib/python3.11/site-packages/torch/nn/modules/module.py:2400: UserWarning: for layer2.1.bn3.bias: copying from a non-meta parameter in the checkpoint to a meta parameter in the current model, which is a no-op. (Did you mean to pass `assign=True` to assign items in the state dictionary to their corresponding key in the module instead of copying them in place?)
  warnings.warn(
/opt/conda/envs/diffsensei/lib/python3.11/site-packages/torch/nn/modules/module.py:2400: UserWarning: for layer2.2.conv1.weight: copying from a non-meta parameter in the checkpoint to a meta parameter in the current model, which is a no-op. (Did you mean to pass `assign=True` to assign items in the state dictionary to their corresponding key in the module instead of copying them in place?)
  warnings.warn(
/opt/conda/envs/diffsensei/lib/python3.11/site-packages/torch/nn/modules/module.py:2400: UserWarning: for layer2.2.bn1.weight: copying from a non-meta parameter in the checkpoint to a meta parameter in the current model, which is a no-op. (Did you mean to pass `assign=True` to assign items in the state dictionary to their corresponding key in the module instead of copying them in place?)
  warnings.warn(
/opt/conda/envs/diffsensei/lib/python3.11/site-packages/torch/nn/modules/module.py:2400: UserWarning: for layer2.2.bn1.bias: copying from a non-meta parameter in the checkpoint to a meta parameter in the current model, which is a no-op. (Did you mean to pass `assign=True` to assign items in the state dictionary to their corresponding key in the module instead of copying them in place?)
  warnings.warn(
/opt/conda/envs/diffsensei/lib/python3.11/site-packages/torch/nn/modules/module.py:2400: UserWarning: for layer2.2.conv2.weight: copying from a non-meta parameter in the checkpoint to a meta parameter in the current model, which is a no-op. (Did you mean to pass `assign=True` to assign items in the state dictionary to their corresponding key in the module instead of copying them in place?)
  warnings.warn(
/opt/conda/envs/diffsensei/lib/python3.11/site-packages/torch/nn/modules/module.py:2400: UserWarning: for layer2.2.bn2.weight: copying from a non-meta parameter in the checkpoint to a meta parameter in the current model, which is a no-op. (Did you mean to pass `assign=True` to assign items in the state dictionary to their corresponding key in the module instead of copying them in place?)
  warnings.warn(
/opt/conda/envs/diffsensei/lib/python3.11/site-packages/torch/nn/modules/module.py:2400: UserWarning: for layer2.2.bn2.bias: copying from a non-meta parameter in the checkpoint to a meta parameter in the current model, which is a no-op. (Did you mean to pass `assign=True` to assign items in the state dictionary to their corresponding key in the module instead of copying them in place?)
  warnings.warn(
/opt/conda/envs/diffsensei/lib/python3.11/site-packages/torch/nn/modules/module.py:2400: UserWarning: for layer2.2.conv3.weight: copying from a non-meta parameter in the checkpoint to a meta parameter in the current model, which is a no-op. (Did you mean to pass `assign=True` to assign items in the state dictionary to their corresponding key in the module instead of copying them in place?)
  warnings.warn(
/opt/conda/envs/diffsensei/lib/python3.11/site-packages/torch/nn/modules/module.py:2400: UserWarning: for layer2.2.bn3.weight: copying from a non-meta parameter in the checkpoint to a meta parameter in the current model, which is a no-op. (Did you mean to pass `assign=True` to assign items in the state dictionary to their corresponding key in the module instead of copying them in place?)
  warnings.warn(
/opt/conda/envs/diffsensei/lib/python3.11/site-packages/torch/nn/modules/module.py:2400: UserWarning: for layer2.2.bn3.bias: copying from a non-meta parameter in the checkpoint to a meta parameter in the current model, which is a no-op. (Did you mean to pass `assign=True` to assign items in the state dictionary to their corresponding key in the module instead of copying them in place?)
  warnings.warn(
/opt/conda/envs/diffsensei/lib/python3.11/site-packages/torch/nn/modules/module.py:2400: UserWarning: for layer2.3.conv1.weight: copying from a non-meta parameter in the checkpoint to a meta parameter in the current model, which is a no-op. (Did you mean to pass `assign=True` to assign items in the state dictionary to their corresponding key in the module instead of copying them in place?)
  warnings.warn(
/opt/conda/envs/diffsensei/lib/python3.11/site-packages/torch/nn/modules/module.py:2400: UserWarning: for layer2.3.bn1.weight: copying from a non-meta parameter in the checkpoint to a meta parameter in the current model, which is a no-op. (Did you mean to pass `assign=True` to assign items in the state dictionary to their corresponding key in the module instead of copying them in place?)
  warnings.warn(
/opt/conda/envs/diffsensei/lib/python3.11/site-packages/torch/nn/modules/module.py:2400: UserWarning: for layer2.3.bn1.bias: copying from a non-meta parameter in the checkpoint to a meta parameter in the current model, which is a no-op. (Did you mean to pass `assign=True` to assign items in the state dictionary to their corresponding key in the module instead of copying them in place?)
  warnings.warn(
/opt/conda/envs/diffsensei/lib/python3.11/site-packages/torch/nn/modules/module.py:2400: UserWarning: for layer2.3.conv2.weight: copying from a non-meta parameter in the checkpoint to a meta parameter in the current model, which is a no-op. (Did you mean to pass `assign=True` to assign items in the state dictionary to their corresponding key in the module instead of copying them in place?)
  warnings.warn(
/opt/conda/envs/diffsensei/lib/python3.11/site-packages/torch/nn/modules/module.py:2400: UserWarning: for layer2.3.bn2.weight: copying from a non-meta parameter in the checkpoint to a meta parameter in the current model, which is a no-op. (Did you mean to pass `assign=True` to assign items in the state dictionary to their corresponding key in the module instead of copying them in place?)
  warnings.warn(
/opt/conda/envs/diffsensei/lib/python3.11/site-packages/torch/nn/modules/module.py:2400: UserWarning: for layer2.3.bn2.bias: copying from a non-meta parameter in the checkpoint to a meta parameter in the current model, which is a no-op. (Did you mean to pass `assign=True` to assign items in the state dictionary to their corresponding key in the module instead of copying them in place?)
  warnings.warn(
/opt/conda/envs/diffsensei/lib/python3.11/site-packages/torch/nn/modules/module.py:2400: UserWarning: for layer2.3.conv3.weight: copying from a non-meta parameter in the checkpoint to a meta parameter in the current model, which is a no-op. (Did you mean to pass `assign=True` to assign items in the state dictionary to their corresponding key in the module instead of copying them in place?)
  warnings.warn(
/opt/conda/envs/diffsensei/lib/python3.11/site-packages/torch/nn/modules/module.py:2400: UserWarning: for layer2.3.bn3.weight: copying from a non-meta parameter in the checkpoint to a meta parameter in the current model, which is a no-op. (Did you mean to pass `assign=True` to assign items in the state dictionary to their corresponding key in the module instead of copying them in place?)
  warnings.warn(
/opt/conda/envs/diffsensei/lib/python3.11/site-packages/torch/nn/modules/module.py:2400: UserWarning: for layer2.3.bn3.bias: copying from a non-meta parameter in the checkpoint to a meta parameter in the current model, which is a no-op. (Did you mean to pass `assign=True` to assign items in the state dictionary to their corresponding key in the module instead of copying them in place?)
  warnings.warn(
/opt/conda/envs/diffsensei/lib/python3.11/site-packages/torch/nn/modules/module.py:2400: UserWarning: for layer3.0.conv1.weight: copying from a non-meta parameter in the checkpoint to a meta parameter in the current model, which is a no-op. (Did you mean to pass `assign=True` to assign items in the state dictionary to their corresponding key in the module instead of copying them in place?)
  warnings.warn(
/opt/conda/envs/diffsensei/lib/python3.11/site-packages/torch/nn/modules/module.py:2400: UserWarning: for layer3.0.bn1.weight: copying from a non-meta parameter in the checkpoint to a meta parameter in the current model, which is a no-op. (Did you mean to pass `assign=True` to assign items in the state dictionary to their corresponding key in the module instead of copying them in place?)
  warnings.warn(
/opt/conda/envs/diffsensei/lib/python3.11/site-packages/torch/nn/modules/module.py:2400: UserWarning: for layer3.0.bn1.bias: copying from a non-meta parameter in the checkpoint to a meta parameter in the current model, which is a no-op. (Did you mean to pass `assign=True` to assign items in the state dictionary to their corresponding key in the module instead of copying them in place?)
  warnings.warn(
/opt/conda/envs/diffsensei/lib/python3.11/site-packages/torch/nn/modules/module.py:2400: UserWarning: for layer3.0.conv2.weight: copying from a non-meta parameter in the checkpoint to a meta parameter in the current model, which is a no-op. (Did you mean to pass `assign=True` to assign items in the state dictionary to their corresponding key in the module instead of copying them in place?)
  warnings.warn(
/opt/conda/envs/diffsensei/lib/python3.11/site-packages/torch/nn/modules/module.py:2400: UserWarning: for layer3.0.bn2.weight: copying from a non-meta parameter in the checkpoint to a meta parameter in the current model, which is a no-op. (Did you mean to pass `assign=True` to assign items in the state dictionary to their corresponding key in the module instead of copying them in place?)
  warnings.warn(
/opt/conda/envs/diffsensei/lib/python3.11/site-packages/torch/nn/modules/module.py:2400: UserWarning: for layer3.0.bn2.bias: copying from a non-meta parameter in the checkpoint to a meta parameter in the current model, which is a no-op. (Did you mean to pass `assign=True` to assign items in the state dictionary to their corresponding key in the module instead of copying them in place?)
  warnings.warn(
/opt/conda/envs/diffsensei/lib/python3.11/site-packages/torch/nn/modules/module.py:2400: UserWarning: for layer3.0.conv3.weight: copying from a non-meta parameter in the checkpoint to a meta parameter in the current model, which is a no-op. (Did you mean to pass `assign=True` to assign items in the state dictionary to their corresponding key in the module instead of copying them in place?)
  warnings.warn(
/opt/conda/envs/diffsensei/lib/python3.11/site-packages/torch/nn/modules/module.py:2400: UserWarning: for layer3.0.bn3.weight: copying from a non-meta parameter in the checkpoint to a meta parameter in the current model, which is a no-op. (Did you mean to pass `assign=True` to assign items in the state dictionary to their corresponding key in the module instead of copying them in place?)
  warnings.warn(
/opt/conda/envs/diffsensei/lib/python3.11/site-packages/torch/nn/modules/module.py:2400: UserWarning: for layer3.0.bn3.bias: copying from a non-meta parameter in the checkpoint to a meta parameter in the current model, which is a no-op. (Did you mean to pass `assign=True` to assign items in the state dictionary to their corresponding key in the module instead of copying them in place?)
  warnings.warn(
/opt/conda/envs/diffsensei/lib/python3.11/site-packages/torch/nn/modules/module.py:2400: UserWarning: for layer3.0.downsample.0.weight: copying from a non-meta parameter in the checkpoint to a meta parameter in the current model, which is a no-op. (Did you mean to pass `assign=True` to assign items in the state dictionary to their corresponding key in the module instead of copying them in place?)
  warnings.warn(
/opt/conda/envs/diffsensei/lib/python3.11/site-packages/torch/nn/modules/module.py:2400: UserWarning: for layer3.0.downsample.1.weight: copying from a non-meta parameter in the checkpoint to a meta parameter in the current model, which is a no-op. (Did you mean to pass `assign=True` to assign items in the state dictionary to their corresponding key in the module instead of copying them in place?)
  warnings.warn(
/opt/conda/envs/diffsensei/lib/python3.11/site-packages/torch/nn/modules/module.py:2400: UserWarning: for layer3.0.downsample.1.bias: copying from a non-meta parameter in the checkpoint to a meta parameter in the current model, which is a no-op. (Did you mean to pass `assign=True` to assign items in the state dictionary to their corresponding key in the module instead of copying them in place?)
  warnings.warn(
/opt/conda/envs/diffsensei/lib/python3.11/site-packages/torch/nn/modules/module.py:2400: UserWarning: for layer3.1.conv1.weight: copying from a non-meta parameter in the checkpoint to a meta parameter in the current model, which is a no-op. (Did you mean to pass `assign=True` to assign items in the state dictionary to their corresponding key in the module instead of copying them in place?)
  warnings.warn(
/opt/conda/envs/diffsensei/lib/python3.11/site-packages/torch/nn/modules/module.py:2400: UserWarning: for layer3.1.bn1.weight: copying from a non-meta parameter in the checkpoint to a meta parameter in the current model, which is a no-op. (Did you mean to pass `assign=True` to assign items in the state dictionary to their corresponding key in the module instead of copying them in place?)
  warnings.warn(
/opt/conda/envs/diffsensei/lib/python3.11/site-packages/torch/nn/modules/module.py:2400: UserWarning: for layer3.1.bn1.bias: copying from a non-meta parameter in the checkpoint to a meta parameter in the current model, which is a no-op. (Did you mean to pass `assign=True` to assign items in the state dictionary to their corresponding key in the module instead of copying them in place?)
  warnings.warn(
/opt/conda/envs/diffsensei/lib/python3.11/site-packages/torch/nn/modules/module.py:2400: UserWarning: for layer3.1.conv2.weight: copying from a non-meta parameter in the checkpoint to a meta parameter in the current model, which is a no-op. (Did you mean to pass `assign=True` to assign items in the state dictionary to their corresponding key in the module instead of copying them in place?)
  warnings.warn(
/opt/conda/envs/diffsensei/lib/python3.11/site-packages/torch/nn/modules/module.py:2400: UserWarning: for layer3.1.bn2.weight: copying from a non-meta parameter in the checkpoint to a meta parameter in the current model, which is a no-op. (Did you mean to pass `assign=True` to assign items in the state dictionary to their corresponding key in the module instead of copying them in place?)
  warnings.warn(
/opt/conda/envs/diffsensei/lib/python3.11/site-packages/torch/nn/modules/module.py:2400: UserWarning: for layer3.1.bn2.bias: copying from a non-meta parameter in the checkpoint to a meta parameter in the current model, which is a no-op. (Did you mean to pass `assign=True` to assign items in the state dictionary to their corresponding key in the module instead of copying them in place?)
  warnings.warn(
/opt/conda/envs/diffsensei/lib/python3.11/site-packages/torch/nn/modules/module.py:2400: UserWarning: for layer3.1.conv3.weight: copying from a non-meta parameter in the checkpoint to a meta parameter in the current model, which is a no-op. (Did you mean to pass `assign=True` to assign items in the state dictionary to their corresponding key in the module instead of copying them in place?)
  warnings.warn(
/opt/conda/envs/diffsensei/lib/python3.11/site-packages/torch/nn/modules/module.py:2400: UserWarning: for layer3.1.bn3.weight: copying from a non-meta parameter in the checkpoint to a meta parameter in the current model, which is a no-op. (Did you mean to pass `assign=True` to assign items in the state dictionary to their corresponding key in the module instead of copying them in place?)
  warnings.warn(
/opt/conda/envs/diffsensei/lib/python3.11/site-packages/torch/nn/modules/module.py:2400: UserWarning: for layer3.1.bn3.bias: copying from a non-meta parameter in the checkpoint to a meta parameter in the current model, which is a no-op. (Did you mean to pass `assign=True` to assign items in the state dictionary to their corresponding key in the module instead of copying them in place?)
  warnings.warn(
/opt/conda/envs/diffsensei/lib/python3.11/site-packages/torch/nn/modules/module.py:2400: UserWarning: for layer3.2.conv1.weight: copying from a non-meta parameter in the checkpoint to a meta parameter in the current model, which is a no-op. (Did you mean to pass `assign=True` to assign items in the state dictionary to their corresponding key in the module instead of copying them in place?)
  warnings.warn(
/opt/conda/envs/diffsensei/lib/python3.11/site-packages/torch/nn/modules/module.py:2400: UserWarning: for layer3.2.bn1.weight: copying from a non-meta parameter in the checkpoint to a meta parameter in the current model, which is a no-op. (Did you mean to pass `assign=True` to assign items in the state dictionary to their corresponding key in the module instead of copying them in place?)
  warnings.warn(
/opt/conda/envs/diffsensei/lib/python3.11/site-packages/torch/nn/modules/module.py:2400: UserWarning: for layer3.2.bn1.bias: copying from a non-meta parameter in the checkpoint to a meta parameter in the current model, which is a no-op. (Did you mean to pass `assign=True` to assign items in the state dictionary to their corresponding key in the module instead of copying them in place?)
  warnings.warn(
/opt/conda/envs/diffsensei/lib/python3.11/site-packages/torch/nn/modules/module.py:2400: UserWarning: for layer3.2.conv2.weight: copying from a non-meta parameter in the checkpoint to a meta parameter in the current model, which is a no-op. (Did you mean to pass `assign=True` to assign items in the state dictionary to their corresponding key in the module instead of copying them in place?)
  warnings.warn(
/opt/conda/envs/diffsensei/lib/python3.11/site-packages/torch/nn/modules/module.py:2400: UserWarning: for layer3.2.bn2.weight: copying from a non-meta parameter in the checkpoint to a meta parameter in the current model, which is a no-op. (Did you mean to pass `assign=True` to assign items in the state dictionary to their corresponding key in the module instead of copying them in place?)
  warnings.warn(
/opt/conda/envs/diffsensei/lib/python3.11/site-packages/torch/nn/modules/module.py:2400: UserWarning: for layer3.2.bn2.bias: copying from a non-meta parameter in the checkpoint to a meta parameter in the current model, which is a no-op. (Did you mean to pass `assign=True` to assign items in the state dictionary to their corresponding key in the module instead of copying them in place?)
  warnings.warn(
/opt/conda/envs/diffsensei/lib/python3.11/site-packages/torch/nn/modules/module.py:2400: UserWarning: for layer3.2.conv3.weight: copying from a non-meta parameter in the checkpoint to a meta parameter in the current model, which is a no-op. (Did you mean to pass `assign=True` to assign items in the state dictionary to their corresponding key in the module instead of copying them in place?)
  warnings.warn(
/opt/conda/envs/diffsensei/lib/python3.11/site-packages/torch/nn/modules/module.py:2400: UserWarning: for layer3.2.bn3.weight: copying from a non-meta parameter in the checkpoint to a meta parameter in the current model, which is a no-op. (Did you mean to pass `assign=True` to assign items in the state dictionary to their corresponding key in the module instead of copying them in place?)
  warnings.warn(
/opt/conda/envs/diffsensei/lib/python3.11/site-packages/torch/nn/modules/module.py:2400: UserWarning: for layer3.2.bn3.bias: copying from a non-meta parameter in the checkpoint to a meta parameter in the current model, which is a no-op. (Did you mean to pass `assign=True` to assign items in the state dictionary to their corresponding key in the module instead of copying them in place?)
  warnings.warn(
/opt/conda/envs/diffsensei/lib/python3.11/site-packages/torch/nn/modules/module.py:2400: UserWarning: for layer3.3.conv1.weight: copying from a non-meta parameter in the checkpoint to a meta parameter in the current model, which is a no-op. (Did you mean to pass `assign=True` to assign items in the state dictionary to their corresponding key in the module instead of copying them in place?)
  warnings.warn(
/opt/conda/envs/diffsensei/lib/python3.11/site-packages/torch/nn/modules/module.py:2400: UserWarning: for layer3.3.bn1.weight: copying from a non-meta parameter in the checkpoint to a meta parameter in the current model, which is a no-op. (Did you mean to pass `assign=True` to assign items in the state dictionary to their corresponding key in the module instead of copying them in place?)
  warnings.warn(
/opt/conda/envs/diffsensei/lib/python3.11/site-packages/torch/nn/modules/module.py:2400: UserWarning: for layer3.3.bn1.bias: copying from a non-meta parameter in the checkpoint to a meta parameter in the current model, which is a no-op. (Did you mean to pass `assign=True` to assign items in the state dictionary to their corresponding key in the module instead of copying them in place?)
  warnings.warn(
/opt/conda/envs/diffsensei/lib/python3.11/site-packages/torch/nn/modules/module.py:2400: UserWarning: for layer3.3.conv2.weight: copying from a non-meta parameter in the checkpoint to a meta parameter in the current model, which is a no-op. (Did you mean to pass `assign=True` to assign items in the state dictionary to their corresponding key in the module instead of copying them in place?)
  warnings.warn(
/opt/conda/envs/diffsensei/lib/python3.11/site-packages/torch/nn/modules/module.py:2400: UserWarning: for layer3.3.bn2.weight: copying from a non-meta parameter in the checkpoint to a meta parameter in the current model, which is a no-op. (Did you mean to pass `assign=True` to assign items in the state dictionary to their corresponding key in the module instead of copying them in place?)
  warnings.warn(
/opt/conda/envs/diffsensei/lib/python3.11/site-packages/torch/nn/modules/module.py:2400: UserWarning: for layer3.3.bn2.bias: copying from a non-meta parameter in the checkpoint to a meta parameter in the current model, which is a no-op. (Did you mean to pass `assign=True` to assign items in the state dictionary to their corresponding key in the module instead of copying them in place?)
  warnings.warn(
/opt/conda/envs/diffsensei/lib/python3.11/site-packages/torch/nn/modules/module.py:2400: UserWarning: for layer3.3.conv3.weight: copying from a non-meta parameter in the checkpoint to a meta parameter in the current model, which is a no-op. (Did you mean to pass `assign=True` to assign items in the state dictionary to their corresponding key in the module instead of copying them in place?)
  warnings.warn(
/opt/conda/envs/diffsensei/lib/python3.11/site-packages/torch/nn/modules/module.py:2400: UserWarning: for layer3.3.bn3.weight: copying from a non-meta parameter in the checkpoint to a meta parameter in the current model, which is a no-op. (Did you mean to pass `assign=True` to assign items in the state dictionary to their corresponding key in the module instead of copying them in place?)
  warnings.warn(
/opt/conda/envs/diffsensei/lib/python3.11/site-packages/torch/nn/modules/module.py:2400: UserWarning: for layer3.3.bn3.bias: copying from a non-meta parameter in the checkpoint to a meta parameter in the current model, which is a no-op. (Did you mean to pass `assign=True` to assign items in the state dictionary to their corresponding key in the module instead of copying them in place?)
  warnings.warn(
/opt/conda/envs/diffsensei/lib/python3.11/site-packages/torch/nn/modules/module.py:2400: UserWarning: for layer3.4.conv1.weight: copying from a non-meta parameter in the checkpoint to a meta parameter in the current model, which is a no-op. (Did you mean to pass `assign=True` to assign items in the state dictionary to their corresponding key in the module instead of copying them in place?)
  warnings.warn(
/opt/conda/envs/diffsensei/lib/python3.11/site-packages/torch/nn/modules/module.py:2400: UserWarning: for layer3.4.bn1.weight: copying from a non-meta parameter in the checkpoint to a meta parameter in the current model, which is a no-op. (Did you mean to pass `assign=True` to assign items in the state dictionary to their corresponding key in the module instead of copying them in place?)
  warnings.warn(
/opt/conda/envs/diffsensei/lib/python3.11/site-packages/torch/nn/modules/module.py:2400: UserWarning: for layer3.4.bn1.bias: copying from a non-meta parameter in the checkpoint to a meta parameter in the current model, which is a no-op. (Did you mean to pass `assign=True` to assign items in the state dictionary to their corresponding key in the module instead of copying them in place?)
  warnings.warn(
/opt/conda/envs/diffsensei/lib/python3.11/site-packages/torch/nn/modules/module.py:2400: UserWarning: for layer3.4.conv2.weight: copying from a non-meta parameter in the checkpoint to a meta parameter in the current model, which is a no-op. (Did you mean to pass `assign=True` to assign items in the state dictionary to their corresponding key in the module instead of copying them in place?)
  warnings.warn(
/opt/conda/envs/diffsensei/lib/python3.11/site-packages/torch/nn/modules/module.py:2400: UserWarning: for layer3.4.bn2.weight: copying from a non-meta parameter in the checkpoint to a meta parameter in the current model, which is a no-op. (Did you mean to pass `assign=True` to assign items in the state dictionary to their corresponding key in the module instead of copying them in place?)
  warnings.warn(
/opt/conda/envs/diffsensei/lib/python3.11/site-packages/torch/nn/modules/module.py:2400: UserWarning: for layer3.4.bn2.bias: copying from a non-meta parameter in the checkpoint to a meta parameter in the current model, which is a no-op. (Did you mean to pass `assign=True` to assign items in the state dictionary to their corresponding key in the module instead of copying them in place?)
  warnings.warn(
/opt/conda/envs/diffsensei/lib/python3.11/site-packages/torch/nn/modules/module.py:2400: UserWarning: for layer3.4.conv3.weight: copying from a non-meta parameter in the checkpoint to a meta parameter in the current model, which is a no-op. (Did you mean to pass `assign=True` to assign items in the state dictionary to their corresponding key in the module instead of copying them in place?)
  warnings.warn(
/opt/conda/envs/diffsensei/lib/python3.11/site-packages/torch/nn/modules/module.py:2400: UserWarning: for layer3.4.bn3.weight: copying from a non-meta parameter in the checkpoint to a meta parameter in the current model, which is a no-op. (Did you mean to pass `assign=True` to assign items in the state dictionary to their corresponding key in the module instead of copying them in place?)
  warnings.warn(
/opt/conda/envs/diffsensei/lib/python3.11/site-packages/torch/nn/modules/module.py:2400: UserWarning: for layer3.4.bn3.bias: copying from a non-meta parameter in the checkpoint to a meta parameter in the current model, which is a no-op. (Did you mean to pass `assign=True` to assign items in the state dictionary to their corresponding key in the module instead of copying them in place?)
  warnings.warn(
/opt/conda/envs/diffsensei/lib/python3.11/site-packages/torch/nn/modules/module.py:2400: UserWarning: for layer3.5.conv1.weight: copying from a non-meta parameter in the checkpoint to a meta parameter in the current model, which is a no-op. (Did you mean to pass `assign=True` to assign items in the state dictionary to their corresponding key in the module instead of copying them in place?)
  warnings.warn(
/opt/conda/envs/diffsensei/lib/python3.11/site-packages/torch/nn/modules/module.py:2400: UserWarning: for layer3.5.bn1.weight: copying from a non-meta parameter in the checkpoint to a meta parameter in the current model, which is a no-op. (Did you mean to pass `assign=True` to assign items in the state dictionary to their corresponding key in the module instead of copying them in place?)
  warnings.warn(
/opt/conda/envs/diffsensei/lib/python3.11/site-packages/torch/nn/modules/module.py:2400: UserWarning: for layer3.5.bn1.bias: copying from a non-meta parameter in the checkpoint to a meta parameter in the current model, which is a no-op. (Did you mean to pass `assign=True` to assign items in the state dictionary to their corresponding key in the module instead of copying them in place?)
  warnings.warn(
/opt/conda/envs/diffsensei/lib/python3.11/site-packages/torch/nn/modules/module.py:2400: UserWarning: for layer3.5.conv2.weight: copying from a non-meta parameter in the checkpoint to a meta parameter in the current model, which is a no-op. (Did you mean to pass `assign=True` to assign items in the state dictionary to their corresponding key in the module instead of copying them in place?)
  warnings.warn(
/opt/conda/envs/diffsensei/lib/python3.11/site-packages/torch/nn/modules/module.py:2400: UserWarning: for layer3.5.bn2.weight: copying from a non-meta parameter in the checkpoint to a meta parameter in the current model, which is a no-op. (Did you mean to pass `assign=True` to assign items in the state dictionary to their corresponding key in the module instead of copying them in place?)
  warnings.warn(
/opt/conda/envs/diffsensei/lib/python3.11/site-packages/torch/nn/modules/module.py:2400: UserWarning: for layer3.5.bn2.bias: copying from a non-meta parameter in the checkpoint to a meta parameter in the current model, which is a no-op. (Did you mean to pass `assign=True` to assign items in the state dictionary to their corresponding key in the module instead of copying them in place?)
  warnings.warn(
/opt/conda/envs/diffsensei/lib/python3.11/site-packages/torch/nn/modules/module.py:2400: UserWarning: for layer3.5.conv3.weight: copying from a non-meta parameter in the checkpoint to a meta parameter in the current model, which is a no-op. (Did you mean to pass `assign=True` to assign items in the state dictionary to their corresponding key in the module instead of copying them in place?)
  warnings.warn(
/opt/conda/envs/diffsensei/lib/python3.11/site-packages/torch/nn/modules/module.py:2400: UserWarning: for layer3.5.bn3.weight: copying from a non-meta parameter in the checkpoint to a meta parameter in the current model, which is a no-op. (Did you mean to pass `assign=True` to assign items in the state dictionary to their corresponding key in the module instead of copying them in place?)
  warnings.warn(
/opt/conda/envs/diffsensei/lib/python3.11/site-packages/torch/nn/modules/module.py:2400: UserWarning: for layer3.5.bn3.bias: copying from a non-meta parameter in the checkpoint to a meta parameter in the current model, which is a no-op. (Did you mean to pass `assign=True` to assign items in the state dictionary to their corresponding key in the module instead of copying them in place?)
  warnings.warn(
/opt/conda/envs/diffsensei/lib/python3.11/site-packages/torch/nn/modules/module.py:2400: UserWarning: for layer4.0.conv1.weight: copying from a non-meta parameter in the checkpoint to a meta parameter in the current model, which is a no-op. (Did you mean to pass `assign=True` to assign items in the state dictionary to their corresponding key in the module instead of copying them in place?)
  warnings.warn(
/opt/conda/envs/diffsensei/lib/python3.11/site-packages/torch/nn/modules/module.py:2400: UserWarning: for layer4.0.bn1.weight: copying from a non-meta parameter in the checkpoint to a meta parameter in the current model, which is a no-op. (Did you mean to pass `assign=True` to assign items in the state dictionary to their corresponding key in the module instead of copying them in place?)
  warnings.warn(
/opt/conda/envs/diffsensei/lib/python3.11/site-packages/torch/nn/modules/module.py:2400: UserWarning: for layer4.0.bn1.bias: copying from a non-meta parameter in the checkpoint to a meta parameter in the current model, which is a no-op. (Did you mean to pass `assign=True` to assign items in the state dictionary to their corresponding key in the module instead of copying them in place?)
  warnings.warn(
/opt/conda/envs/diffsensei/lib/python3.11/site-packages/torch/nn/modules/module.py:2400: UserWarning: for layer4.0.conv2.weight: copying from a non-meta parameter in the checkpoint to a meta parameter in the current model, which is a no-op. (Did you mean to pass `assign=True` to assign items in the state dictionary to their corresponding key in the module instead of copying them in place?)
  warnings.warn(
/opt/conda/envs/diffsensei/lib/python3.11/site-packages/torch/nn/modules/module.py:2400: UserWarning: for layer4.0.bn2.weight: copying from a non-meta parameter in the checkpoint to a meta parameter in the current model, which is a no-op. (Did you mean to pass `assign=True` to assign items in the state dictionary to their corresponding key in the module instead of copying them in place?)
  warnings.warn(
/opt/conda/envs/diffsensei/lib/python3.11/site-packages/torch/nn/modules/module.py:2400: UserWarning: for layer4.0.bn2.bias: copying from a non-meta parameter in the checkpoint to a meta parameter in the current model, which is a no-op. (Did you mean to pass `assign=True` to assign items in the state dictionary to their corresponding key in the module instead of copying them in place?)
  warnings.warn(
/opt/conda/envs/diffsensei/lib/python3.11/site-packages/torch/nn/modules/module.py:2400: UserWarning: for layer4.0.conv3.weight: copying from a non-meta parameter in the checkpoint to a meta parameter in the current model, which is a no-op. (Did you mean to pass `assign=True` to assign items in the state dictionary to their corresponding key in the module instead of copying them in place?)
  warnings.warn(
/opt/conda/envs/diffsensei/lib/python3.11/site-packages/torch/nn/modules/module.py:2400: UserWarning: for layer4.0.bn3.weight: copying from a non-meta parameter in the checkpoint to a meta parameter in the current model, which is a no-op. (Did you mean to pass `assign=True` to assign items in the state dictionary to their corresponding key in the module instead of copying them in place?)
  warnings.warn(
/opt/conda/envs/diffsensei/lib/python3.11/site-packages/torch/nn/modules/module.py:2400: UserWarning: for layer4.0.bn3.bias: copying from a non-meta parameter in the checkpoint to a meta parameter in the current model, which is a no-op. (Did you mean to pass `assign=True` to assign items in the state dictionary to their corresponding key in the module instead of copying them in place?)
  warnings.warn(
/opt/conda/envs/diffsensei/lib/python3.11/site-packages/torch/nn/modules/module.py:2400: UserWarning: for layer4.0.downsample.0.weight: copying from a non-meta parameter in the checkpoint to a meta parameter in the current model, which is a no-op. (Did you mean to pass `assign=True` to assign items in the state dictionary to their corresponding key in the module instead of copying them in place?)
  warnings.warn(
/opt/conda/envs/diffsensei/lib/python3.11/site-packages/torch/nn/modules/module.py:2400: UserWarning: for layer4.0.downsample.1.weight: copying from a non-meta parameter in the checkpoint to a meta parameter in the current model, which is a no-op. (Did you mean to pass `assign=True` to assign items in the state dictionary to their corresponding key in the module instead of copying them in place?)
  warnings.warn(
/opt/conda/envs/diffsensei/lib/python3.11/site-packages/torch/nn/modules/module.py:2400: UserWarning: for layer4.0.downsample.1.bias: copying from a non-meta parameter in the checkpoint to a meta parameter in the current model, which is a no-op. (Did you mean to pass `assign=True` to assign items in the state dictionary to their corresponding key in the module instead of copying them in place?)
  warnings.warn(
/opt/conda/envs/diffsensei/lib/python3.11/site-packages/torch/nn/modules/module.py:2400: UserWarning: for layer4.1.conv1.weight: copying from a non-meta parameter in the checkpoint to a meta parameter in the current model, which is a no-op. (Did you mean to pass `assign=True` to assign items in the state dictionary to their corresponding key in the module instead of copying them in place?)
  warnings.warn(
/opt/conda/envs/diffsensei/lib/python3.11/site-packages/torch/nn/modules/module.py:2400: UserWarning: for layer4.1.bn1.weight: copying from a non-meta parameter in the checkpoint to a meta parameter in the current model, which is a no-op. (Did you mean to pass `assign=True` to assign items in the state dictionary to their corresponding key in the module instead of copying them in place?)
  warnings.warn(
/opt/conda/envs/diffsensei/lib/python3.11/site-packages/torch/nn/modules/module.py:2400: UserWarning: for layer4.1.bn1.bias: copying from a non-meta parameter in the checkpoint to a meta parameter in the current model, which is a no-op. (Did you mean to pass `assign=True` to assign items in the state dictionary to their corresponding key in the module instead of copying them in place?)
  warnings.warn(
/opt/conda/envs/diffsensei/lib/python3.11/site-packages/torch/nn/modules/module.py:2400: UserWarning: for layer4.1.conv2.weight: copying from a non-meta parameter in the checkpoint to a meta parameter in the current model, which is a no-op. (Did you mean to pass `assign=True` to assign items in the state dictionary to their corresponding key in the module instead of copying them in place?)
  warnings.warn(
/opt/conda/envs/diffsensei/lib/python3.11/site-packages/torch/nn/modules/module.py:2400: UserWarning: for layer4.1.bn2.weight: copying from a non-meta parameter in the checkpoint to a meta parameter in the current model, which is a no-op. (Did you mean to pass `assign=True` to assign items in the state dictionary to their corresponding key in the module instead of copying them in place?)
  warnings.warn(
/opt/conda/envs/diffsensei/lib/python3.11/site-packages/torch/nn/modules/module.py:2400: UserWarning: for layer4.1.bn2.bias: copying from a non-meta parameter in the checkpoint to a meta parameter in the current model, which is a no-op. (Did you mean to pass `assign=True` to assign items in the state dictionary to their corresponding key in the module instead of copying them in place?)
  warnings.warn(
/opt/conda/envs/diffsensei/lib/python3.11/site-packages/torch/nn/modules/module.py:2400: UserWarning: for layer4.1.conv3.weight: copying from a non-meta parameter in the checkpoint to a meta parameter in the current model, which is a no-op. (Did you mean to pass `assign=True` to assign items in the state dictionary to their corresponding key in the module instead of copying them in place?)
  warnings.warn(
/opt/conda/envs/diffsensei/lib/python3.11/site-packages/torch/nn/modules/module.py:2400: UserWarning: for layer4.1.bn3.weight: copying from a non-meta parameter in the checkpoint to a meta parameter in the current model, which is a no-op. (Did you mean to pass `assign=True` to assign items in the state dictionary to their corresponding key in the module instead of copying them in place?)
  warnings.warn(
/opt/conda/envs/diffsensei/lib/python3.11/site-packages/torch/nn/modules/module.py:2400: UserWarning: for layer4.1.bn3.bias: copying from a non-meta parameter in the checkpoint to a meta parameter in the current model, which is a no-op. (Did you mean to pass `assign=True` to assign items in the state dictionary to their corresponding key in the module instead of copying them in place?)
  warnings.warn(
/opt/conda/envs/diffsensei/lib/python3.11/site-packages/torch/nn/modules/module.py:2400: UserWarning: for layer4.2.conv1.weight: copying from a non-meta parameter in the checkpoint to a meta parameter in the current model, which is a no-op. (Did you mean to pass `assign=True` to assign items in the state dictionary to their corresponding key in the module instead of copying them in place?)
  warnings.warn(
/opt/conda/envs/diffsensei/lib/python3.11/site-packages/torch/nn/modules/module.py:2400: UserWarning: for layer4.2.bn1.weight: copying from a non-meta parameter in the checkpoint to a meta parameter in the current model, which is a no-op. (Did you mean to pass `assign=True` to assign items in the state dictionary to their corresponding key in the module instead of copying them in place?)
  warnings.warn(
/opt/conda/envs/diffsensei/lib/python3.11/site-packages/torch/nn/modules/module.py:2400: UserWarning: for layer4.2.bn1.bias: copying from a non-meta parameter in the checkpoint to a meta parameter in the current model, which is a no-op. (Did you mean to pass `assign=True` to assign items in the state dictionary to their corresponding key in the module instead of copying them in place?)
  warnings.warn(
/opt/conda/envs/diffsensei/lib/python3.11/site-packages/torch/nn/modules/module.py:2400: UserWarning: for layer4.2.conv2.weight: copying from a non-meta parameter in the checkpoint to a meta parameter in the current model, which is a no-op. (Did you mean to pass `assign=True` to assign items in the state dictionary to their corresponding key in the module instead of copying them in place?)
  warnings.warn(
/opt/conda/envs/diffsensei/lib/python3.11/site-packages/torch/nn/modules/module.py:2400: UserWarning: for layer4.2.bn2.weight: copying from a non-meta parameter in the checkpoint to a meta parameter in the current model, which is a no-op. (Did you mean to pass `assign=True` to assign items in the state dictionary to their corresponding key in the module instead of copying them in place?)
  warnings.warn(
/opt/conda/envs/diffsensei/lib/python3.11/site-packages/torch/nn/modules/module.py:2400: UserWarning: for layer4.2.bn2.bias: copying from a non-meta parameter in the checkpoint to a meta parameter in the current model, which is a no-op. (Did you mean to pass `assign=True` to assign items in the state dictionary to their corresponding key in the module instead of copying them in place?)
  warnings.warn(
/opt/conda/envs/diffsensei/lib/python3.11/site-packages/torch/nn/modules/module.py:2400: UserWarning: for layer4.2.conv3.weight: copying from a non-meta parameter in the checkpoint to a meta parameter in the current model, which is a no-op. (Did you mean to pass `assign=True` to assign items in the state dictionary to their corresponding key in the module instead of copying them in place?)
  warnings.warn(
/opt/conda/envs/diffsensei/lib/python3.11/site-packages/torch/nn/modules/module.py:2400: UserWarning: for layer4.2.bn3.weight: copying from a non-meta parameter in the checkpoint to a meta parameter in the current model, which is a no-op. (Did you mean to pass `assign=True` to assign items in the state dictionary to their corresponding key in the module instead of copying them in place?)
  warnings.warn(
/opt/conda/envs/diffsensei/lib/python3.11/site-packages/torch/nn/modules/module.py:2400: UserWarning: for layer4.2.bn3.bias: copying from a non-meta parameter in the checkpoint to a meta parameter in the current model, which is a no-op. (Did you mean to pass `assign=True` to assign items in the state dictionary to their corresponding key in the module instead of copying them in place?)
  warnings.warn(
Config of the encoder: <class 'transformers.models.vit.modeling_vit.ViTModel'> is overwritten by shared encoder config: ViTConfig {
  "attention_probs_dropout_prob": 0.0,
  "encoder_stride": 16,
  "hidden_act": "gelu",
  "hidden_dropout_prob": 0.0,
  "hidden_size": 768,
  "image_size": 384,
  "initializer_range": 0.02,
  "intermediate_size": 3072,
  "layer_norm_eps": 1e-12,
  "model_type": "vit",
  "num_attention_heads": 12,
  "num_channels": 3,
  "num_hidden_layers": 12,
  "patch_size": 16,
  "pooler_act": "tanh",
  "pooler_output_size": 768,
  "qkv_bias": false,
  "transformers_version": "4.51.3"
}

Config of the decoder: <class 'transformers.models.trocr.modeling_trocr.TrOCRForCausalLM'> is overwritten by shared decoder config: TrOCRConfig {
  "activation_dropout": 0.0,
  "activation_function": "gelu",
  "add_cross_attention": true,
  "attention_dropout": 0.0,
  "bos_token_id": 0,
  "classifier_dropout": 0.0,
  "cross_attention_hidden_size": 768,
  "d_model": 1024,
  "decoder_attention_heads": 16,
  "decoder_ffn_dim": 4096,
  "decoder_layerdrop": 0.0,
  "decoder_layers": 12,
  "decoder_start_token_id": 2,
  "dropout": 0.1,
  "eos_token_id": 2,
  "init_std": 0.02,
  "is_decoder": true,
  "layernorm_embedding": true,
  "max_position_embeddings": 512,
  "model_type": "trocr",
  "pad_token_id": 1,
  "scale_embedding": false,
  "transformers_version": "4.51.3",
  "use_cache": false,
  "use_learned_position_embeddings": true,
  "vocab_size": 50265
}

/opt/conda/envs/diffsensei/lib/python3.11/site-packages/torch/nn/modules/module.py:2400: UserWarning: for conv1.weight: copying from a non-meta parameter in the checkpoint to a meta parameter in the current model, which is a no-op. (Did you mean to pass `assign=True` to assign items in the state dictionary to their corresponding key in the module instead of copying them in place?)
  warnings.warn(
/opt/conda/envs/diffsensei/lib/python3.11/site-packages/torch/nn/modules/module.py:2400: UserWarning: for bn1.weight: copying from a non-meta parameter in the checkpoint to a meta parameter in the current model, which is a no-op. (Did you mean to pass `assign=True` to assign items in the state dictionary to their corresponding key in the module instead of copying them in place?)
  warnings.warn(
/opt/conda/envs/diffsensei/lib/python3.11/site-packages/torch/nn/modules/module.py:2400: UserWarning: for bn1.bias: copying from a non-meta parameter in the checkpoint to a meta parameter in the current model, which is a no-op. (Did you mean to pass `assign=True` to assign items in the state dictionary to their corresponding key in the module instead of copying them in place?)
  warnings.warn(
/opt/conda/envs/diffsensei/lib/python3.11/site-packages/torch/nn/modules/module.py:2400: UserWarning: for layer1.0.conv1.weight: copying from a non-meta parameter in the checkpoint to a meta parameter in the current model, which is a no-op. (Did you mean to pass `assign=True` to assign items in the state dictionary to their corresponding key in the module instead of copying them in place?)
  warnings.warn(
/opt/conda/envs/diffsensei/lib/python3.11/site-packages/torch/nn/modules/module.py:2400: UserWarning: for layer1.0.bn1.weight: copying from a non-meta parameter in the checkpoint to a meta parameter in the current model, which is a no-op. (Did you mean to pass `assign=True` to assign items in the state dictionary to their corresponding key in the module instead of copying them in place?)
  warnings.warn(
/opt/conda/envs/diffsensei/lib/python3.11/site-packages/torch/nn/modules/module.py:2400: UserWarning: for layer1.0.bn1.bias: copying from a non-meta parameter in the checkpoint to a meta parameter in the current model, which is a no-op. (Did you mean to pass `assign=True` to assign items in the state dictionary to their corresponding key in the module instead of copying them in place?)
  warnings.warn(
/opt/conda/envs/diffsensei/lib/python3.11/site-packages/torch/nn/modules/module.py:2400: UserWarning: for layer1.0.conv2.weight: copying from a non-meta parameter in the checkpoint to a meta parameter in the current model, which is a no-op. (Did you mean to pass `assign=True` to assign items in the state dictionary to their corresponding key in the module instead of copying them in place?)
  warnings.warn(
/opt/conda/envs/diffsensei/lib/python3.11/site-packages/torch/nn/modules/module.py:2400: UserWarning: for layer1.0.bn2.weight: copying from a non-meta parameter in the checkpoint to a meta parameter in the current model, which is a no-op. (Did you mean to pass `assign=True` to assign items in the state dictionary to their corresponding key in the module instead of copying them in place?)
  warnings.warn(
/opt/conda/envs/diffsensei/lib/python3.11/site-packages/torch/nn/modules/module.py:2400: UserWarning: for layer1.0.bn2.bias: copying from a non-meta parameter in the checkpoint to a meta parameter in the current model, which is a no-op. (Did you mean to pass `assign=True` to assign items in the state dictionary to their corresponding key in the module instead of copying them in place?)
  warnings.warn(
/opt/conda/envs/diffsensei/lib/python3.11/site-packages/torch/nn/modules/module.py:2400: UserWarning: for layer1.0.conv3.weight: copying from a non-meta parameter in the checkpoint to a meta parameter in the current model, which is a no-op. (Did you mean to pass `assign=True` to assign items in the state dictionary to their corresponding key in the module instead of copying them in place?)
  warnings.warn(
/opt/conda/envs/diffsensei/lib/python3.11/site-packages/torch/nn/modules/module.py:2400: UserWarning: for layer1.0.bn3.weight: copying from a non-meta parameter in the checkpoint to a meta parameter in the current model, which is a no-op. (Did you mean to pass `assign=True` to assign items in the state dictionary to their corresponding key in the module instead of copying them in place?)
  warnings.warn(
/opt/conda/envs/diffsensei/lib/python3.11/site-packages/torch/nn/modules/module.py:2400: UserWarning: for layer1.0.bn3.bias: copying from a non-meta parameter in the checkpoint to a meta parameter in the current model, which is a no-op. (Did you mean to pass `assign=True` to assign items in the state dictionary to their corresponding key in the module instead of copying them in place?)
  warnings.warn(
/opt/conda/envs/diffsensei/lib/python3.11/site-packages/torch/nn/modules/module.py:2400: UserWarning: for layer1.0.downsample.0.weight: copying from a non-meta parameter in the checkpoint to a meta parameter in the current model, which is a no-op. (Did you mean to pass `assign=True` to assign items in the state dictionary to their corresponding key in the module instead of copying them in place?)
  warnings.warn(
/opt/conda/envs/diffsensei/lib/python3.11/site-packages/torch/nn/modules/module.py:2400: UserWarning: for layer1.0.downsample.1.weight: copying from a non-meta parameter in the checkpoint to a meta parameter in the current model, which is a no-op. (Did you mean to pass `assign=True` to assign items in the state dictionary to their corresponding key in the module instead of copying them in place?)
  warnings.warn(
/opt/conda/envs/diffsensei/lib/python3.11/site-packages/torch/nn/modules/module.py:2400: UserWarning: for layer1.0.downsample.1.bias: copying from a non-meta parameter in the checkpoint to a meta parameter in the current model, which is a no-op. (Did you mean to pass `assign=True` to assign items in the state dictionary to their corresponding key in the module instead of copying them in place?)
  warnings.warn(
/opt/conda/envs/diffsensei/lib/python3.11/site-packages/torch/nn/modules/module.py:2400: UserWarning: for layer1.1.conv1.weight: copying from a non-meta parameter in the checkpoint to a meta parameter in the current model, which is a no-op. (Did you mean to pass `assign=True` to assign items in the state dictionary to their corresponding key in the module instead of copying them in place?)
  warnings.warn(
/opt/conda/envs/diffsensei/lib/python3.11/site-packages/torch/nn/modules/module.py:2400: UserWarning: for layer1.1.bn1.weight: copying from a non-meta parameter in the checkpoint to a meta parameter in the current model, which is a no-op. (Did you mean to pass `assign=True` to assign items in the state dictionary to their corresponding key in the module instead of copying them in place?)
  warnings.warn(
/opt/conda/envs/diffsensei/lib/python3.11/site-packages/torch/nn/modules/module.py:2400: UserWarning: for layer1.1.bn1.bias: copying from a non-meta parameter in the checkpoint to a meta parameter in the current model, which is a no-op. (Did you mean to pass `assign=True` to assign items in the state dictionary to their corresponding key in the module instead of copying them in place?)
  warnings.warn(
/opt/conda/envs/diffsensei/lib/python3.11/site-packages/torch/nn/modules/module.py:2400: UserWarning: for layer1.1.conv2.weight: copying from a non-meta parameter in the checkpoint to a meta parameter in the current model, which is a no-op. (Did you mean to pass `assign=True` to assign items in the state dictionary to their corresponding key in the module instead of copying them in place?)
  warnings.warn(
/opt/conda/envs/diffsensei/lib/python3.11/site-packages/torch/nn/modules/module.py:2400: UserWarning: for layer1.1.bn2.weight: copying from a non-meta parameter in the checkpoint to a meta parameter in the current model, which is a no-op. (Did you mean to pass `assign=True` to assign items in the state dictionary to their corresponding key in the module instead of copying them in place?)
  warnings.warn(
/opt/conda/envs/diffsensei/lib/python3.11/site-packages/torch/nn/modules/module.py:2400: UserWarning: for layer1.1.bn2.bias: copying from a non-meta parameter in the checkpoint to a meta parameter in the current model, which is a no-op. (Did you mean to pass `assign=True` to assign items in the state dictionary to their corresponding key in the module instead of copying them in place?)
  warnings.warn(
/opt/conda/envs/diffsensei/lib/python3.11/site-packages/torch/nn/modules/module.py:2400: UserWarning: for layer1.1.conv3.weight: copying from a non-meta parameter in the checkpoint to a meta parameter in the current model, which is a no-op. (Did you mean to pass `assign=True` to assign items in the state dictionary to their corresponding key in the module instead of copying them in place?)
  warnings.warn(
/opt/conda/envs/diffsensei/lib/python3.11/site-packages/torch/nn/modules/module.py:2400: UserWarning: for layer1.1.bn3.weight: copying from a non-meta parameter in the checkpoint to a meta parameter in the current model, which is a no-op. (Did you mean to pass `assign=True` to assign items in the state dictionary to their corresponding key in the module instead of copying them in place?)
  warnings.warn(
/opt/conda/envs/diffsensei/lib/python3.11/site-packages/torch/nn/modules/module.py:2400: UserWarning: for layer1.1.bn3.bias: copying from a non-meta parameter in the checkpoint to a meta parameter in the current model, which is a no-op. (Did you mean to pass `assign=True` to assign items in the state dictionary to their corresponding key in the module instead of copying them in place?)
  warnings.warn(
/opt/conda/envs/diffsensei/lib/python3.11/site-packages/torch/nn/modules/module.py:2400: UserWarning: for layer1.2.conv1.weight: copying from a non-meta parameter in the checkpoint to a meta parameter in the current model, which is a no-op. (Did you mean to pass `assign=True` to assign items in the state dictionary to their corresponding key in the module instead of copying them in place?)
  warnings.warn(
/opt/conda/envs/diffsensei/lib/python3.11/site-packages/torch/nn/modules/module.py:2400: UserWarning: for layer1.2.bn1.weight: copying from a non-meta parameter in the checkpoint to a meta parameter in the current model, which is a no-op. (Did you mean to pass `assign=True` to assign items in the state dictionary to their corresponding key in the module instead of copying them in place?)
  warnings.warn(
/opt/conda/envs/diffsensei/lib/python3.11/site-packages/torch/nn/modules/module.py:2400: UserWarning: for layer1.2.bn1.bias: copying from a non-meta parameter in the checkpoint to a meta parameter in the current model, which is a no-op. (Did you mean to pass `assign=True` to assign items in the state dictionary to their corresponding key in the module instead of copying them in place?)
  warnings.warn(
/opt/conda/envs/diffsensei/lib/python3.11/site-packages/torch/nn/modules/module.py:2400: UserWarning: for layer1.2.conv2.weight: copying from a non-meta parameter in the checkpoint to a meta parameter in the current model, which is a no-op. (Did you mean to pass `assign=True` to assign items in the state dictionary to their corresponding key in the module instead of copying them in place?)
  warnings.warn(
/opt/conda/envs/diffsensei/lib/python3.11/site-packages/torch/nn/modules/module.py:2400: UserWarning: for layer1.2.bn2.weight: copying from a non-meta parameter in the checkpoint to a meta parameter in the current model, which is a no-op. (Did you mean to pass `assign=True` to assign items in the state dictionary to their corresponding key in the module instead of copying them in place?)
  warnings.warn(
/opt/conda/envs/diffsensei/lib/python3.11/site-packages/torch/nn/modules/module.py:2400: UserWarning: for layer1.2.bn2.bias: copying from a non-meta parameter in the checkpoint to a meta parameter in the current model, which is a no-op. (Did you mean to pass `assign=True` to assign items in the state dictionary to their corresponding key in the module instead of copying them in place?)
  warnings.warn(
/opt/conda/envs/diffsensei/lib/python3.11/site-packages/torch/nn/modules/module.py:2400: UserWarning: for layer1.2.conv3.weight: copying from a non-meta parameter in the checkpoint to a meta parameter in the current model, which is a no-op. (Did you mean to pass `assign=True` to assign items in the state dictionary to their corresponding key in the module instead of copying them in place?)
  warnings.warn(
/opt/conda/envs/diffsensei/lib/python3.11/site-packages/torch/nn/modules/module.py:2400: UserWarning: for layer1.2.bn3.weight: copying from a non-meta parameter in the checkpoint to a meta parameter in the current model, which is a no-op. (Did you mean to pass `assign=True` to assign items in the state dictionary to their corresponding key in the module instead of copying them in place?)
  warnings.warn(
/opt/conda/envs/diffsensei/lib/python3.11/site-packages/torch/nn/modules/module.py:2400: UserWarning: for layer1.2.bn3.bias: copying from a non-meta parameter in the checkpoint to a meta parameter in the current model, which is a no-op. (Did you mean to pass `assign=True` to assign items in the state dictionary to their corresponding key in the module instead of copying them in place?)
  warnings.warn(
/opt/conda/envs/diffsensei/lib/python3.11/site-packages/torch/nn/modules/module.py:2400: UserWarning: for layer2.0.conv1.weight: copying from a non-meta parameter in the checkpoint to a meta parameter in the current model, which is a no-op. (Did you mean to pass `assign=True` to assign items in the state dictionary to their corresponding key in the module instead of copying them in place?)
  warnings.warn(
/opt/conda/envs/diffsensei/lib/python3.11/site-packages/torch/nn/modules/module.py:2400: UserWarning: for layer2.0.bn1.weight: copying from a non-meta parameter in the checkpoint to a meta parameter in the current model, which is a no-op. (Did you mean to pass `assign=True` to assign items in the state dictionary to their corresponding key in the module instead of copying them in place?)
  warnings.warn(
/opt/conda/envs/diffsensei/lib/python3.11/site-packages/torch/nn/modules/module.py:2400: UserWarning: for layer2.0.bn1.bias: copying from a non-meta parameter in the checkpoint to a meta parameter in the current model, which is a no-op. (Did you mean to pass `assign=True` to assign items in the state dictionary to their corresponding key in the module instead of copying them in place?)
  warnings.warn(
/opt/conda/envs/diffsensei/lib/python3.11/site-packages/torch/nn/modules/module.py:2400: UserWarning: for layer2.0.conv2.weight: copying from a non-meta parameter in the checkpoint to a meta parameter in the current model, which is a no-op. (Did you mean to pass `assign=True` to assign items in the state dictionary to their corresponding key in the module instead of copying them in place?)
  warnings.warn(
/opt/conda/envs/diffsensei/lib/python3.11/site-packages/torch/nn/modules/module.py:2400: UserWarning: for layer2.0.bn2.weight: copying from a non-meta parameter in the checkpoint to a meta parameter in the current model, which is a no-op. (Did you mean to pass `assign=True` to assign items in the state dictionary to their corresponding key in the module instead of copying them in place?)
  warnings.warn(
/opt/conda/envs/diffsensei/lib/python3.11/site-packages/torch/nn/modules/module.py:2400: UserWarning: for layer2.0.bn2.bias: copying from a non-meta parameter in the checkpoint to a meta parameter in the current model, which is a no-op. (Did you mean to pass `assign=True` to assign items in the state dictionary to their corresponding key in the module instead of copying them in place?)
  warnings.warn(
/opt/conda/envs/diffsensei/lib/python3.11/site-packages/torch/nn/modules/module.py:2400: UserWarning: for layer2.0.conv3.weight: copying from a non-meta parameter in the checkpoint to a meta parameter in the current model, which is a no-op. (Did you mean to pass `assign=True` to assign items in the state dictionary to their corresponding key in the module instead of copying them in place?)
  warnings.warn(
/opt/conda/envs/diffsensei/lib/python3.11/site-packages/torch/nn/modules/module.py:2400: UserWarning: for layer2.0.bn3.weight: copying from a non-meta parameter in the checkpoint to a meta parameter in the current model, which is a no-op. (Did you mean to pass `assign=True` to assign items in the state dictionary to their corresponding key in the module instead of copying them in place?)
  warnings.warn(
/opt/conda/envs/diffsensei/lib/python3.11/site-packages/torch/nn/modules/module.py:2400: UserWarning: for layer2.0.bn3.bias: copying from a non-meta parameter in the checkpoint to a meta parameter in the current model, which is a no-op. (Did you mean to pass `assign=True` to assign items in the state dictionary to their corresponding key in the module instead of copying them in place?)
  warnings.warn(
/opt/conda/envs/diffsensei/lib/python3.11/site-packages/torch/nn/modules/module.py:2400: UserWarning: for layer2.0.downsample.0.weight: copying from a non-meta parameter in the checkpoint to a meta parameter in the current model, which is a no-op. (Did you mean to pass `assign=True` to assign items in the state dictionary to their corresponding key in the module instead of copying them in place?)
  warnings.warn(
/opt/conda/envs/diffsensei/lib/python3.11/site-packages/torch/nn/modules/module.py:2400: UserWarning: for layer2.0.downsample.1.weight: copying from a non-meta parameter in the checkpoint to a meta parameter in the current model, which is a no-op. (Did you mean to pass `assign=True` to assign items in the state dictionary to their corresponding key in the module instead of copying them in place?)
  warnings.warn(
/opt/conda/envs/diffsensei/lib/python3.11/site-packages/torch/nn/modules/module.py:2400: UserWarning: for layer2.0.downsample.1.bias: copying from a non-meta parameter in the checkpoint to a meta parameter in the current model, which is a no-op. (Did you mean to pass `assign=True` to assign items in the state dictionary to their corresponding key in the module instead of copying them in place?)
  warnings.warn(
/opt/conda/envs/diffsensei/lib/python3.11/site-packages/torch/nn/modules/module.py:2400: UserWarning: for layer2.1.conv1.weight: copying from a non-meta parameter in the checkpoint to a meta parameter in the current model, which is a no-op. (Did you mean to pass `assign=True` to assign items in the state dictionary to their corresponding key in the module instead of copying them in place?)
  warnings.warn(
/opt/conda/envs/diffsensei/lib/python3.11/site-packages/torch/nn/modules/module.py:2400: UserWarning: for layer2.1.bn1.weight: copying from a non-meta parameter in the checkpoint to a meta parameter in the current model, which is a no-op. (Did you mean to pass `assign=True` to assign items in the state dictionary to their corresponding key in the module instead of copying them in place?)
  warnings.warn(
/opt/conda/envs/diffsensei/lib/python3.11/site-packages/torch/nn/modules/module.py:2400: UserWarning: for layer2.1.bn1.bias: copying from a non-meta parameter in the checkpoint to a meta parameter in the current model, which is a no-op. (Did you mean to pass `assign=True` to assign items in the state dictionary to their corresponding key in the module instead of copying them in place?)
  warnings.warn(
/opt/conda/envs/diffsensei/lib/python3.11/site-packages/torch/nn/modules/module.py:2400: UserWarning: for layer2.1.conv2.weight: copying from a non-meta parameter in the checkpoint to a meta parameter in the current model, which is a no-op. (Did you mean to pass `assign=True` to assign items in the state dictionary to their corresponding key in the module instead of copying them in place?)
  warnings.warn(
/opt/conda/envs/diffsensei/lib/python3.11/site-packages/torch/nn/modules/module.py:2400: UserWarning: for layer2.1.bn2.weight: copying from a non-meta parameter in the checkpoint to a meta parameter in the current model, which is a no-op. (Did you mean to pass `assign=True` to assign items in the state dictionary to their corresponding key in the module instead of copying them in place?)
  warnings.warn(
/opt/conda/envs/diffsensei/lib/python3.11/site-packages/torch/nn/modules/module.py:2400: UserWarning: for layer2.1.bn2.bias: copying from a non-meta parameter in the checkpoint to a meta parameter in the current model, which is a no-op. (Did you mean to pass `assign=True` to assign items in the state dictionary to their corresponding key in the module instead of copying them in place?)
  warnings.warn(
/opt/conda/envs/diffsensei/lib/python3.11/site-packages/torch/nn/modules/module.py:2400: UserWarning: for layer2.1.conv3.weight: copying from a non-meta parameter in the checkpoint to a meta parameter in the current model, which is a no-op. (Did you mean to pass `assign=True` to assign items in the state dictionary to their corresponding key in the module instead of copying them in place?)
  warnings.warn(
/opt/conda/envs/diffsensei/lib/python3.11/site-packages/torch/nn/modules/module.py:2400: UserWarning: for layer2.1.bn3.weight: copying from a non-meta parameter in the checkpoint to a meta parameter in the current model, which is a no-op. (Did you mean to pass `assign=True` to assign items in the state dictionary to their corresponding key in the module instead of copying them in place?)
  warnings.warn(
/opt/conda/envs/diffsensei/lib/python3.11/site-packages/torch/nn/modules/module.py:2400: UserWarning: for layer2.1.bn3.bias: copying from a non-meta parameter in the checkpoint to a meta parameter in the current model, which is a no-op. (Did you mean to pass `assign=True` to assign items in the state dictionary to their corresponding key in the module instead of copying them in place?)
  warnings.warn(
/opt/conda/envs/diffsensei/lib/python3.11/site-packages/torch/nn/modules/module.py:2400: UserWarning: for layer2.2.conv1.weight: copying from a non-meta parameter in the checkpoint to a meta parameter in the current model, which is a no-op. (Did you mean to pass `assign=True` to assign items in the state dictionary to their corresponding key in the module instead of copying them in place?)
  warnings.warn(
/opt/conda/envs/diffsensei/lib/python3.11/site-packages/torch/nn/modules/module.py:2400: UserWarning: for layer2.2.bn1.weight: copying from a non-meta parameter in the checkpoint to a meta parameter in the current model, which is a no-op. (Did you mean to pass `assign=True` to assign items in the state dictionary to their corresponding key in the module instead of copying them in place?)
  warnings.warn(
/opt/conda/envs/diffsensei/lib/python3.11/site-packages/torch/nn/modules/module.py:2400: UserWarning: for layer2.2.bn1.bias: copying from a non-meta parameter in the checkpoint to a meta parameter in the current model, which is a no-op. (Did you mean to pass `assign=True` to assign items in the state dictionary to their corresponding key in the module instead of copying them in place?)
  warnings.warn(
/opt/conda/envs/diffsensei/lib/python3.11/site-packages/torch/nn/modules/module.py:2400: UserWarning: for layer2.2.conv2.weight: copying from a non-meta parameter in the checkpoint to a meta parameter in the current model, which is a no-op. (Did you mean to pass `assign=True` to assign items in the state dictionary to their corresponding key in the module instead of copying them in place?)
  warnings.warn(
/opt/conda/envs/diffsensei/lib/python3.11/site-packages/torch/nn/modules/module.py:2400: UserWarning: for layer2.2.bn2.weight: copying from a non-meta parameter in the checkpoint to a meta parameter in the current model, which is a no-op. (Did you mean to pass `assign=True` to assign items in the state dictionary to their corresponding key in the module instead of copying them in place?)
  warnings.warn(
/opt/conda/envs/diffsensei/lib/python3.11/site-packages/torch/nn/modules/module.py:2400: UserWarning: for layer2.2.bn2.bias: copying from a non-meta parameter in the checkpoint to a meta parameter in the current model, which is a no-op. (Did you mean to pass `assign=True` to assign items in the state dictionary to their corresponding key in the module instead of copying them in place?)
  warnings.warn(
/opt/conda/envs/diffsensei/lib/python3.11/site-packages/torch/nn/modules/module.py:2400: UserWarning: for layer2.2.conv3.weight: copying from a non-meta parameter in the checkpoint to a meta parameter in the current model, which is a no-op. (Did you mean to pass `assign=True` to assign items in the state dictionary to their corresponding key in the module instead of copying them in place?)
  warnings.warn(
/opt/conda/envs/diffsensei/lib/python3.11/site-packages/torch/nn/modules/module.py:2400: UserWarning: for layer2.2.bn3.weight: copying from a non-meta parameter in the checkpoint to a meta parameter in the current model, which is a no-op. (Did you mean to pass `assign=True` to assign items in the state dictionary to their corresponding key in the module instead of copying them in place?)
  warnings.warn(
/opt/conda/envs/diffsensei/lib/python3.11/site-packages/torch/nn/modules/module.py:2400: UserWarning: for layer2.2.bn3.bias: copying from a non-meta parameter in the checkpoint to a meta parameter in the current model, which is a no-op. (Did you mean to pass `assign=True` to assign items in the state dictionary to their corresponding key in the module instead of copying them in place?)
  warnings.warn(
/opt/conda/envs/diffsensei/lib/python3.11/site-packages/torch/nn/modules/module.py:2400: UserWarning: for layer2.3.conv1.weight: copying from a non-meta parameter in the checkpoint to a meta parameter in the current model, which is a no-op. (Did you mean to pass `assign=True` to assign items in the state dictionary to their corresponding key in the module instead of copying them in place?)
  warnings.warn(
/opt/conda/envs/diffsensei/lib/python3.11/site-packages/torch/nn/modules/module.py:2400: UserWarning: for layer2.3.bn1.weight: copying from a non-meta parameter in the checkpoint to a meta parameter in the current model, which is a no-op. (Did you mean to pass `assign=True` to assign items in the state dictionary to their corresponding key in the module instead of copying them in place?)
  warnings.warn(
/opt/conda/envs/diffsensei/lib/python3.11/site-packages/torch/nn/modules/module.py:2400: UserWarning: for layer2.3.bn1.bias: copying from a non-meta parameter in the checkpoint to a meta parameter in the current model, which is a no-op. (Did you mean to pass `assign=True` to assign items in the state dictionary to their corresponding key in the module instead of copying them in place?)
  warnings.warn(
/opt/conda/envs/diffsensei/lib/python3.11/site-packages/torch/nn/modules/module.py:2400: UserWarning: for layer2.3.conv2.weight: copying from a non-meta parameter in the checkpoint to a meta parameter in the current model, which is a no-op. (Did you mean to pass `assign=True` to assign items in the state dictionary to their corresponding key in the module instead of copying them in place?)
  warnings.warn(
/opt/conda/envs/diffsensei/lib/python3.11/site-packages/torch/nn/modules/module.py:2400: UserWarning: for layer2.3.bn2.weight: copying from a non-meta parameter in the checkpoint to a meta parameter in the current model, which is a no-op. (Did you mean to pass `assign=True` to assign items in the state dictionary to their corresponding key in the module instead of copying them in place?)
  warnings.warn(
/opt/conda/envs/diffsensei/lib/python3.11/site-packages/torch/nn/modules/module.py:2400: UserWarning: for layer2.3.bn2.bias: copying from a non-meta parameter in the checkpoint to a meta parameter in the current model, which is a no-op. (Did you mean to pass `assign=True` to assign items in the state dictionary to their corresponding key in the module instead of copying them in place?)
  warnings.warn(
/opt/conda/envs/diffsensei/lib/python3.11/site-packages/torch/nn/modules/module.py:2400: UserWarning: for layer2.3.conv3.weight: copying from a non-meta parameter in the checkpoint to a meta parameter in the current model, which is a no-op. (Did you mean to pass `assign=True` to assign items in the state dictionary to their corresponding key in the module instead of copying them in place?)
  warnings.warn(
/opt/conda/envs/diffsensei/lib/python3.11/site-packages/torch/nn/modules/module.py:2400: UserWarning: for layer2.3.bn3.weight: copying from a non-meta parameter in the checkpoint to a meta parameter in the current model, which is a no-op. (Did you mean to pass `assign=True` to assign items in the state dictionary to their corresponding key in the module instead of copying them in place?)
  warnings.warn(
/opt/conda/envs/diffsensei/lib/python3.11/site-packages/torch/nn/modules/module.py:2400: UserWarning: for layer2.3.bn3.bias: copying from a non-meta parameter in the checkpoint to a meta parameter in the current model, which is a no-op. (Did you mean to pass `assign=True` to assign items in the state dictionary to their corresponding key in the module instead of copying them in place?)
  warnings.warn(
/opt/conda/envs/diffsensei/lib/python3.11/site-packages/torch/nn/modules/module.py:2400: UserWarning: for layer3.0.conv1.weight: copying from a non-meta parameter in the checkpoint to a meta parameter in the current model, which is a no-op. (Did you mean to pass `assign=True` to assign items in the state dictionary to their corresponding key in the module instead of copying them in place?)
  warnings.warn(
/opt/conda/envs/diffsensei/lib/python3.11/site-packages/torch/nn/modules/module.py:2400: UserWarning: for layer3.0.bn1.weight: copying from a non-meta parameter in the checkpoint to a meta parameter in the current model, which is a no-op. (Did you mean to pass `assign=True` to assign items in the state dictionary to their corresponding key in the module instead of copying them in place?)
  warnings.warn(
/opt/conda/envs/diffsensei/lib/python3.11/site-packages/torch/nn/modules/module.py:2400: UserWarning: for layer3.0.bn1.bias: copying from a non-meta parameter in the checkpoint to a meta parameter in the current model, which is a no-op. (Did you mean to pass `assign=True` to assign items in the state dictionary to their corresponding key in the module instead of copying them in place?)
  warnings.warn(
/opt/conda/envs/diffsensei/lib/python3.11/site-packages/torch/nn/modules/module.py:2400: UserWarning: for layer3.0.conv2.weight: copying from a non-meta parameter in the checkpoint to a meta parameter in the current model, which is a no-op. (Did you mean to pass `assign=True` to assign items in the state dictionary to their corresponding key in the module instead of copying them in place?)
  warnings.warn(
/opt/conda/envs/diffsensei/lib/python3.11/site-packages/torch/nn/modules/module.py:2400: UserWarning: for layer3.0.bn2.weight: copying from a non-meta parameter in the checkpoint to a meta parameter in the current model, which is a no-op. (Did you mean to pass `assign=True` to assign items in the state dictionary to their corresponding key in the module instead of copying them in place?)
  warnings.warn(
/opt/conda/envs/diffsensei/lib/python3.11/site-packages/torch/nn/modules/module.py:2400: UserWarning: for layer3.0.bn2.bias: copying from a non-meta parameter in the checkpoint to a meta parameter in the current model, which is a no-op. (Did you mean to pass `assign=True` to assign items in the state dictionary to their corresponding key in the module instead of copying them in place?)
  warnings.warn(
/opt/conda/envs/diffsensei/lib/python3.11/site-packages/torch/nn/modules/module.py:2400: UserWarning: for layer3.0.conv3.weight: copying from a non-meta parameter in the checkpoint to a meta parameter in the current model, which is a no-op. (Did you mean to pass `assign=True` to assign items in the state dictionary to their corresponding key in the module instead of copying them in place?)
  warnings.warn(
/opt/conda/envs/diffsensei/lib/python3.11/site-packages/torch/nn/modules/module.py:2400: UserWarning: for layer3.0.bn3.weight: copying from a non-meta parameter in the checkpoint to a meta parameter in the current model, which is a no-op. (Did you mean to pass `assign=True` to assign items in the state dictionary to their corresponding key in the module instead of copying them in place?)
  warnings.warn(
/opt/conda/envs/diffsensei/lib/python3.11/site-packages/torch/nn/modules/module.py:2400: UserWarning: for layer3.0.bn3.bias: copying from a non-meta parameter in the checkpoint to a meta parameter in the current model, which is a no-op. (Did you mean to pass `assign=True` to assign items in the state dictionary to their corresponding key in the module instead of copying them in place?)
  warnings.warn(
/opt/conda/envs/diffsensei/lib/python3.11/site-packages/torch/nn/modules/module.py:2400: UserWarning: for layer3.0.downsample.0.weight: copying from a non-meta parameter in the checkpoint to a meta parameter in the current model, which is a no-op. (Did you mean to pass `assign=True` to assign items in the state dictionary to their corresponding key in the module instead of copying them in place?)
  warnings.warn(
/opt/conda/envs/diffsensei/lib/python3.11/site-packages/torch/nn/modules/module.py:2400: UserWarning: for layer3.0.downsample.1.weight: copying from a non-meta parameter in the checkpoint to a meta parameter in the current model, which is a no-op. (Did you mean to pass `assign=True` to assign items in the state dictionary to their corresponding key in the module instead of copying them in place?)
  warnings.warn(
/opt/conda/envs/diffsensei/lib/python3.11/site-packages/torch/nn/modules/module.py:2400: UserWarning: for layer3.0.downsample.1.bias: copying from a non-meta parameter in the checkpoint to a meta parameter in the current model, which is a no-op. (Did you mean to pass `assign=True` to assign items in the state dictionary to their corresponding key in the module instead of copying them in place?)
  warnings.warn(
/opt/conda/envs/diffsensei/lib/python3.11/site-packages/torch/nn/modules/module.py:2400: UserWarning: for layer3.1.conv1.weight: copying from a non-meta parameter in the checkpoint to a meta parameter in the current model, which is a no-op. (Did you mean to pass `assign=True` to assign items in the state dictionary to their corresponding key in the module instead of copying them in place?)
  warnings.warn(
/opt/conda/envs/diffsensei/lib/python3.11/site-packages/torch/nn/modules/module.py:2400: UserWarning: for layer3.1.bn1.weight: copying from a non-meta parameter in the checkpoint to a meta parameter in the current model, which is a no-op. (Did you mean to pass `assign=True` to assign items in the state dictionary to their corresponding key in the module instead of copying them in place?)
  warnings.warn(
/opt/conda/envs/diffsensei/lib/python3.11/site-packages/torch/nn/modules/module.py:2400: UserWarning: for layer3.1.bn1.bias: copying from a non-meta parameter in the checkpoint to a meta parameter in the current model, which is a no-op. (Did you mean to pass `assign=True` to assign items in the state dictionary to their corresponding key in the module instead of copying them in place?)
  warnings.warn(
/opt/conda/envs/diffsensei/lib/python3.11/site-packages/torch/nn/modules/module.py:2400: UserWarning: for layer3.1.conv2.weight: copying from a non-meta parameter in the checkpoint to a meta parameter in the current model, which is a no-op. (Did you mean to pass `assign=True` to assign items in the state dictionary to their corresponding key in the module instead of copying them in place?)
  warnings.warn(
/opt/conda/envs/diffsensei/lib/python3.11/site-packages/torch/nn/modules/module.py:2400: UserWarning: for layer3.1.bn2.weight: copying from a non-meta parameter in the checkpoint to a meta parameter in the current model, which is a no-op. (Did you mean to pass `assign=True` to assign items in the state dictionary to their corresponding key in the module instead of copying them in place?)
  warnings.warn(
/opt/conda/envs/diffsensei/lib/python3.11/site-packages/torch/nn/modules/module.py:2400: UserWarning: for layer3.1.bn2.bias: copying from a non-meta parameter in the checkpoint to a meta parameter in the current model, which is a no-op. (Did you mean to pass `assign=True` to assign items in the state dictionary to their corresponding key in the module instead of copying them in place?)
  warnings.warn(
/opt/conda/envs/diffsensei/lib/python3.11/site-packages/torch/nn/modules/module.py:2400: UserWarning: for layer3.1.conv3.weight: copying from a non-meta parameter in the checkpoint to a meta parameter in the current model, which is a no-op. (Did you mean to pass `assign=True` to assign items in the state dictionary to their corresponding key in the module instead of copying them in place?)
  warnings.warn(
/opt/conda/envs/diffsensei/lib/python3.11/site-packages/torch/nn/modules/module.py:2400: UserWarning: for layer3.1.bn3.weight: copying from a non-meta parameter in the checkpoint to a meta parameter in the current model, which is a no-op. (Did you mean to pass `assign=True` to assign items in the state dictionary to their corresponding key in the module instead of copying them in place?)
  warnings.warn(
/opt/conda/envs/diffsensei/lib/python3.11/site-packages/torch/nn/modules/module.py:2400: UserWarning: for layer3.1.bn3.bias: copying from a non-meta parameter in the checkpoint to a meta parameter in the current model, which is a no-op. (Did you mean to pass `assign=True` to assign items in the state dictionary to their corresponding key in the module instead of copying them in place?)
  warnings.warn(
/opt/conda/envs/diffsensei/lib/python3.11/site-packages/torch/nn/modules/module.py:2400: UserWarning: for layer3.2.conv1.weight: copying from a non-meta parameter in the checkpoint to a meta parameter in the current model, which is a no-op. (Did you mean to pass `assign=True` to assign items in the state dictionary to their corresponding key in the module instead of copying them in place?)
  warnings.warn(
/opt/conda/envs/diffsensei/lib/python3.11/site-packages/torch/nn/modules/module.py:2400: UserWarning: for layer3.2.bn1.weight: copying from a non-meta parameter in the checkpoint to a meta parameter in the current model, which is a no-op. (Did you mean to pass `assign=True` to assign items in the state dictionary to their corresponding key in the module instead of copying them in place?)
  warnings.warn(
/opt/conda/envs/diffsensei/lib/python3.11/site-packages/torch/nn/modules/module.py:2400: UserWarning: for layer3.2.bn1.bias: copying from a non-meta parameter in the checkpoint to a meta parameter in the current model, which is a no-op. (Did you mean to pass `assign=True` to assign items in the state dictionary to their corresponding key in the module instead of copying them in place?)
  warnings.warn(
/opt/conda/envs/diffsensei/lib/python3.11/site-packages/torch/nn/modules/module.py:2400: UserWarning: for layer3.2.conv2.weight: copying from a non-meta parameter in the checkpoint to a meta parameter in the current model, which is a no-op. (Did you mean to pass `assign=True` to assign items in the state dictionary to their corresponding key in the module instead of copying them in place?)
  warnings.warn(
/opt/conda/envs/diffsensei/lib/python3.11/site-packages/torch/nn/modules/module.py:2400: UserWarning: for layer3.2.bn2.weight: copying from a non-meta parameter in the checkpoint to a meta parameter in the current model, which is a no-op. (Did you mean to pass `assign=True` to assign items in the state dictionary to their corresponding key in the module instead of copying them in place?)
  warnings.warn(
/opt/conda/envs/diffsensei/lib/python3.11/site-packages/torch/nn/modules/module.py:2400: UserWarning: for layer3.2.bn2.bias: copying from a non-meta parameter in the checkpoint to a meta parameter in the current model, which is a no-op. (Did you mean to pass `assign=True` to assign items in the state dictionary to their corresponding key in the module instead of copying them in place?)
  warnings.warn(
/opt/conda/envs/diffsensei/lib/python3.11/site-packages/torch/nn/modules/module.py:2400: UserWarning: for layer3.2.conv3.weight: copying from a non-meta parameter in the checkpoint to a meta parameter in the current model, which is a no-op. (Did you mean to pass `assign=True` to assign items in the state dictionary to their corresponding key in the module instead of copying them in place?)
  warnings.warn(
/opt/conda/envs/diffsensei/lib/python3.11/site-packages/torch/nn/modules/module.py:2400: UserWarning: for layer3.2.bn3.weight: copying from a non-meta parameter in the checkpoint to a meta parameter in the current model, which is a no-op. (Did you mean to pass `assign=True` to assign items in the state dictionary to their corresponding key in the module instead of copying them in place?)
  warnings.warn(
/opt/conda/envs/diffsensei/lib/python3.11/site-packages/torch/nn/modules/module.py:2400: UserWarning: for layer3.2.bn3.bias: copying from a non-meta parameter in the checkpoint to a meta parameter in the current model, which is a no-op. (Did you mean to pass `assign=True` to assign items in the state dictionary to their corresponding key in the module instead of copying them in place?)
  warnings.warn(
/opt/conda/envs/diffsensei/lib/python3.11/site-packages/torch/nn/modules/module.py:2400: UserWarning: for layer3.3.conv1.weight: copying from a non-meta parameter in the checkpoint to a meta parameter in the current model, which is a no-op. (Did you mean to pass `assign=True` to assign items in the state dictionary to their corresponding key in the module instead of copying them in place?)
  warnings.warn(
/opt/conda/envs/diffsensei/lib/python3.11/site-packages/torch/nn/modules/module.py:2400: UserWarning: for layer3.3.bn1.weight: copying from a non-meta parameter in the checkpoint to a meta parameter in the current model, which is a no-op. (Did you mean to pass `assign=True` to assign items in the state dictionary to their corresponding key in the module instead of copying them in place?)
  warnings.warn(
/opt/conda/envs/diffsensei/lib/python3.11/site-packages/torch/nn/modules/module.py:2400: UserWarning: for layer3.3.bn1.bias: copying from a non-meta parameter in the checkpoint to a meta parameter in the current model, which is a no-op. (Did you mean to pass `assign=True` to assign items in the state dictionary to their corresponding key in the module instead of copying them in place?)
  warnings.warn(
/opt/conda/envs/diffsensei/lib/python3.11/site-packages/torch/nn/modules/module.py:2400: UserWarning: for layer3.3.conv2.weight: copying from a non-meta parameter in the checkpoint to a meta parameter in the current model, which is a no-op. (Did you mean to pass `assign=True` to assign items in the state dictionary to their corresponding key in the module instead of copying them in place?)
  warnings.warn(
/opt/conda/envs/diffsensei/lib/python3.11/site-packages/torch/nn/modules/module.py:2400: UserWarning: for layer3.3.bn2.weight: copying from a non-meta parameter in the checkpoint to a meta parameter in the current model, which is a no-op. (Did you mean to pass `assign=True` to assign items in the state dictionary to their corresponding key in the module instead of copying them in place?)
  warnings.warn(
/opt/conda/envs/diffsensei/lib/python3.11/site-packages/torch/nn/modules/module.py:2400: UserWarning: for layer3.3.bn2.bias: copying from a non-meta parameter in the checkpoint to a meta parameter in the current model, which is a no-op. (Did you mean to pass `assign=True` to assign items in the state dictionary to their corresponding key in the module instead of copying them in place?)
  warnings.warn(
/opt/conda/envs/diffsensei/lib/python3.11/site-packages/torch/nn/modules/module.py:2400: UserWarning: for layer3.3.conv3.weight: copying from a non-meta parameter in the checkpoint to a meta parameter in the current model, which is a no-op. (Did you mean to pass `assign=True` to assign items in the state dictionary to their corresponding key in the module instead of copying them in place?)
  warnings.warn(
/opt/conda/envs/diffsensei/lib/python3.11/site-packages/torch/nn/modules/module.py:2400: UserWarning: for layer3.3.bn3.weight: copying from a non-meta parameter in the checkpoint to a meta parameter in the current model, which is a no-op. (Did you mean to pass `assign=True` to assign items in the state dictionary to their corresponding key in the module instead of copying them in place?)
  warnings.warn(
/opt/conda/envs/diffsensei/lib/python3.11/site-packages/torch/nn/modules/module.py:2400: UserWarning: for layer3.3.bn3.bias: copying from a non-meta parameter in the checkpoint to a meta parameter in the current model, which is a no-op. (Did you mean to pass `assign=True` to assign items in the state dictionary to their corresponding key in the module instead of copying them in place?)
  warnings.warn(
/opt/conda/envs/diffsensei/lib/python3.11/site-packages/torch/nn/modules/module.py:2400: UserWarning: for layer3.4.conv1.weight: copying from a non-meta parameter in the checkpoint to a meta parameter in the current model, which is a no-op. (Did you mean to pass `assign=True` to assign items in the state dictionary to their corresponding key in the module instead of copying them in place?)
  warnings.warn(
/opt/conda/envs/diffsensei/lib/python3.11/site-packages/torch/nn/modules/module.py:2400: UserWarning: for layer3.4.bn1.weight: copying from a non-meta parameter in the checkpoint to a meta parameter in the current model, which is a no-op. (Did you mean to pass `assign=True` to assign items in the state dictionary to their corresponding key in the module instead of copying them in place?)
  warnings.warn(
/opt/conda/envs/diffsensei/lib/python3.11/site-packages/torch/nn/modules/module.py:2400: UserWarning: for layer3.4.bn1.bias: copying from a non-meta parameter in the checkpoint to a meta parameter in the current model, which is a no-op. (Did you mean to pass `assign=True` to assign items in the state dictionary to their corresponding key in the module instead of copying them in place?)
  warnings.warn(
/opt/conda/envs/diffsensei/lib/python3.11/site-packages/torch/nn/modules/module.py:2400: UserWarning: for layer3.4.conv2.weight: copying from a non-meta parameter in the checkpoint to a meta parameter in the current model, which is a no-op. (Did you mean to pass `assign=True` to assign items in the state dictionary to their corresponding key in the module instead of copying them in place?)
  warnings.warn(
/opt/conda/envs/diffsensei/lib/python3.11/site-packages/torch/nn/modules/module.py:2400: UserWarning: for layer3.4.bn2.weight: copying from a non-meta parameter in the checkpoint to a meta parameter in the current model, which is a no-op. (Did you mean to pass `assign=True` to assign items in the state dictionary to their corresponding key in the module instead of copying them in place?)
  warnings.warn(
/opt/conda/envs/diffsensei/lib/python3.11/site-packages/torch/nn/modules/module.py:2400: UserWarning: for layer3.4.bn2.bias: copying from a non-meta parameter in the checkpoint to a meta parameter in the current model, which is a no-op. (Did you mean to pass `assign=True` to assign items in the state dictionary to their corresponding key in the module instead of copying them in place?)
  warnings.warn(
/opt/conda/envs/diffsensei/lib/python3.11/site-packages/torch/nn/modules/module.py:2400: UserWarning: for layer3.4.conv3.weight: copying from a non-meta parameter in the checkpoint to a meta parameter in the current model, which is a no-op. (Did you mean to pass `assign=True` to assign items in the state dictionary to their corresponding key in the module instead of copying them in place?)
  warnings.warn(
/opt/conda/envs/diffsensei/lib/python3.11/site-packages/torch/nn/modules/module.py:2400: UserWarning: for layer3.4.bn3.weight: copying from a non-meta parameter in the checkpoint to a meta parameter in the current model, which is a no-op. (Did you mean to pass `assign=True` to assign items in the state dictionary to their corresponding key in the module instead of copying them in place?)
  warnings.warn(
/opt/conda/envs/diffsensei/lib/python3.11/site-packages/torch/nn/modules/module.py:2400: UserWarning: for layer3.4.bn3.bias: copying from a non-meta parameter in the checkpoint to a meta parameter in the current model, which is a no-op. (Did you mean to pass `assign=True` to assign items in the state dictionary to their corresponding key in the module instead of copying them in place?)
  warnings.warn(
/opt/conda/envs/diffsensei/lib/python3.11/site-packages/torch/nn/modules/module.py:2400: UserWarning: for layer3.5.conv1.weight: copying from a non-meta parameter in the checkpoint to a meta parameter in the current model, which is a no-op. (Did you mean to pass `assign=True` to assign items in the state dictionary to their corresponding key in the module instead of copying them in place?)
  warnings.warn(
/opt/conda/envs/diffsensei/lib/python3.11/site-packages/torch/nn/modules/module.py:2400: UserWarning: for layer3.5.bn1.weight: copying from a non-meta parameter in the checkpoint to a meta parameter in the current model, which is a no-op. (Did you mean to pass `assign=True` to assign items in the state dictionary to their corresponding key in the module instead of copying them in place?)
  warnings.warn(
/opt/conda/envs/diffsensei/lib/python3.11/site-packages/torch/nn/modules/module.py:2400: UserWarning: for layer3.5.bn1.bias: copying from a non-meta parameter in the checkpoint to a meta parameter in the current model, which is a no-op. (Did you mean to pass `assign=True` to assign items in the state dictionary to their corresponding key in the module instead of copying them in place?)
  warnings.warn(
/opt/conda/envs/diffsensei/lib/python3.11/site-packages/torch/nn/modules/module.py:2400: UserWarning: for layer3.5.conv2.weight: copying from a non-meta parameter in the checkpoint to a meta parameter in the current model, which is a no-op. (Did you mean to pass `assign=True` to assign items in the state dictionary to their corresponding key in the module instead of copying them in place?)
  warnings.warn(
/opt/conda/envs/diffsensei/lib/python3.11/site-packages/torch/nn/modules/module.py:2400: UserWarning: for layer3.5.bn2.weight: copying from a non-meta parameter in the checkpoint to a meta parameter in the current model, which is a no-op. (Did you mean to pass `assign=True` to assign items in the state dictionary to their corresponding key in the module instead of copying them in place?)
  warnings.warn(
/opt/conda/envs/diffsensei/lib/python3.11/site-packages/torch/nn/modules/module.py:2400: UserWarning: for layer3.5.bn2.bias: copying from a non-meta parameter in the checkpoint to a meta parameter in the current model, which is a no-op. (Did you mean to pass `assign=True` to assign items in the state dictionary to their corresponding key in the module instead of copying them in place?)
  warnings.warn(
/opt/conda/envs/diffsensei/lib/python3.11/site-packages/torch/nn/modules/module.py:2400: UserWarning: for layer3.5.conv3.weight: copying from a non-meta parameter in the checkpoint to a meta parameter in the current model, which is a no-op. (Did you mean to pass `assign=True` to assign items in the state dictionary to their corresponding key in the module instead of copying them in place?)
  warnings.warn(
/opt/conda/envs/diffsensei/lib/python3.11/site-packages/torch/nn/modules/module.py:2400: UserWarning: for layer3.5.bn3.weight: copying from a non-meta parameter in the checkpoint to a meta parameter in the current model, which is a no-op. (Did you mean to pass `assign=True` to assign items in the state dictionary to their corresponding key in the module instead of copying them in place?)
  warnings.warn(
/opt/conda/envs/diffsensei/lib/python3.11/site-packages/torch/nn/modules/module.py:2400: UserWarning: for layer3.5.bn3.bias: copying from a non-meta parameter in the checkpoint to a meta parameter in the current model, which is a no-op. (Did you mean to pass `assign=True` to assign items in the state dictionary to their corresponding key in the module instead of copying them in place?)
  warnings.warn(
/opt/conda/envs/diffsensei/lib/python3.11/site-packages/torch/nn/modules/module.py:2400: UserWarning: for layer4.0.conv1.weight: copying from a non-meta parameter in the checkpoint to a meta parameter in the current model, which is a no-op. (Did you mean to pass `assign=True` to assign items in the state dictionary to their corresponding key in the module instead of copying them in place?)
  warnings.warn(
/opt/conda/envs/diffsensei/lib/python3.11/site-packages/torch/nn/modules/module.py:2400: UserWarning: for layer4.0.bn1.weight: copying from a non-meta parameter in the checkpoint to a meta parameter in the current model, which is a no-op. (Did you mean to pass `assign=True` to assign items in the state dictionary to their corresponding key in the module instead of copying them in place?)
  warnings.warn(
/opt/conda/envs/diffsensei/lib/python3.11/site-packages/torch/nn/modules/module.py:2400: UserWarning: for layer4.0.bn1.bias: copying from a non-meta parameter in the checkpoint to a meta parameter in the current model, which is a no-op. (Did you mean to pass `assign=True` to assign items in the state dictionary to their corresponding key in the module instead of copying them in place?)
  warnings.warn(
/opt/conda/envs/diffsensei/lib/python3.11/site-packages/torch/nn/modules/module.py:2400: UserWarning: for layer4.0.conv2.weight: copying from a non-meta parameter in the checkpoint to a meta parameter in the current model, which is a no-op. (Did you mean to pass `assign=True` to assign items in the state dictionary to their corresponding key in the module instead of copying them in place?)
  warnings.warn(
/opt/conda/envs/diffsensei/lib/python3.11/site-packages/torch/nn/modules/module.py:2400: UserWarning: for layer4.0.bn2.weight: copying from a non-meta parameter in the checkpoint to a meta parameter in the current model, which is a no-op. (Did you mean to pass `assign=True` to assign items in the state dictionary to their corresponding key in the module instead of copying them in place?)
  warnings.warn(
/opt/conda/envs/diffsensei/lib/python3.11/site-packages/torch/nn/modules/module.py:2400: UserWarning: for layer4.0.bn2.bias: copying from a non-meta parameter in the checkpoint to a meta parameter in the current model, which is a no-op. (Did you mean to pass `assign=True` to assign items in the state dictionary to their corresponding key in the module instead of copying them in place?)
  warnings.warn(
/opt/conda/envs/diffsensei/lib/python3.11/site-packages/torch/nn/modules/module.py:2400: UserWarning: for layer4.0.conv3.weight: copying from a non-meta parameter in the checkpoint to a meta parameter in the current model, which is a no-op. (Did you mean to pass `assign=True` to assign items in the state dictionary to their corresponding key in the module instead of copying them in place?)
  warnings.warn(
/opt/conda/envs/diffsensei/lib/python3.11/site-packages/torch/nn/modules/module.py:2400: UserWarning: for layer4.0.bn3.weight: copying from a non-meta parameter in the checkpoint to a meta parameter in the current model, which is a no-op. (Did you mean to pass `assign=True` to assign items in the state dictionary to their corresponding key in the module instead of copying them in place?)
  warnings.warn(
/opt/conda/envs/diffsensei/lib/python3.11/site-packages/torch/nn/modules/module.py:2400: UserWarning: for layer4.0.bn3.bias: copying from a non-meta parameter in the checkpoint to a meta parameter in the current model, which is a no-op. (Did you mean to pass `assign=True` to assign items in the state dictionary to their corresponding key in the module instead of copying them in place?)
  warnings.warn(
/opt/conda/envs/diffsensei/lib/python3.11/site-packages/torch/nn/modules/module.py:2400: UserWarning: for layer4.0.downsample.0.weight: copying from a non-meta parameter in the checkpoint to a meta parameter in the current model, which is a no-op. (Did you mean to pass `assign=True` to assign items in the state dictionary to their corresponding key in the module instead of copying them in place?)
  warnings.warn(
/opt/conda/envs/diffsensei/lib/python3.11/site-packages/torch/nn/modules/module.py:2400: UserWarning: for layer4.0.downsample.1.weight: copying from a non-meta parameter in the checkpoint to a meta parameter in the current model, which is a no-op. (Did you mean to pass `assign=True` to assign items in the state dictionary to their corresponding key in the module instead of copying them in place?)
  warnings.warn(
/opt/conda/envs/diffsensei/lib/python3.11/site-packages/torch/nn/modules/module.py:2400: UserWarning: for layer4.0.downsample.1.bias: copying from a non-meta parameter in the checkpoint to a meta parameter in the current model, which is a no-op. (Did you mean to pass `assign=True` to assign items in the state dictionary to their corresponding key in the module instead of copying them in place?)
  warnings.warn(
/opt/conda/envs/diffsensei/lib/python3.11/site-packages/torch/nn/modules/module.py:2400: UserWarning: for layer4.1.conv1.weight: copying from a non-meta parameter in the checkpoint to a meta parameter in the current model, which is a no-op. (Did you mean to pass `assign=True` to assign items in the state dictionary to their corresponding key in the module instead of copying them in place?)
  warnings.warn(
/opt/conda/envs/diffsensei/lib/python3.11/site-packages/torch/nn/modules/module.py:2400: UserWarning: for layer4.1.bn1.weight: copying from a non-meta parameter in the checkpoint to a meta parameter in the current model, which is a no-op. (Did you mean to pass `assign=True` to assign items in the state dictionary to their corresponding key in the module instead of copying them in place?)
  warnings.warn(
/opt/conda/envs/diffsensei/lib/python3.11/site-packages/torch/nn/modules/module.py:2400: UserWarning: for layer4.1.bn1.bias: copying from a non-meta parameter in the checkpoint to a meta parameter in the current model, which is a no-op. (Did you mean to pass `assign=True` to assign items in the state dictionary to their corresponding key in the module instead of copying them in place?)
  warnings.warn(
/opt/conda/envs/diffsensei/lib/python3.11/site-packages/torch/nn/modules/module.py:2400: UserWarning: for layer4.1.conv2.weight: copying from a non-meta parameter in the checkpoint to a meta parameter in the current model, which is a no-op. (Did you mean to pass `assign=True` to assign items in the state dictionary to their corresponding key in the module instead of copying them in place?)
  warnings.warn(
/opt/conda/envs/diffsensei/lib/python3.11/site-packages/torch/nn/modules/module.py:2400: UserWarning: for layer4.1.bn2.weight: copying from a non-meta parameter in the checkpoint to a meta parameter in the current model, which is a no-op. (Did you mean to pass `assign=True` to assign items in the state dictionary to their corresponding key in the module instead of copying them in place?)
  warnings.warn(
/opt/conda/envs/diffsensei/lib/python3.11/site-packages/torch/nn/modules/module.py:2400: UserWarning: for layer4.1.bn2.bias: copying from a non-meta parameter in the checkpoint to a meta parameter in the current model, which is a no-op. (Did you mean to pass `assign=True` to assign items in the state dictionary to their corresponding key in the module instead of copying them in place?)
  warnings.warn(
/opt/conda/envs/diffsensei/lib/python3.11/site-packages/torch/nn/modules/module.py:2400: UserWarning: for layer4.1.conv3.weight: copying from a non-meta parameter in the checkpoint to a meta parameter in the current model, which is a no-op. (Did you mean to pass `assign=True` to assign items in the state dictionary to their corresponding key in the module instead of copying them in place?)
  warnings.warn(
/opt/conda/envs/diffsensei/lib/python3.11/site-packages/torch/nn/modules/module.py:2400: UserWarning: for layer4.1.bn3.weight: copying from a non-meta parameter in the checkpoint to a meta parameter in the current model, which is a no-op. (Did you mean to pass `assign=True` to assign items in the state dictionary to their corresponding key in the module instead of copying them in place?)
  warnings.warn(
/opt/conda/envs/diffsensei/lib/python3.11/site-packages/torch/nn/modules/module.py:2400: UserWarning: for layer4.1.bn3.bias: copying from a non-meta parameter in the checkpoint to a meta parameter in the current model, which is a no-op. (Did you mean to pass `assign=True` to assign items in the state dictionary to their corresponding key in the module instead of copying them in place?)
  warnings.warn(
/opt/conda/envs/diffsensei/lib/python3.11/site-packages/torch/nn/modules/module.py:2400: UserWarning: for layer4.2.conv1.weight: copying from a non-meta parameter in the checkpoint to a meta parameter in the current model, which is a no-op. (Did you mean to pass `assign=True` to assign items in the state dictionary to their corresponding key in the module instead of copying them in place?)
  warnings.warn(
/opt/conda/envs/diffsensei/lib/python3.11/site-packages/torch/nn/modules/module.py:2400: UserWarning: for layer4.2.bn1.weight: copying from a non-meta parameter in the checkpoint to a meta parameter in the current model, which is a no-op. (Did you mean to pass `assign=True` to assign items in the state dictionary to their corresponding key in the module instead of copying them in place?)
  warnings.warn(
/opt/conda/envs/diffsensei/lib/python3.11/site-packages/torch/nn/modules/module.py:2400: UserWarning: for layer4.2.bn1.bias: copying from a non-meta parameter in the checkpoint to a meta parameter in the current model, which is a no-op. (Did you mean to pass `assign=True` to assign items in the state dictionary to their corresponding key in the module instead of copying them in place?)
  warnings.warn(
/opt/conda/envs/diffsensei/lib/python3.11/site-packages/torch/nn/modules/module.py:2400: UserWarning: for layer4.2.conv2.weight: copying from a non-meta parameter in the checkpoint to a meta parameter in the current model, which is a no-op. (Did you mean to pass `assign=True` to assign items in the state dictionary to their corresponding key in the module instead of copying them in place?)
  warnings.warn(
/opt/conda/envs/diffsensei/lib/python3.11/site-packages/torch/nn/modules/module.py:2400: UserWarning: for layer4.2.bn2.weight: copying from a non-meta parameter in the checkpoint to a meta parameter in the current model, which is a no-op. (Did you mean to pass `assign=True` to assign items in the state dictionary to their corresponding key in the module instead of copying them in place?)
  warnings.warn(
/opt/conda/envs/diffsensei/lib/python3.11/site-packages/torch/nn/modules/module.py:2400: UserWarning: for layer4.2.bn2.bias: copying from a non-meta parameter in the checkpoint to a meta parameter in the current model, which is a no-op. (Did you mean to pass `assign=True` to assign items in the state dictionary to their corresponding key in the module instead of copying them in place?)
  warnings.warn(
/opt/conda/envs/diffsensei/lib/python3.11/site-packages/torch/nn/modules/module.py:2400: UserWarning: for layer4.2.conv3.weight: copying from a non-meta parameter in the checkpoint to a meta parameter in the current model, which is a no-op. (Did you mean to pass `assign=True` to assign items in the state dictionary to their corresponding key in the module instead of copying them in place?)
  warnings.warn(
/opt/conda/envs/diffsensei/lib/python3.11/site-packages/torch/nn/modules/module.py:2400: UserWarning: for layer4.2.bn3.weight: copying from a non-meta parameter in the checkpoint to a meta parameter in the current model, which is a no-op. (Did you mean to pass `assign=True` to assign items in the state dictionary to their corresponding key in the module instead of copying them in place?)
  warnings.warn(
/opt/conda/envs/diffsensei/lib/python3.11/site-packages/torch/nn/modules/module.py:2400: UserWarning: for layer4.2.bn3.bias: copying from a non-meta parameter in the checkpoint to a meta parameter in the current model, which is a no-op. (Did you mean to pass `assign=True` to assign items in the state dictionary to their corresponding key in the module instead of copying them in place?)
  warnings.warn(
/opt/conda/envs/diffsensei/lib/python3.11/site-packages/torch/nn/modules/module.py:2400: UserWarning: for conv1.weight: copying from a non-meta parameter in the checkpoint to a meta parameter in the current model, which is a no-op. (Did you mean to pass `assign=True` to assign items in the state dictionary to their corresponding key in the module instead of copying them in place?)
  warnings.warn(
/opt/conda/envs/diffsensei/lib/python3.11/site-packages/torch/nn/modules/module.py:2400: UserWarning: for bn1.weight: copying from a non-meta parameter in the checkpoint to a meta parameter in the current model, which is a no-op. (Did you mean to pass `assign=True` to assign items in the state dictionary to their corresponding key in the module instead of copying them in place?)
  warnings.warn(
/opt/conda/envs/diffsensei/lib/python3.11/site-packages/torch/nn/modules/module.py:2400: UserWarning: for bn1.bias: copying from a non-meta parameter in the checkpoint to a meta parameter in the current model, which is a no-op. (Did you mean to pass `assign=True` to assign items in the state dictionary to their corresponding key in the module instead of copying them in place?)
  warnings.warn(
/opt/conda/envs/diffsensei/lib/python3.11/site-packages/torch/nn/modules/module.py:2400: UserWarning: for layer1.0.conv1.weight: copying from a non-meta parameter in the checkpoint to a meta parameter in the current model, which is a no-op. (Did you mean to pass `assign=True` to assign items in the state dictionary to their corresponding key in the module instead of copying them in place?)
  warnings.warn(
/opt/conda/envs/diffsensei/lib/python3.11/site-packages/torch/nn/modules/module.py:2400: UserWarning: for layer1.0.bn1.weight: copying from a non-meta parameter in the checkpoint to a meta parameter in the current model, which is a no-op. (Did you mean to pass `assign=True` to assign items in the state dictionary to their corresponding key in the module instead of copying them in place?)
  warnings.warn(
/opt/conda/envs/diffsensei/lib/python3.11/site-packages/torch/nn/modules/module.py:2400: UserWarning: for layer1.0.bn1.bias: copying from a non-meta parameter in the checkpoint to a meta parameter in the current model, which is a no-op. (Did you mean to pass `assign=True` to assign items in the state dictionary to their corresponding key in the module instead of copying them in place?)
  warnings.warn(
/opt/conda/envs/diffsensei/lib/python3.11/site-packages/torch/nn/modules/module.py:2400: UserWarning: for layer1.0.conv2.weight: copying from a non-meta parameter in the checkpoint to a meta parameter in the current model, which is a no-op. (Did you mean to pass `assign=True` to assign items in the state dictionary to their corresponding key in the module instead of copying them in place?)
  warnings.warn(
/opt/conda/envs/diffsensei/lib/python3.11/site-packages/torch/nn/modules/module.py:2400: UserWarning: for layer1.0.bn2.weight: copying from a non-meta parameter in the checkpoint to a meta parameter in the current model, which is a no-op. (Did you mean to pass `assign=True` to assign items in the state dictionary to their corresponding key in the module instead of copying them in place?)
  warnings.warn(
/opt/conda/envs/diffsensei/lib/python3.11/site-packages/torch/nn/modules/module.py:2400: UserWarning: for layer1.0.bn2.bias: copying from a non-meta parameter in the checkpoint to a meta parameter in the current model, which is a no-op. (Did you mean to pass `assign=True` to assign items in the state dictionary to their corresponding key in the module instead of copying them in place?)
  warnings.warn(
/opt/conda/envs/diffsensei/lib/python3.11/site-packages/torch/nn/modules/module.py:2400: UserWarning: for layer1.0.conv3.weight: copying from a non-meta parameter in the checkpoint to a meta parameter in the current model, which is a no-op. (Did you mean to pass `assign=True` to assign items in the state dictionary to their corresponding key in the module instead of copying them in place?)
  warnings.warn(
/opt/conda/envs/diffsensei/lib/python3.11/site-packages/torch/nn/modules/module.py:2400: UserWarning: for layer1.0.bn3.weight: copying from a non-meta parameter in the checkpoint to a meta parameter in the current model, which is a no-op. (Did you mean to pass `assign=True` to assign items in the state dictionary to their corresponding key in the module instead of copying them in place?)
  warnings.warn(
/opt/conda/envs/diffsensei/lib/python3.11/site-packages/torch/nn/modules/module.py:2400: UserWarning: for layer1.0.bn3.bias: copying from a non-meta parameter in the checkpoint to a meta parameter in the current model, which is a no-op. (Did you mean to pass `assign=True` to assign items in the state dictionary to their corresponding key in the module instead of copying them in place?)
  warnings.warn(
/opt/conda/envs/diffsensei/lib/python3.11/site-packages/torch/nn/modules/module.py:2400: UserWarning: for layer1.0.downsample.0.weight: copying from a non-meta parameter in the checkpoint to a meta parameter in the current model, which is a no-op. (Did you mean to pass `assign=True` to assign items in the state dictionary to their corresponding key in the module instead of copying them in place?)
  warnings.warn(
/opt/conda/envs/diffsensei/lib/python3.11/site-packages/torch/nn/modules/module.py:2400: UserWarning: for layer1.0.downsample.1.weight: copying from a non-meta parameter in the checkpoint to a meta parameter in the current model, which is a no-op. (Did you mean to pass `assign=True` to assign items in the state dictionary to their corresponding key in the module instead of copying them in place?)
  warnings.warn(
/opt/conda/envs/diffsensei/lib/python3.11/site-packages/torch/nn/modules/module.py:2400: UserWarning: for layer1.0.downsample.1.bias: copying from a non-meta parameter in the checkpoint to a meta parameter in the current model, which is a no-op. (Did you mean to pass `assign=True` to assign items in the state dictionary to their corresponding key in the module instead of copying them in place?)
  warnings.warn(
/opt/conda/envs/diffsensei/lib/python3.11/site-packages/torch/nn/modules/module.py:2400: UserWarning: for layer1.1.conv1.weight: copying from a non-meta parameter in the checkpoint to a meta parameter in the current model, which is a no-op. (Did you mean to pass `assign=True` to assign items in the state dictionary to their corresponding key in the module instead of copying them in place?)
  warnings.warn(
/opt/conda/envs/diffsensei/lib/python3.11/site-packages/torch/nn/modules/module.py:2400: UserWarning: for layer1.1.bn1.weight: copying from a non-meta parameter in the checkpoint to a meta parameter in the current model, which is a no-op. (Did you mean to pass `assign=True` to assign items in the state dictionary to their corresponding key in the module instead of copying them in place?)
  warnings.warn(
/opt/conda/envs/diffsensei/lib/python3.11/site-packages/torch/nn/modules/module.py:2400: UserWarning: for layer1.1.bn1.bias: copying from a non-meta parameter in the checkpoint to a meta parameter in the current model, which is a no-op. (Did you mean to pass `assign=True` to assign items in the state dictionary to their corresponding key in the module instead of copying them in place?)
  warnings.warn(
/opt/conda/envs/diffsensei/lib/python3.11/site-packages/torch/nn/modules/module.py:2400: UserWarning: for layer1.1.conv2.weight: copying from a non-meta parameter in the checkpoint to a meta parameter in the current model, which is a no-op. (Did you mean to pass `assign=True` to assign items in the state dictionary to their corresponding key in the module instead of copying them in place?)
  warnings.warn(
/opt/conda/envs/diffsensei/lib/python3.11/site-packages/torch/nn/modules/module.py:2400: UserWarning: for layer1.1.bn2.weight: copying from a non-meta parameter in the checkpoint to a meta parameter in the current model, which is a no-op. (Did you mean to pass `assign=True` to assign items in the state dictionary to their corresponding key in the module instead of copying them in place?)
  warnings.warn(
/opt/conda/envs/diffsensei/lib/python3.11/site-packages/torch/nn/modules/module.py:2400: UserWarning: for layer1.1.bn2.bias: copying from a non-meta parameter in the checkpoint to a meta parameter in the current model, which is a no-op. (Did you mean to pass `assign=True` to assign items in the state dictionary to their corresponding key in the module instead of copying them in place?)
  warnings.warn(
/opt/conda/envs/diffsensei/lib/python3.11/site-packages/torch/nn/modules/module.py:2400: UserWarning: for layer1.1.conv3.weight: copying from a non-meta parameter in the checkpoint to a meta parameter in the current model, which is a no-op. (Did you mean to pass `assign=True` to assign items in the state dictionary to their corresponding key in the module instead of copying them in place?)
  warnings.warn(
/opt/conda/envs/diffsensei/lib/python3.11/site-packages/torch/nn/modules/module.py:2400: UserWarning: for layer1.1.bn3.weight: copying from a non-meta parameter in the checkpoint to a meta parameter in the current model, which is a no-op. (Did you mean to pass `assign=True` to assign items in the state dictionary to their corresponding key in the module instead of copying them in place?)
  warnings.warn(
/opt/conda/envs/diffsensei/lib/python3.11/site-packages/torch/nn/modules/module.py:2400: UserWarning: for layer1.1.bn3.bias: copying from a non-meta parameter in the checkpoint to a meta parameter in the current model, which is a no-op. (Did you mean to pass `assign=True` to assign items in the state dictionary to their corresponding key in the module instead of copying them in place?)
  warnings.warn(
/opt/conda/envs/diffsensei/lib/python3.11/site-packages/torch/nn/modules/module.py:2400: UserWarning: for layer1.2.conv1.weight: copying from a non-meta parameter in the checkpoint to a meta parameter in the current model, which is a no-op. (Did you mean to pass `assign=True` to assign items in the state dictionary to their corresponding key in the module instead of copying them in place?)
  warnings.warn(
/opt/conda/envs/diffsensei/lib/python3.11/site-packages/torch/nn/modules/module.py:2400: UserWarning: for layer1.2.bn1.weight: copying from a non-meta parameter in the checkpoint to a meta parameter in the current model, which is a no-op. (Did you mean to pass `assign=True` to assign items in the state dictionary to their corresponding key in the module instead of copying them in place?)
  warnings.warn(
/opt/conda/envs/diffsensei/lib/python3.11/site-packages/torch/nn/modules/module.py:2400: UserWarning: for layer1.2.bn1.bias: copying from a non-meta parameter in the checkpoint to a meta parameter in the current model, which is a no-op. (Did you mean to pass `assign=True` to assign items in the state dictionary to their corresponding key in the module instead of copying them in place?)
  warnings.warn(
/opt/conda/envs/diffsensei/lib/python3.11/site-packages/torch/nn/modules/module.py:2400: UserWarning: for layer1.2.conv2.weight: copying from a non-meta parameter in the checkpoint to a meta parameter in the current model, which is a no-op. (Did you mean to pass `assign=True` to assign items in the state dictionary to their corresponding key in the module instead of copying them in place?)
  warnings.warn(
/opt/conda/envs/diffsensei/lib/python3.11/site-packages/torch/nn/modules/module.py:2400: UserWarning: for layer1.2.bn2.weight: copying from a non-meta parameter in the checkpoint to a meta parameter in the current model, which is a no-op. (Did you mean to pass `assign=True` to assign items in the state dictionary to their corresponding key in the module instead of copying them in place?)
  warnings.warn(
/opt/conda/envs/diffsensei/lib/python3.11/site-packages/torch/nn/modules/module.py:2400: UserWarning: for layer1.2.bn2.bias: copying from a non-meta parameter in the checkpoint to a meta parameter in the current model, which is a no-op. (Did you mean to pass `assign=True` to assign items in the state dictionary to their corresponding key in the module instead of copying them in place?)
  warnings.warn(
/opt/conda/envs/diffsensei/lib/python3.11/site-packages/torch/nn/modules/module.py:2400: UserWarning: for layer1.2.conv3.weight: copying from a non-meta parameter in the checkpoint to a meta parameter in the current model, which is a no-op. (Did you mean to pass `assign=True` to assign items in the state dictionary to their corresponding key in the module instead of copying them in place?)
  warnings.warn(
/opt/conda/envs/diffsensei/lib/python3.11/site-packages/torch/nn/modules/module.py:2400: UserWarning: for layer1.2.bn3.weight: copying from a non-meta parameter in the checkpoint to a meta parameter in the current model, which is a no-op. (Did you mean to pass `assign=True` to assign items in the state dictionary to their corresponding key in the module instead of copying them in place?)
  warnings.warn(
/opt/conda/envs/diffsensei/lib/python3.11/site-packages/torch/nn/modules/module.py:2400: UserWarning: for layer1.2.bn3.bias: copying from a non-meta parameter in the checkpoint to a meta parameter in the current model, which is a no-op. (Did you mean to pass `assign=True` to assign items in the state dictionary to their corresponding key in the module instead of copying them in place?)
  warnings.warn(
/opt/conda/envs/diffsensei/lib/python3.11/site-packages/torch/nn/modules/module.py:2400: UserWarning: for layer2.0.conv1.weight: copying from a non-meta parameter in the checkpoint to a meta parameter in the current model, which is a no-op. (Did you mean to pass `assign=True` to assign items in the state dictionary to their corresponding key in the module instead of copying them in place?)
  warnings.warn(
/opt/conda/envs/diffsensei/lib/python3.11/site-packages/torch/nn/modules/module.py:2400: UserWarning: for layer2.0.bn1.weight: copying from a non-meta parameter in the checkpoint to a meta parameter in the current model, which is a no-op. (Did you mean to pass `assign=True` to assign items in the state dictionary to their corresponding key in the module instead of copying them in place?)
  warnings.warn(
/opt/conda/envs/diffsensei/lib/python3.11/site-packages/torch/nn/modules/module.py:2400: UserWarning: for layer2.0.bn1.bias: copying from a non-meta parameter in the checkpoint to a meta parameter in the current model, which is a no-op. (Did you mean to pass `assign=True` to assign items in the state dictionary to their corresponding key in the module instead of copying them in place?)
  warnings.warn(
/opt/conda/envs/diffsensei/lib/python3.11/site-packages/torch/nn/modules/module.py:2400: UserWarning: for layer2.0.conv2.weight: copying from a non-meta parameter in the checkpoint to a meta parameter in the current model, which is a no-op. (Did you mean to pass `assign=True` to assign items in the state dictionary to their corresponding key in the module instead of copying them in place?)
  warnings.warn(
/opt/conda/envs/diffsensei/lib/python3.11/site-packages/torch/nn/modules/module.py:2400: UserWarning: for layer2.0.bn2.weight: copying from a non-meta parameter in the checkpoint to a meta parameter in the current model, which is a no-op. (Did you mean to pass `assign=True` to assign items in the state dictionary to their corresponding key in the module instead of copying them in place?)
  warnings.warn(
/opt/conda/envs/diffsensei/lib/python3.11/site-packages/torch/nn/modules/module.py:2400: UserWarning: for layer2.0.bn2.bias: copying from a non-meta parameter in the checkpoint to a meta parameter in the current model, which is a no-op. (Did you mean to pass `assign=True` to assign items in the state dictionary to their corresponding key in the module instead of copying them in place?)
  warnings.warn(
/opt/conda/envs/diffsensei/lib/python3.11/site-packages/torch/nn/modules/module.py:2400: UserWarning: for layer2.0.conv3.weight: copying from a non-meta parameter in the checkpoint to a meta parameter in the current model, which is a no-op. (Did you mean to pass `assign=True` to assign items in the state dictionary to their corresponding key in the module instead of copying them in place?)
  warnings.warn(
/opt/conda/envs/diffsensei/lib/python3.11/site-packages/torch/nn/modules/module.py:2400: UserWarning: for layer2.0.bn3.weight: copying from a non-meta parameter in the checkpoint to a meta parameter in the current model, which is a no-op. (Did you mean to pass `assign=True` to assign items in the state dictionary to their corresponding key in the module instead of copying them in place?)
  warnings.warn(
/opt/conda/envs/diffsensei/lib/python3.11/site-packages/torch/nn/modules/module.py:2400: UserWarning: for layer2.0.bn3.bias: copying from a non-meta parameter in the checkpoint to a meta parameter in the current model, which is a no-op. (Did you mean to pass `assign=True` to assign items in the state dictionary to their corresponding key in the module instead of copying them in place?)
  warnings.warn(
/opt/conda/envs/diffsensei/lib/python3.11/site-packages/torch/nn/modules/module.py:2400: UserWarning: for layer2.0.downsample.0.weight: copying from a non-meta parameter in the checkpoint to a meta parameter in the current model, which is a no-op. (Did you mean to pass `assign=True` to assign items in the state dictionary to their corresponding key in the module instead of copying them in place?)
  warnings.warn(
/opt/conda/envs/diffsensei/lib/python3.11/site-packages/torch/nn/modules/module.py:2400: UserWarning: for layer2.0.downsample.1.weight: copying from a non-meta parameter in the checkpoint to a meta parameter in the current model, which is a no-op. (Did you mean to pass `assign=True` to assign items in the state dictionary to their corresponding key in the module instead of copying them in place?)
  warnings.warn(
/opt/conda/envs/diffsensei/lib/python3.11/site-packages/torch/nn/modules/module.py:2400: UserWarning: for layer2.0.downsample.1.bias: copying from a non-meta parameter in the checkpoint to a meta parameter in the current model, which is a no-op. (Did you mean to pass `assign=True` to assign items in the state dictionary to their corresponding key in the module instead of copying them in place?)
  warnings.warn(
/opt/conda/envs/diffsensei/lib/python3.11/site-packages/torch/nn/modules/module.py:2400: UserWarning: for layer2.1.conv1.weight: copying from a non-meta parameter in the checkpoint to a meta parameter in the current model, which is a no-op. (Did you mean to pass `assign=True` to assign items in the state dictionary to their corresponding key in the module instead of copying them in place?)
  warnings.warn(
/opt/conda/envs/diffsensei/lib/python3.11/site-packages/torch/nn/modules/module.py:2400: UserWarning: for layer2.1.bn1.weight: copying from a non-meta parameter in the checkpoint to a meta parameter in the current model, which is a no-op. (Did you mean to pass `assign=True` to assign items in the state dictionary to their corresponding key in the module instead of copying them in place?)
  warnings.warn(
/opt/conda/envs/diffsensei/lib/python3.11/site-packages/torch/nn/modules/module.py:2400: UserWarning: for layer2.1.bn1.bias: copying from a non-meta parameter in the checkpoint to a meta parameter in the current model, which is a no-op. (Did you mean to pass `assign=True` to assign items in the state dictionary to their corresponding key in the module instead of copying them in place?)
  warnings.warn(
/opt/conda/envs/diffsensei/lib/python3.11/site-packages/torch/nn/modules/module.py:2400: UserWarning: for layer2.1.conv2.weight: copying from a non-meta parameter in the checkpoint to a meta parameter in the current model, which is a no-op. (Did you mean to pass `assign=True` to assign items in the state dictionary to their corresponding key in the module instead of copying them in place?)
  warnings.warn(
/opt/conda/envs/diffsensei/lib/python3.11/site-packages/torch/nn/modules/module.py:2400: UserWarning: for layer2.1.bn2.weight: copying from a non-meta parameter in the checkpoint to a meta parameter in the current model, which is a no-op. (Did you mean to pass `assign=True` to assign items in the state dictionary to their corresponding key in the module instead of copying them in place?)
  warnings.warn(
/opt/conda/envs/diffsensei/lib/python3.11/site-packages/torch/nn/modules/module.py:2400: UserWarning: for layer2.1.bn2.bias: copying from a non-meta parameter in the checkpoint to a meta parameter in the current model, which is a no-op. (Did you mean to pass `assign=True` to assign items in the state dictionary to their corresponding key in the module instead of copying them in place?)
  warnings.warn(
/opt/conda/envs/diffsensei/lib/python3.11/site-packages/torch/nn/modules/module.py:2400: UserWarning: for layer2.1.conv3.weight: copying from a non-meta parameter in the checkpoint to a meta parameter in the current model, which is a no-op. (Did you mean to pass `assign=True` to assign items in the state dictionary to their corresponding key in the module instead of copying them in place?)
  warnings.warn(
/opt/conda/envs/diffsensei/lib/python3.11/site-packages/torch/nn/modules/module.py:2400: UserWarning: for layer2.1.bn3.weight: copying from a non-meta parameter in the checkpoint to a meta parameter in the current model, which is a no-op. (Did you mean to pass `assign=True` to assign items in the state dictionary to their corresponding key in the module instead of copying them in place?)
  warnings.warn(
/opt/conda/envs/diffsensei/lib/python3.11/site-packages/torch/nn/modules/module.py:2400: UserWarning: for layer2.1.bn3.bias: copying from a non-meta parameter in the checkpoint to a meta parameter in the current model, which is a no-op. (Did you mean to pass `assign=True` to assign items in the state dictionary to their corresponding key in the module instead of copying them in place?)
  warnings.warn(
/opt/conda/envs/diffsensei/lib/python3.11/site-packages/torch/nn/modules/module.py:2400: UserWarning: for layer2.2.conv1.weight: copying from a non-meta parameter in the checkpoint to a meta parameter in the current model, which is a no-op. (Did you mean to pass `assign=True` to assign items in the state dictionary to their corresponding key in the module instead of copying them in place?)
  warnings.warn(
/opt/conda/envs/diffsensei/lib/python3.11/site-packages/torch/nn/modules/module.py:2400: UserWarning: for layer2.2.bn1.weight: copying from a non-meta parameter in the checkpoint to a meta parameter in the current model, which is a no-op. (Did you mean to pass `assign=True` to assign items in the state dictionary to their corresponding key in the module instead of copying them in place?)
  warnings.warn(
/opt/conda/envs/diffsensei/lib/python3.11/site-packages/torch/nn/modules/module.py:2400: UserWarning: for layer2.2.bn1.bias: copying from a non-meta parameter in the checkpoint to a meta parameter in the current model, which is a no-op. (Did you mean to pass `assign=True` to assign items in the state dictionary to their corresponding key in the module instead of copying them in place?)
  warnings.warn(
/opt/conda/envs/diffsensei/lib/python3.11/site-packages/torch/nn/modules/module.py:2400: UserWarning: for layer2.2.conv2.weight: copying from a non-meta parameter in the checkpoint to a meta parameter in the current model, which is a no-op. (Did you mean to pass `assign=True` to assign items in the state dictionary to their corresponding key in the module instead of copying them in place?)
  warnings.warn(
/opt/conda/envs/diffsensei/lib/python3.11/site-packages/torch/nn/modules/module.py:2400: UserWarning: for layer2.2.bn2.weight: copying from a non-meta parameter in the checkpoint to a meta parameter in the current model, which is a no-op. (Did you mean to pass `assign=True` to assign items in the state dictionary to their corresponding key in the module instead of copying them in place?)
  warnings.warn(
/opt/conda/envs/diffsensei/lib/python3.11/site-packages/torch/nn/modules/module.py:2400: UserWarning: for layer2.2.bn2.bias: copying from a non-meta parameter in the checkpoint to a meta parameter in the current model, which is a no-op. (Did you mean to pass `assign=True` to assign items in the state dictionary to their corresponding key in the module instead of copying them in place?)
  warnings.warn(
/opt/conda/envs/diffsensei/lib/python3.11/site-packages/torch/nn/modules/module.py:2400: UserWarning: for layer2.2.conv3.weight: copying from a non-meta parameter in the checkpoint to a meta parameter in the current model, which is a no-op. (Did you mean to pass `assign=True` to assign items in the state dictionary to their corresponding key in the module instead of copying them in place?)
  warnings.warn(
/opt/conda/envs/diffsensei/lib/python3.11/site-packages/torch/nn/modules/module.py:2400: UserWarning: for layer2.2.bn3.weight: copying from a non-meta parameter in the checkpoint to a meta parameter in the current model, which is a no-op. (Did you mean to pass `assign=True` to assign items in the state dictionary to their corresponding key in the module instead of copying them in place?)
  warnings.warn(
/opt/conda/envs/diffsensei/lib/python3.11/site-packages/torch/nn/modules/module.py:2400: UserWarning: for layer2.2.bn3.bias: copying from a non-meta parameter in the checkpoint to a meta parameter in the current model, which is a no-op. (Did you mean to pass `assign=True` to assign items in the state dictionary to their corresponding key in the module instead of copying them in place?)
  warnings.warn(
/opt/conda/envs/diffsensei/lib/python3.11/site-packages/torch/nn/modules/module.py:2400: UserWarning: for layer2.3.conv1.weight: copying from a non-meta parameter in the checkpoint to a meta parameter in the current model, which is a no-op. (Did you mean to pass `assign=True` to assign items in the state dictionary to their corresponding key in the module instead of copying them in place?)
  warnings.warn(
/opt/conda/envs/diffsensei/lib/python3.11/site-packages/torch/nn/modules/module.py:2400: UserWarning: for layer2.3.bn1.weight: copying from a non-meta parameter in the checkpoint to a meta parameter in the current model, which is a no-op. (Did you mean to pass `assign=True` to assign items in the state dictionary to their corresponding key in the module instead of copying them in place?)
  warnings.warn(
/opt/conda/envs/diffsensei/lib/python3.11/site-packages/torch/nn/modules/module.py:2400: UserWarning: for layer2.3.bn1.bias: copying from a non-meta parameter in the checkpoint to a meta parameter in the current model, which is a no-op. (Did you mean to pass `assign=True` to assign items in the state dictionary to their corresponding key in the module instead of copying them in place?)
  warnings.warn(
/opt/conda/envs/diffsensei/lib/python3.11/site-packages/torch/nn/modules/module.py:2400: UserWarning: for layer2.3.conv2.weight: copying from a non-meta parameter in the checkpoint to a meta parameter in the current model, which is a no-op. (Did you mean to pass `assign=True` to assign items in the state dictionary to their corresponding key in the module instead of copying them in place?)
  warnings.warn(
/opt/conda/envs/diffsensei/lib/python3.11/site-packages/torch/nn/modules/module.py:2400: UserWarning: for layer2.3.bn2.weight: copying from a non-meta parameter in the checkpoint to a meta parameter in the current model, which is a no-op. (Did you mean to pass `assign=True` to assign items in the state dictionary to their corresponding key in the module instead of copying them in place?)
  warnings.warn(
/opt/conda/envs/diffsensei/lib/python3.11/site-packages/torch/nn/modules/module.py:2400: UserWarning: for layer2.3.bn2.bias: copying from a non-meta parameter in the checkpoint to a meta parameter in the current model, which is a no-op. (Did you mean to pass `assign=True` to assign items in the state dictionary to their corresponding key in the module instead of copying them in place?)
  warnings.warn(
/opt/conda/envs/diffsensei/lib/python3.11/site-packages/torch/nn/modules/module.py:2400: UserWarning: for layer2.3.conv3.weight: copying from a non-meta parameter in the checkpoint to a meta parameter in the current model, which is a no-op. (Did you mean to pass `assign=True` to assign items in the state dictionary to their corresponding key in the module instead of copying them in place?)
  warnings.warn(
/opt/conda/envs/diffsensei/lib/python3.11/site-packages/torch/nn/modules/module.py:2400: UserWarning: for layer2.3.bn3.weight: copying from a non-meta parameter in the checkpoint to a meta parameter in the current model, which is a no-op. (Did you mean to pass `assign=True` to assign items in the state dictionary to their corresponding key in the module instead of copying them in place?)
  warnings.warn(
/opt/conda/envs/diffsensei/lib/python3.11/site-packages/torch/nn/modules/module.py:2400: UserWarning: for layer2.3.bn3.bias: copying from a non-meta parameter in the checkpoint to a meta parameter in the current model, which is a no-op. (Did you mean to pass `assign=True` to assign items in the state dictionary to their corresponding key in the module instead of copying them in place?)
  warnings.warn(
/opt/conda/envs/diffsensei/lib/python3.11/site-packages/torch/nn/modules/module.py:2400: UserWarning: for layer3.0.conv1.weight: copying from a non-meta parameter in the checkpoint to a meta parameter in the current model, which is a no-op. (Did you mean to pass `assign=True` to assign items in the state dictionary to their corresponding key in the module instead of copying them in place?)
  warnings.warn(
/opt/conda/envs/diffsensei/lib/python3.11/site-packages/torch/nn/modules/module.py:2400: UserWarning: for layer3.0.bn1.weight: copying from a non-meta parameter in the checkpoint to a meta parameter in the current model, which is a no-op. (Did you mean to pass `assign=True` to assign items in the state dictionary to their corresponding key in the module instead of copying them in place?)
  warnings.warn(
/opt/conda/envs/diffsensei/lib/python3.11/site-packages/torch/nn/modules/module.py:2400: UserWarning: for layer3.0.bn1.bias: copying from a non-meta parameter in the checkpoint to a meta parameter in the current model, which is a no-op. (Did you mean to pass `assign=True` to assign items in the state dictionary to their corresponding key in the module instead of copying them in place?)
  warnings.warn(
/opt/conda/envs/diffsensei/lib/python3.11/site-packages/torch/nn/modules/module.py:2400: UserWarning: for layer3.0.conv2.weight: copying from a non-meta parameter in the checkpoint to a meta parameter in the current model, which is a no-op. (Did you mean to pass `assign=True` to assign items in the state dictionary to their corresponding key in the module instead of copying them in place?)
  warnings.warn(
/opt/conda/envs/diffsensei/lib/python3.11/site-packages/torch/nn/modules/module.py:2400: UserWarning: for layer3.0.bn2.weight: copying from a non-meta parameter in the checkpoint to a meta parameter in the current model, which is a no-op. (Did you mean to pass `assign=True` to assign items in the state dictionary to their corresponding key in the module instead of copying them in place?)
  warnings.warn(
/opt/conda/envs/diffsensei/lib/python3.11/site-packages/torch/nn/modules/module.py:2400: UserWarning: for layer3.0.bn2.bias: copying from a non-meta parameter in the checkpoint to a meta parameter in the current model, which is a no-op. (Did you mean to pass `assign=True` to assign items in the state dictionary to their corresponding key in the module instead of copying them in place?)
  warnings.warn(
/opt/conda/envs/diffsensei/lib/python3.11/site-packages/torch/nn/modules/module.py:2400: UserWarning: for layer3.0.conv3.weight: copying from a non-meta parameter in the checkpoint to a meta parameter in the current model, which is a no-op. (Did you mean to pass `assign=True` to assign items in the state dictionary to their corresponding key in the module instead of copying them in place?)
  warnings.warn(
/opt/conda/envs/diffsensei/lib/python3.11/site-packages/torch/nn/modules/module.py:2400: UserWarning: for layer3.0.bn3.weight: copying from a non-meta parameter in the checkpoint to a meta parameter in the current model, which is a no-op. (Did you mean to pass `assign=True` to assign items in the state dictionary to their corresponding key in the module instead of copying them in place?)
  warnings.warn(
/opt/conda/envs/diffsensei/lib/python3.11/site-packages/torch/nn/modules/module.py:2400: UserWarning: for layer3.0.bn3.bias: copying from a non-meta parameter in the checkpoint to a meta parameter in the current model, which is a no-op. (Did you mean to pass `assign=True` to assign items in the state dictionary to their corresponding key in the module instead of copying them in place?)
  warnings.warn(
/opt/conda/envs/diffsensei/lib/python3.11/site-packages/torch/nn/modules/module.py:2400: UserWarning: for layer3.0.downsample.0.weight: copying from a non-meta parameter in the checkpoint to a meta parameter in the current model, which is a no-op. (Did you mean to pass `assign=True` to assign items in the state dictionary to their corresponding key in the module instead of copying them in place?)
  warnings.warn(
/opt/conda/envs/diffsensei/lib/python3.11/site-packages/torch/nn/modules/module.py:2400: UserWarning: for layer3.0.downsample.1.weight: copying from a non-meta parameter in the checkpoint to a meta parameter in the current model, which is a no-op. (Did you mean to pass `assign=True` to assign items in the state dictionary to their corresponding key in the module instead of copying them in place?)
  warnings.warn(
/opt/conda/envs/diffsensei/lib/python3.11/site-packages/torch/nn/modules/module.py:2400: UserWarning: for layer3.0.downsample.1.bias: copying from a non-meta parameter in the checkpoint to a meta parameter in the current model, which is a no-op. (Did you mean to pass `assign=True` to assign items in the state dictionary to their corresponding key in the module instead of copying them in place?)
  warnings.warn(
/opt/conda/envs/diffsensei/lib/python3.11/site-packages/torch/nn/modules/module.py:2400: UserWarning: for layer3.1.conv1.weight: copying from a non-meta parameter in the checkpoint to a meta parameter in the current model, which is a no-op. (Did you mean to pass `assign=True` to assign items in the state dictionary to their corresponding key in the module instead of copying them in place?)
  warnings.warn(
/opt/conda/envs/diffsensei/lib/python3.11/site-packages/torch/nn/modules/module.py:2400: UserWarning: for layer3.1.bn1.weight: copying from a non-meta parameter in the checkpoint to a meta parameter in the current model, which is a no-op. (Did you mean to pass `assign=True` to assign items in the state dictionary to their corresponding key in the module instead of copying them in place?)
  warnings.warn(
/opt/conda/envs/diffsensei/lib/python3.11/site-packages/torch/nn/modules/module.py:2400: UserWarning: for layer3.1.bn1.bias: copying from a non-meta parameter in the checkpoint to a meta parameter in the current model, which is a no-op. (Did you mean to pass `assign=True` to assign items in the state dictionary to their corresponding key in the module instead of copying them in place?)
  warnings.warn(
/opt/conda/envs/diffsensei/lib/python3.11/site-packages/torch/nn/modules/module.py:2400: UserWarning: for layer3.1.conv2.weight: copying from a non-meta parameter in the checkpoint to a meta parameter in the current model, which is a no-op. (Did you mean to pass `assign=True` to assign items in the state dictionary to their corresponding key in the module instead of copying them in place?)
  warnings.warn(
/opt/conda/envs/diffsensei/lib/python3.11/site-packages/torch/nn/modules/module.py:2400: UserWarning: for layer3.1.bn2.weight: copying from a non-meta parameter in the checkpoint to a meta parameter in the current model, which is a no-op. (Did you mean to pass `assign=True` to assign items in the state dictionary to their corresponding key in the module instead of copying them in place?)
  warnings.warn(
/opt/conda/envs/diffsensei/lib/python3.11/site-packages/torch/nn/modules/module.py:2400: UserWarning: for layer3.1.bn2.bias: copying from a non-meta parameter in the checkpoint to a meta parameter in the current model, which is a no-op. (Did you mean to pass `assign=True` to assign items in the state dictionary to their corresponding key in the module instead of copying them in place?)
  warnings.warn(
/opt/conda/envs/diffsensei/lib/python3.11/site-packages/torch/nn/modules/module.py:2400: UserWarning: for layer3.1.conv3.weight: copying from a non-meta parameter in the checkpoint to a meta parameter in the current model, which is a no-op. (Did you mean to pass `assign=True` to assign items in the state dictionary to their corresponding key in the module instead of copying them in place?)
  warnings.warn(
/opt/conda/envs/diffsensei/lib/python3.11/site-packages/torch/nn/modules/module.py:2400: UserWarning: for layer3.1.bn3.weight: copying from a non-meta parameter in the checkpoint to a meta parameter in the current model, which is a no-op. (Did you mean to pass `assign=True` to assign items in the state dictionary to their corresponding key in the module instead of copying them in place?)
  warnings.warn(
/opt/conda/envs/diffsensei/lib/python3.11/site-packages/torch/nn/modules/module.py:2400: UserWarning: for layer3.1.bn3.bias: copying from a non-meta parameter in the checkpoint to a meta parameter in the current model, which is a no-op. (Did you mean to pass `assign=True` to assign items in the state dictionary to their corresponding key in the module instead of copying them in place?)
  warnings.warn(
/opt/conda/envs/diffsensei/lib/python3.11/site-packages/torch/nn/modules/module.py:2400: UserWarning: for layer3.2.conv1.weight: copying from a non-meta parameter in the checkpoint to a meta parameter in the current model, which is a no-op. (Did you mean to pass `assign=True` to assign items in the state dictionary to their corresponding key in the module instead of copying them in place?)
  warnings.warn(
/opt/conda/envs/diffsensei/lib/python3.11/site-packages/torch/nn/modules/module.py:2400: UserWarning: for layer3.2.bn1.weight: copying from a non-meta parameter in the checkpoint to a meta parameter in the current model, which is a no-op. (Did you mean to pass `assign=True` to assign items in the state dictionary to their corresponding key in the module instead of copying them in place?)
  warnings.warn(
/opt/conda/envs/diffsensei/lib/python3.11/site-packages/torch/nn/modules/module.py:2400: UserWarning: for layer3.2.bn1.bias: copying from a non-meta parameter in the checkpoint to a meta parameter in the current model, which is a no-op. (Did you mean to pass `assign=True` to assign items in the state dictionary to their corresponding key in the module instead of copying them in place?)
  warnings.warn(
/opt/conda/envs/diffsensei/lib/python3.11/site-packages/torch/nn/modules/module.py:2400: UserWarning: for layer3.2.conv2.weight: copying from a non-meta parameter in the checkpoint to a meta parameter in the current model, which is a no-op. (Did you mean to pass `assign=True` to assign items in the state dictionary to their corresponding key in the module instead of copying them in place?)
  warnings.warn(
/opt/conda/envs/diffsensei/lib/python3.11/site-packages/torch/nn/modules/module.py:2400: UserWarning: for layer3.2.bn2.weight: copying from a non-meta parameter in the checkpoint to a meta parameter in the current model, which is a no-op. (Did you mean to pass `assign=True` to assign items in the state dictionary to their corresponding key in the module instead of copying them in place?)
  warnings.warn(
/opt/conda/envs/diffsensei/lib/python3.11/site-packages/torch/nn/modules/module.py:2400: UserWarning: for layer3.2.bn2.bias: copying from a non-meta parameter in the checkpoint to a meta parameter in the current model, which is a no-op. (Did you mean to pass `assign=True` to assign items in the state dictionary to their corresponding key in the module instead of copying them in place?)
  warnings.warn(
/opt/conda/envs/diffsensei/lib/python3.11/site-packages/torch/nn/modules/module.py:2400: UserWarning: for layer3.2.conv3.weight: copying from a non-meta parameter in the checkpoint to a meta parameter in the current model, which is a no-op. (Did you mean to pass `assign=True` to assign items in the state dictionary to their corresponding key in the module instead of copying them in place?)
  warnings.warn(
/opt/conda/envs/diffsensei/lib/python3.11/site-packages/torch/nn/modules/module.py:2400: UserWarning: for layer3.2.bn3.weight: copying from a non-meta parameter in the checkpoint to a meta parameter in the current model, which is a no-op. (Did you mean to pass `assign=True` to assign items in the state dictionary to their corresponding key in the module instead of copying them in place?)
  warnings.warn(
/opt/conda/envs/diffsensei/lib/python3.11/site-packages/torch/nn/modules/module.py:2400: UserWarning: for layer3.2.bn3.bias: copying from a non-meta parameter in the checkpoint to a meta parameter in the current model, which is a no-op. (Did you mean to pass `assign=True` to assign items in the state dictionary to their corresponding key in the module instead of copying them in place?)
  warnings.warn(
/opt/conda/envs/diffsensei/lib/python3.11/site-packages/torch/nn/modules/module.py:2400: UserWarning: for layer3.3.conv1.weight: copying from a non-meta parameter in the checkpoint to a meta parameter in the current model, which is a no-op. (Did you mean to pass `assign=True` to assign items in the state dictionary to their corresponding key in the module instead of copying them in place?)
  warnings.warn(
/opt/conda/envs/diffsensei/lib/python3.11/site-packages/torch/nn/modules/module.py:2400: UserWarning: for layer3.3.bn1.weight: copying from a non-meta parameter in the checkpoint to a meta parameter in the current model, which is a no-op. (Did you mean to pass `assign=True` to assign items in the state dictionary to their corresponding key in the module instead of copying them in place?)
  warnings.warn(
/opt/conda/envs/diffsensei/lib/python3.11/site-packages/torch/nn/modules/module.py:2400: UserWarning: for layer3.3.bn1.bias: copying from a non-meta parameter in the checkpoint to a meta parameter in the current model, which is a no-op. (Did you mean to pass `assign=True` to assign items in the state dictionary to their corresponding key in the module instead of copying them in place?)
  warnings.warn(
/opt/conda/envs/diffsensei/lib/python3.11/site-packages/torch/nn/modules/module.py:2400: UserWarning: for layer3.3.conv2.weight: copying from a non-meta parameter in the checkpoint to a meta parameter in the current model, which is a no-op. (Did you mean to pass `assign=True` to assign items in the state dictionary to their corresponding key in the module instead of copying them in place?)
  warnings.warn(
/opt/conda/envs/diffsensei/lib/python3.11/site-packages/torch/nn/modules/module.py:2400: UserWarning: for layer3.3.bn2.weight: copying from a non-meta parameter in the checkpoint to a meta parameter in the current model, which is a no-op. (Did you mean to pass `assign=True` to assign items in the state dictionary to their corresponding key in the module instead of copying them in place?)
  warnings.warn(
/opt/conda/envs/diffsensei/lib/python3.11/site-packages/torch/nn/modules/module.py:2400: UserWarning: for layer3.3.bn2.bias: copying from a non-meta parameter in the checkpoint to a meta parameter in the current model, which is a no-op. (Did you mean to pass `assign=True` to assign items in the state dictionary to their corresponding key in the module instead of copying them in place?)
  warnings.warn(
/opt/conda/envs/diffsensei/lib/python3.11/site-packages/torch/nn/modules/module.py:2400: UserWarning: for layer3.3.conv3.weight: copying from a non-meta parameter in the checkpoint to a meta parameter in the current model, which is a no-op. (Did you mean to pass `assign=True` to assign items in the state dictionary to their corresponding key in the module instead of copying them in place?)
  warnings.warn(
/opt/conda/envs/diffsensei/lib/python3.11/site-packages/torch/nn/modules/module.py:2400: UserWarning: for layer3.3.bn3.weight: copying from a non-meta parameter in the checkpoint to a meta parameter in the current model, which is a no-op. (Did you mean to pass `assign=True` to assign items in the state dictionary to their corresponding key in the module instead of copying them in place?)
  warnings.warn(
/opt/conda/envs/diffsensei/lib/python3.11/site-packages/torch/nn/modules/module.py:2400: UserWarning: for layer3.3.bn3.bias: copying from a non-meta parameter in the checkpoint to a meta parameter in the current model, which is a no-op. (Did you mean to pass `assign=True` to assign items in the state dictionary to their corresponding key in the module instead of copying them in place?)
  warnings.warn(
/opt/conda/envs/diffsensei/lib/python3.11/site-packages/torch/nn/modules/module.py:2400: UserWarning: for layer3.4.conv1.weight: copying from a non-meta parameter in the checkpoint to a meta parameter in the current model, which is a no-op. (Did you mean to pass `assign=True` to assign items in the state dictionary to their corresponding key in the module instead of copying them in place?)
  warnings.warn(
/opt/conda/envs/diffsensei/lib/python3.11/site-packages/torch/nn/modules/module.py:2400: UserWarning: for layer3.4.bn1.weight: copying from a non-meta parameter in the checkpoint to a meta parameter in the current model, which is a no-op. (Did you mean to pass `assign=True` to assign items in the state dictionary to their corresponding key in the module instead of copying them in place?)
  warnings.warn(
/opt/conda/envs/diffsensei/lib/python3.11/site-packages/torch/nn/modules/module.py:2400: UserWarning: for layer3.4.bn1.bias: copying from a non-meta parameter in the checkpoint to a meta parameter in the current model, which is a no-op. (Did you mean to pass `assign=True` to assign items in the state dictionary to their corresponding key in the module instead of copying them in place?)
  warnings.warn(
/opt/conda/envs/diffsensei/lib/python3.11/site-packages/torch/nn/modules/module.py:2400: UserWarning: for layer3.4.conv2.weight: copying from a non-meta parameter in the checkpoint to a meta parameter in the current model, which is a no-op. (Did you mean to pass `assign=True` to assign items in the state dictionary to their corresponding key in the module instead of copying them in place?)
  warnings.warn(
/opt/conda/envs/diffsensei/lib/python3.11/site-packages/torch/nn/modules/module.py:2400: UserWarning: for layer3.4.bn2.weight: copying from a non-meta parameter in the checkpoint to a meta parameter in the current model, which is a no-op. (Did you mean to pass `assign=True` to assign items in the state dictionary to their corresponding key in the module instead of copying them in place?)
  warnings.warn(
/opt/conda/envs/diffsensei/lib/python3.11/site-packages/torch/nn/modules/module.py:2400: UserWarning: for layer3.4.bn2.bias: copying from a non-meta parameter in the checkpoint to a meta parameter in the current model, which is a no-op. (Did you mean to pass `assign=True` to assign items in the state dictionary to their corresponding key in the module instead of copying them in place?)
  warnings.warn(
/opt/conda/envs/diffsensei/lib/python3.11/site-packages/torch/nn/modules/module.py:2400: UserWarning: for layer3.4.conv3.weight: copying from a non-meta parameter in the checkpoint to a meta parameter in the current model, which is a no-op. (Did you mean to pass `assign=True` to assign items in the state dictionary to their corresponding key in the module instead of copying them in place?)
  warnings.warn(
/opt/conda/envs/diffsensei/lib/python3.11/site-packages/torch/nn/modules/module.py:2400: UserWarning: for layer3.4.bn3.weight: copying from a non-meta parameter in the checkpoint to a meta parameter in the current model, which is a no-op. (Did you mean to pass `assign=True` to assign items in the state dictionary to their corresponding key in the module instead of copying them in place?)
  warnings.warn(
/opt/conda/envs/diffsensei/lib/python3.11/site-packages/torch/nn/modules/module.py:2400: UserWarning: for layer3.4.bn3.bias: copying from a non-meta parameter in the checkpoint to a meta parameter in the current model, which is a no-op. (Did you mean to pass `assign=True` to assign items in the state dictionary to their corresponding key in the module instead of copying them in place?)
  warnings.warn(
/opt/conda/envs/diffsensei/lib/python3.11/site-packages/torch/nn/modules/module.py:2400: UserWarning: for layer3.5.conv1.weight: copying from a non-meta parameter in the checkpoint to a meta parameter in the current model, which is a no-op. (Did you mean to pass `assign=True` to assign items in the state dictionary to their corresponding key in the module instead of copying them in place?)
  warnings.warn(
/opt/conda/envs/diffsensei/lib/python3.11/site-packages/torch/nn/modules/module.py:2400: UserWarning: for layer3.5.bn1.weight: copying from a non-meta parameter in the checkpoint to a meta parameter in the current model, which is a no-op. (Did you mean to pass `assign=True` to assign items in the state dictionary to their corresponding key in the module instead of copying them in place?)
  warnings.warn(
/opt/conda/envs/diffsensei/lib/python3.11/site-packages/torch/nn/modules/module.py:2400: UserWarning: for layer3.5.bn1.bias: copying from a non-meta parameter in the checkpoint to a meta parameter in the current model, which is a no-op. (Did you mean to pass `assign=True` to assign items in the state dictionary to their corresponding key in the module instead of copying them in place?)
  warnings.warn(
/opt/conda/envs/diffsensei/lib/python3.11/site-packages/torch/nn/modules/module.py:2400: UserWarning: for layer3.5.conv2.weight: copying from a non-meta parameter in the checkpoint to a meta parameter in the current model, which is a no-op. (Did you mean to pass `assign=True` to assign items in the state dictionary to their corresponding key in the module instead of copying them in place?)
  warnings.warn(
/opt/conda/envs/diffsensei/lib/python3.11/site-packages/torch/nn/modules/module.py:2400: UserWarning: for layer3.5.bn2.weight: copying from a non-meta parameter in the checkpoint to a meta parameter in the current model, which is a no-op. (Did you mean to pass `assign=True` to assign items in the state dictionary to their corresponding key in the module instead of copying them in place?)
  warnings.warn(
/opt/conda/envs/diffsensei/lib/python3.11/site-packages/torch/nn/modules/module.py:2400: UserWarning: for layer3.5.bn2.bias: copying from a non-meta parameter in the checkpoint to a meta parameter in the current model, which is a no-op. (Did you mean to pass `assign=True` to assign items in the state dictionary to their corresponding key in the module instead of copying them in place?)
  warnings.warn(
/opt/conda/envs/diffsensei/lib/python3.11/site-packages/torch/nn/modules/module.py:2400: UserWarning: for layer3.5.conv3.weight: copying from a non-meta parameter in the checkpoint to a meta parameter in the current model, which is a no-op. (Did you mean to pass `assign=True` to assign items in the state dictionary to their corresponding key in the module instead of copying them in place?)
  warnings.warn(
/opt/conda/envs/diffsensei/lib/python3.11/site-packages/torch/nn/modules/module.py:2400: UserWarning: for layer3.5.bn3.weight: copying from a non-meta parameter in the checkpoint to a meta parameter in the current model, which is a no-op. (Did you mean to pass `assign=True` to assign items in the state dictionary to their corresponding key in the module instead of copying them in place?)
  warnings.warn(
/opt/conda/envs/diffsensei/lib/python3.11/site-packages/torch/nn/modules/module.py:2400: UserWarning: for layer3.5.bn3.bias: copying from a non-meta parameter in the checkpoint to a meta parameter in the current model, which is a no-op. (Did you mean to pass `assign=True` to assign items in the state dictionary to their corresponding key in the module instead of copying them in place?)
  warnings.warn(
/opt/conda/envs/diffsensei/lib/python3.11/site-packages/torch/nn/modules/module.py:2400: UserWarning: for layer4.0.conv1.weight: copying from a non-meta parameter in the checkpoint to a meta parameter in the current model, which is a no-op. (Did you mean to pass `assign=True` to assign items in the state dictionary to their corresponding key in the module instead of copying them in place?)
  warnings.warn(
/opt/conda/envs/diffsensei/lib/python3.11/site-packages/torch/nn/modules/module.py:2400: UserWarning: for layer4.0.bn1.weight: copying from a non-meta parameter in the checkpoint to a meta parameter in the current model, which is a no-op. (Did you mean to pass `assign=True` to assign items in the state dictionary to their corresponding key in the module instead of copying them in place?)
  warnings.warn(
/opt/conda/envs/diffsensei/lib/python3.11/site-packages/torch/nn/modules/module.py:2400: UserWarning: for layer4.0.bn1.bias: copying from a non-meta parameter in the checkpoint to a meta parameter in the current model, which is a no-op. (Did you mean to pass `assign=True` to assign items in the state dictionary to their corresponding key in the module instead of copying them in place?)
  warnings.warn(
/opt/conda/envs/diffsensei/lib/python3.11/site-packages/torch/nn/modules/module.py:2400: UserWarning: for layer4.0.conv2.weight: copying from a non-meta parameter in the checkpoint to a meta parameter in the current model, which is a no-op. (Did you mean to pass `assign=True` to assign items in the state dictionary to their corresponding key in the module instead of copying them in place?)
  warnings.warn(
/opt/conda/envs/diffsensei/lib/python3.11/site-packages/torch/nn/modules/module.py:2400: UserWarning: for layer4.0.bn2.weight: copying from a non-meta parameter in the checkpoint to a meta parameter in the current model, which is a no-op. (Did you mean to pass `assign=True` to assign items in the state dictionary to their corresponding key in the module instead of copying them in place?)
  warnings.warn(
/opt/conda/envs/diffsensei/lib/python3.11/site-packages/torch/nn/modules/module.py:2400: UserWarning: for layer4.0.bn2.bias: copying from a non-meta parameter in the checkpoint to a meta parameter in the current model, which is a no-op. (Did you mean to pass `assign=True` to assign items in the state dictionary to their corresponding key in the module instead of copying them in place?)
  warnings.warn(
/opt/conda/envs/diffsensei/lib/python3.11/site-packages/torch/nn/modules/module.py:2400: UserWarning: for layer4.0.conv3.weight: copying from a non-meta parameter in the checkpoint to a meta parameter in the current model, which is a no-op. (Did you mean to pass `assign=True` to assign items in the state dictionary to their corresponding key in the module instead of copying them in place?)
  warnings.warn(
/opt/conda/envs/diffsensei/lib/python3.11/site-packages/torch/nn/modules/module.py:2400: UserWarning: for layer4.0.bn3.weight: copying from a non-meta parameter in the checkpoint to a meta parameter in the current model, which is a no-op. (Did you mean to pass `assign=True` to assign items in the state dictionary to their corresponding key in the module instead of copying them in place?)
  warnings.warn(
/opt/conda/envs/diffsensei/lib/python3.11/site-packages/torch/nn/modules/module.py:2400: UserWarning: for layer4.0.bn3.bias: copying from a non-meta parameter in the checkpoint to a meta parameter in the current model, which is a no-op. (Did you mean to pass `assign=True` to assign items in the state dictionary to their corresponding key in the module instead of copying them in place?)
  warnings.warn(
/opt/conda/envs/diffsensei/lib/python3.11/site-packages/torch/nn/modules/module.py:2400: UserWarning: for layer4.0.downsample.0.weight: copying from a non-meta parameter in the checkpoint to a meta parameter in the current model, which is a no-op. (Did you mean to pass `assign=True` to assign items in the state dictionary to their corresponding key in the module instead of copying them in place?)
  warnings.warn(
/opt/conda/envs/diffsensei/lib/python3.11/site-packages/torch/nn/modules/module.py:2400: UserWarning: for layer4.0.downsample.1.weight: copying from a non-meta parameter in the checkpoint to a meta parameter in the current model, which is a no-op. (Did you mean to pass `assign=True` to assign items in the state dictionary to their corresponding key in the module instead of copying them in place?)
  warnings.warn(
/opt/conda/envs/diffsensei/lib/python3.11/site-packages/torch/nn/modules/module.py:2400: UserWarning: for layer4.0.downsample.1.bias: copying from a non-meta parameter in the checkpoint to a meta parameter in the current model, which is a no-op. (Did you mean to pass `assign=True` to assign items in the state dictionary to their corresponding key in the module instead of copying them in place?)
  warnings.warn(
/opt/conda/envs/diffsensei/lib/python3.11/site-packages/torch/nn/modules/module.py:2400: UserWarning: for layer4.1.conv1.weight: copying from a non-meta parameter in the checkpoint to a meta parameter in the current model, which is a no-op. (Did you mean to pass `assign=True` to assign items in the state dictionary to their corresponding key in the module instead of copying them in place?)
  warnings.warn(
/opt/conda/envs/diffsensei/lib/python3.11/site-packages/torch/nn/modules/module.py:2400: UserWarning: for layer4.1.bn1.weight: copying from a non-meta parameter in the checkpoint to a meta parameter in the current model, which is a no-op. (Did you mean to pass `assign=True` to assign items in the state dictionary to their corresponding key in the module instead of copying them in place?)
  warnings.warn(
/opt/conda/envs/diffsensei/lib/python3.11/site-packages/torch/nn/modules/module.py:2400: UserWarning: for layer4.1.bn1.bias: copying from a non-meta parameter in the checkpoint to a meta parameter in the current model, which is a no-op. (Did you mean to pass `assign=True` to assign items in the state dictionary to their corresponding key in the module instead of copying them in place?)
  warnings.warn(
/opt/conda/envs/diffsensei/lib/python3.11/site-packages/torch/nn/modules/module.py:2400: UserWarning: for layer4.1.conv2.weight: copying from a non-meta parameter in the checkpoint to a meta parameter in the current model, which is a no-op. (Did you mean to pass `assign=True` to assign items in the state dictionary to their corresponding key in the module instead of copying them in place?)
  warnings.warn(
/opt/conda/envs/diffsensei/lib/python3.11/site-packages/torch/nn/modules/module.py:2400: UserWarning: for layer4.1.bn2.weight: copying from a non-meta parameter in the checkpoint to a meta parameter in the current model, which is a no-op. (Did you mean to pass `assign=True` to assign items in the state dictionary to their corresponding key in the module instead of copying them in place?)
  warnings.warn(
/opt/conda/envs/diffsensei/lib/python3.11/site-packages/torch/nn/modules/module.py:2400: UserWarning: for layer4.1.bn2.bias: copying from a non-meta parameter in the checkpoint to a meta parameter in the current model, which is a no-op. (Did you mean to pass `assign=True` to assign items in the state dictionary to their corresponding key in the module instead of copying them in place?)
  warnings.warn(
/opt/conda/envs/diffsensei/lib/python3.11/site-packages/torch/nn/modules/module.py:2400: UserWarning: for layer4.1.conv3.weight: copying from a non-meta parameter in the checkpoint to a meta parameter in the current model, which is a no-op. (Did you mean to pass `assign=True` to assign items in the state dictionary to their corresponding key in the module instead of copying them in place?)
  warnings.warn(
/opt/conda/envs/diffsensei/lib/python3.11/site-packages/torch/nn/modules/module.py:2400: UserWarning: for layer4.1.bn3.weight: copying from a non-meta parameter in the checkpoint to a meta parameter in the current model, which is a no-op. (Did you mean to pass `assign=True` to assign items in the state dictionary to their corresponding key in the module instead of copying them in place?)
  warnings.warn(
/opt/conda/envs/diffsensei/lib/python3.11/site-packages/torch/nn/modules/module.py:2400: UserWarning: for layer4.1.bn3.bias: copying from a non-meta parameter in the checkpoint to a meta parameter in the current model, which is a no-op. (Did you mean to pass `assign=True` to assign items in the state dictionary to their corresponding key in the module instead of copying them in place?)
  warnings.warn(
/opt/conda/envs/diffsensei/lib/python3.11/site-packages/torch/nn/modules/module.py:2400: UserWarning: for layer4.2.conv1.weight: copying from a non-meta parameter in the checkpoint to a meta parameter in the current model, which is a no-op. (Did you mean to pass `assign=True` to assign items in the state dictionary to their corresponding key in the module instead of copying them in place?)
  warnings.warn(
/opt/conda/envs/diffsensei/lib/python3.11/site-packages/torch/nn/modules/module.py:2400: UserWarning: for layer4.2.bn1.weight: copying from a non-meta parameter in the checkpoint to a meta parameter in the current model, which is a no-op. (Did you mean to pass `assign=True` to assign items in the state dictionary to their corresponding key in the module instead of copying them in place?)
  warnings.warn(
/opt/conda/envs/diffsensei/lib/python3.11/site-packages/torch/nn/modules/module.py:2400: UserWarning: for layer4.2.bn1.bias: copying from a non-meta parameter in the checkpoint to a meta parameter in the current model, which is a no-op. (Did you mean to pass `assign=True` to assign items in the state dictionary to their corresponding key in the module instead of copying them in place?)
  warnings.warn(
/opt/conda/envs/diffsensei/lib/python3.11/site-packages/torch/nn/modules/module.py:2400: UserWarning: for layer4.2.conv2.weight: copying from a non-meta parameter in the checkpoint to a meta parameter in the current model, which is a no-op. (Did you mean to pass `assign=True` to assign items in the state dictionary to their corresponding key in the module instead of copying them in place?)
  warnings.warn(
/opt/conda/envs/diffsensei/lib/python3.11/site-packages/torch/nn/modules/module.py:2400: UserWarning: for layer4.2.bn2.weight: copying from a non-meta parameter in the checkpoint to a meta parameter in the current model, which is a no-op. (Did you mean to pass `assign=True` to assign items in the state dictionary to their corresponding key in the module instead of copying them in place?)
  warnings.warn(
/opt/conda/envs/diffsensei/lib/python3.11/site-packages/torch/nn/modules/module.py:2400: UserWarning: for layer4.2.bn2.bias: copying from a non-meta parameter in the checkpoint to a meta parameter in the current model, which is a no-op. (Did you mean to pass `assign=True` to assign items in the state dictionary to their corresponding key in the module instead of copying them in place?)
  warnings.warn(
/opt/conda/envs/diffsensei/lib/python3.11/site-packages/torch/nn/modules/module.py:2400: UserWarning: for layer4.2.conv3.weight: copying from a non-meta parameter in the checkpoint to a meta parameter in the current model, which is a no-op. (Did you mean to pass `assign=True` to assign items in the state dictionary to their corresponding key in the module instead of copying them in place?)
  warnings.warn(
/opt/conda/envs/diffsensei/lib/python3.11/site-packages/torch/nn/modules/module.py:2400: UserWarning: for layer4.2.bn3.weight: copying from a non-meta parameter in the checkpoint to a meta parameter in the current model, which is a no-op. (Did you mean to pass `assign=True` to assign items in the state dictionary to their corresponding key in the module instead of copying them in place?)
  warnings.warn(
/opt/conda/envs/diffsensei/lib/python3.11/site-packages/torch/nn/modules/module.py:2400: UserWarning: for layer4.2.bn3.bias: copying from a non-meta parameter in the checkpoint to a meta parameter in the current model, which is a no-op. (Did you mean to pass `assign=True` to assign items in the state dictionary to their corresponding key in the module instead of copying them in place?)
  warnings.warn(
Config of the encoder: <class 'transformers.models.vit.modeling_vit.ViTModel'> is overwritten by shared encoder config: ViTConfig {
  "attention_probs_dropout_prob": 0.0,
  "encoder_stride": 16,
  "hidden_act": "gelu",
  "hidden_dropout_prob": 0.0,
  "hidden_size": 768,
  "image_size": 384,
  "initializer_range": 0.02,
  "intermediate_size": 3072,
  "layer_norm_eps": 1e-12,
  "model_type": "vit",
  "num_attention_heads": 12,
  "num_channels": 3,
  "num_hidden_layers": 12,
  "patch_size": 16,
  "pooler_act": "tanh",
  "pooler_output_size": 768,
  "qkv_bias": false,
  "transformers_version": "4.51.3"
}

Config of the decoder: <class 'transformers.models.trocr.modeling_trocr.TrOCRForCausalLM'> is overwritten by shared decoder config: TrOCRConfig {
  "activation_dropout": 0.0,
  "activation_function": "gelu",
  "add_cross_attention": true,
  "attention_dropout": 0.0,
  "bos_token_id": 0,
  "classifier_dropout": 0.0,
  "cross_attention_hidden_size": 768,
  "d_model": 1024,
  "decoder_attention_heads": 16,
  "decoder_ffn_dim": 4096,
  "decoder_layerdrop": 0.0,
  "decoder_layers": 12,
  "decoder_start_token_id": 2,
  "dropout": 0.1,
  "eos_token_id": 2,
  "init_std": 0.02,
  "is_decoder": true,
  "layernorm_embedding": true,
  "max_position_embeddings": 512,
  "model_type": "trocr",
  "pad_token_id": 1,
  "scale_embedding": false,
  "transformers_version": "4.51.3",
  "use_cache": false,
  "use_learned_position_embeddings": true,
  "vocab_size": 50265
}

/opt/conda/envs/diffsensei/lib/python3.11/site-packages/torch/nn/modules/module.py:2400: UserWarning: for conv1.weight: copying from a non-meta parameter in the checkpoint to a meta parameter in the current model, which is a no-op. (Did you mean to pass `assign=True` to assign items in the state dictionary to their corresponding key in the module instead of copying them in place?)
  warnings.warn(
/opt/conda/envs/diffsensei/lib/python3.11/site-packages/torch/nn/modules/module.py:2400: UserWarning: for bn1.weight: copying from a non-meta parameter in the checkpoint to a meta parameter in the current model, which is a no-op. (Did you mean to pass `assign=True` to assign items in the state dictionary to their corresponding key in the module instead of copying them in place?)
  warnings.warn(
/opt/conda/envs/diffsensei/lib/python3.11/site-packages/torch/nn/modules/module.py:2400: UserWarning: for bn1.bias: copying from a non-meta parameter in the checkpoint to a meta parameter in the current model, which is a no-op. (Did you mean to pass `assign=True` to assign items in the state dictionary to their corresponding key in the module instead of copying them in place?)
  warnings.warn(
/opt/conda/envs/diffsensei/lib/python3.11/site-packages/torch/nn/modules/module.py:2400: UserWarning: for layer1.0.conv1.weight: copying from a non-meta parameter in the checkpoint to a meta parameter in the current model, which is a no-op. (Did you mean to pass `assign=True` to assign items in the state dictionary to their corresponding key in the module instead of copying them in place?)
  warnings.warn(
/opt/conda/envs/diffsensei/lib/python3.11/site-packages/torch/nn/modules/module.py:2400: UserWarning: for layer1.0.bn1.weight: copying from a non-meta parameter in the checkpoint to a meta parameter in the current model, which is a no-op. (Did you mean to pass `assign=True` to assign items in the state dictionary to their corresponding key in the module instead of copying them in place?)
  warnings.warn(
/opt/conda/envs/diffsensei/lib/python3.11/site-packages/torch/nn/modules/module.py:2400: UserWarning: for layer1.0.bn1.bias: copying from a non-meta parameter in the checkpoint to a meta parameter in the current model, which is a no-op. (Did you mean to pass `assign=True` to assign items in the state dictionary to their corresponding key in the module instead of copying them in place?)
  warnings.warn(
/opt/conda/envs/diffsensei/lib/python3.11/site-packages/torch/nn/modules/module.py:2400: UserWarning: for layer1.0.conv2.weight: copying from a non-meta parameter in the checkpoint to a meta parameter in the current model, which is a no-op. (Did you mean to pass `assign=True` to assign items in the state dictionary to their corresponding key in the module instead of copying them in place?)
  warnings.warn(
/opt/conda/envs/diffsensei/lib/python3.11/site-packages/torch/nn/modules/module.py:2400: UserWarning: for layer1.0.bn2.weight: copying from a non-meta parameter in the checkpoint to a meta parameter in the current model, which is a no-op. (Did you mean to pass `assign=True` to assign items in the state dictionary to their corresponding key in the module instead of copying them in place?)
  warnings.warn(
/opt/conda/envs/diffsensei/lib/python3.11/site-packages/torch/nn/modules/module.py:2400: UserWarning: for layer1.0.bn2.bias: copying from a non-meta parameter in the checkpoint to a meta parameter in the current model, which is a no-op. (Did you mean to pass `assign=True` to assign items in the state dictionary to their corresponding key in the module instead of copying them in place?)
  warnings.warn(
/opt/conda/envs/diffsensei/lib/python3.11/site-packages/torch/nn/modules/module.py:2400: UserWarning: for layer1.0.conv3.weight: copying from a non-meta parameter in the checkpoint to a meta parameter in the current model, which is a no-op. (Did you mean to pass `assign=True` to assign items in the state dictionary to their corresponding key in the module instead of copying them in place?)
  warnings.warn(
/opt/conda/envs/diffsensei/lib/python3.11/site-packages/torch/nn/modules/module.py:2400: UserWarning: for layer1.0.bn3.weight: copying from a non-meta parameter in the checkpoint to a meta parameter in the current model, which is a no-op. (Did you mean to pass `assign=True` to assign items in the state dictionary to their corresponding key in the module instead of copying them in place?)
  warnings.warn(
/opt/conda/envs/diffsensei/lib/python3.11/site-packages/torch/nn/modules/module.py:2400: UserWarning: for layer1.0.bn3.bias: copying from a non-meta parameter in the checkpoint to a meta parameter in the current model, which is a no-op. (Did you mean to pass `assign=True` to assign items in the state dictionary to their corresponding key in the module instead of copying them in place?)
  warnings.warn(
/opt/conda/envs/diffsensei/lib/python3.11/site-packages/torch/nn/modules/module.py:2400: UserWarning: for layer1.0.downsample.0.weight: copying from a non-meta parameter in the checkpoint to a meta parameter in the current model, which is a no-op. (Did you mean to pass `assign=True` to assign items in the state dictionary to their corresponding key in the module instead of copying them in place?)
  warnings.warn(
/opt/conda/envs/diffsensei/lib/python3.11/site-packages/torch/nn/modules/module.py:2400: UserWarning: for layer1.0.downsample.1.weight: copying from a non-meta parameter in the checkpoint to a meta parameter in the current model, which is a no-op. (Did you mean to pass `assign=True` to assign items in the state dictionary to their corresponding key in the module instead of copying them in place?)
  warnings.warn(
/opt/conda/envs/diffsensei/lib/python3.11/site-packages/torch/nn/modules/module.py:2400: UserWarning: for layer1.0.downsample.1.bias: copying from a non-meta parameter in the checkpoint to a meta parameter in the current model, which is a no-op. (Did you mean to pass `assign=True` to assign items in the state dictionary to their corresponding key in the module instead of copying them in place?)
  warnings.warn(
/opt/conda/envs/diffsensei/lib/python3.11/site-packages/torch/nn/modules/module.py:2400: UserWarning: for layer1.1.conv1.weight: copying from a non-meta parameter in the checkpoint to a meta parameter in the current model, which is a no-op. (Did you mean to pass `assign=True` to assign items in the state dictionary to their corresponding key in the module instead of copying them in place?)
  warnings.warn(
/opt/conda/envs/diffsensei/lib/python3.11/site-packages/torch/nn/modules/module.py:2400: UserWarning: for layer1.1.bn1.weight: copying from a non-meta parameter in the checkpoint to a meta parameter in the current model, which is a no-op. (Did you mean to pass `assign=True` to assign items in the state dictionary to their corresponding key in the module instead of copying them in place?)
  warnings.warn(
/opt/conda/envs/diffsensei/lib/python3.11/site-packages/torch/nn/modules/module.py:2400: UserWarning: for layer1.1.bn1.bias: copying from a non-meta parameter in the checkpoint to a meta parameter in the current model, which is a no-op. (Did you mean to pass `assign=True` to assign items in the state dictionary to their corresponding key in the module instead of copying them in place?)
  warnings.warn(
/opt/conda/envs/diffsensei/lib/python3.11/site-packages/torch/nn/modules/module.py:2400: UserWarning: for layer1.1.conv2.weight: copying from a non-meta parameter in the checkpoint to a meta parameter in the current model, which is a no-op. (Did you mean to pass `assign=True` to assign items in the state dictionary to their corresponding key in the module instead of copying them in place?)
  warnings.warn(
/opt/conda/envs/diffsensei/lib/python3.11/site-packages/torch/nn/modules/module.py:2400: UserWarning: for layer1.1.bn2.weight: copying from a non-meta parameter in the checkpoint to a meta parameter in the current model, which is a no-op. (Did you mean to pass `assign=True` to assign items in the state dictionary to their corresponding key in the module instead of copying them in place?)
  warnings.warn(
/opt/conda/envs/diffsensei/lib/python3.11/site-packages/torch/nn/modules/module.py:2400: UserWarning: for layer1.1.bn2.bias: copying from a non-meta parameter in the checkpoint to a meta parameter in the current model, which is a no-op. (Did you mean to pass `assign=True` to assign items in the state dictionary to their corresponding key in the module instead of copying them in place?)
  warnings.warn(
/opt/conda/envs/diffsensei/lib/python3.11/site-packages/torch/nn/modules/module.py:2400: UserWarning: for layer1.1.conv3.weight: copying from a non-meta parameter in the checkpoint to a meta parameter in the current model, which is a no-op. (Did you mean to pass `assign=True` to assign items in the state dictionary to their corresponding key in the module instead of copying them in place?)
  warnings.warn(
/opt/conda/envs/diffsensei/lib/python3.11/site-packages/torch/nn/modules/module.py:2400: UserWarning: for layer1.1.bn3.weight: copying from a non-meta parameter in the checkpoint to a meta parameter in the current model, which is a no-op. (Did you mean to pass `assign=True` to assign items in the state dictionary to their corresponding key in the module instead of copying them in place?)
  warnings.warn(
/opt/conda/envs/diffsensei/lib/python3.11/site-packages/torch/nn/modules/module.py:2400: UserWarning: for layer1.1.bn3.bias: copying from a non-meta parameter in the checkpoint to a meta parameter in the current model, which is a no-op. (Did you mean to pass `assign=True` to assign items in the state dictionary to their corresponding key in the module instead of copying them in place?)
  warnings.warn(
/opt/conda/envs/diffsensei/lib/python3.11/site-packages/torch/nn/modules/module.py:2400: UserWarning: for layer1.2.conv1.weight: copying from a non-meta parameter in the checkpoint to a meta parameter in the current model, which is a no-op. (Did you mean to pass `assign=True` to assign items in the state dictionary to their corresponding key in the module instead of copying them in place?)
  warnings.warn(
/opt/conda/envs/diffsensei/lib/python3.11/site-packages/torch/nn/modules/module.py:2400: UserWarning: for layer1.2.bn1.weight: copying from a non-meta parameter in the checkpoint to a meta parameter in the current model, which is a no-op. (Did you mean to pass `assign=True` to assign items in the state dictionary to their corresponding key in the module instead of copying them in place?)
  warnings.warn(
/opt/conda/envs/diffsensei/lib/python3.11/site-packages/torch/nn/modules/module.py:2400: UserWarning: for layer1.2.bn1.bias: copying from a non-meta parameter in the checkpoint to a meta parameter in the current model, which is a no-op. (Did you mean to pass `assign=True` to assign items in the state dictionary to their corresponding key in the module instead of copying them in place?)
  warnings.warn(
/opt/conda/envs/diffsensei/lib/python3.11/site-packages/torch/nn/modules/module.py:2400: UserWarning: for layer1.2.conv2.weight: copying from a non-meta parameter in the checkpoint to a meta parameter in the current model, which is a no-op. (Did you mean to pass `assign=True` to assign items in the state dictionary to their corresponding key in the module instead of copying them in place?)
  warnings.warn(
/opt/conda/envs/diffsensei/lib/python3.11/site-packages/torch/nn/modules/module.py:2400: UserWarning: for layer1.2.bn2.weight: copying from a non-meta parameter in the checkpoint to a meta parameter in the current model, which is a no-op. (Did you mean to pass `assign=True` to assign items in the state dictionary to their corresponding key in the module instead of copying them in place?)
  warnings.warn(
/opt/conda/envs/diffsensei/lib/python3.11/site-packages/torch/nn/modules/module.py:2400: UserWarning: for layer1.2.bn2.bias: copying from a non-meta parameter in the checkpoint to a meta parameter in the current model, which is a no-op. (Did you mean to pass `assign=True` to assign items in the state dictionary to their corresponding key in the module instead of copying them in place?)
  warnings.warn(
/opt/conda/envs/diffsensei/lib/python3.11/site-packages/torch/nn/modules/module.py:2400: UserWarning: for layer1.2.conv3.weight: copying from a non-meta parameter in the checkpoint to a meta parameter in the current model, which is a no-op. (Did you mean to pass `assign=True` to assign items in the state dictionary to their corresponding key in the module instead of copying them in place?)
  warnings.warn(
/opt/conda/envs/diffsensei/lib/python3.11/site-packages/torch/nn/modules/module.py:2400: UserWarning: for layer1.2.bn3.weight: copying from a non-meta parameter in the checkpoint to a meta parameter in the current model, which is a no-op. (Did you mean to pass `assign=True` to assign items in the state dictionary to their corresponding key in the module instead of copying them in place?)
  warnings.warn(
/opt/conda/envs/diffsensei/lib/python3.11/site-packages/torch/nn/modules/module.py:2400: UserWarning: for layer1.2.bn3.bias: copying from a non-meta parameter in the checkpoint to a meta parameter in the current model, which is a no-op. (Did you mean to pass `assign=True` to assign items in the state dictionary to their corresponding key in the module instead of copying them in place?)
  warnings.warn(
/opt/conda/envs/diffsensei/lib/python3.11/site-packages/torch/nn/modules/module.py:2400: UserWarning: for layer2.0.conv1.weight: copying from a non-meta parameter in the checkpoint to a meta parameter in the current model, which is a no-op. (Did you mean to pass `assign=True` to assign items in the state dictionary to their corresponding key in the module instead of copying them in place?)
  warnings.warn(
/opt/conda/envs/diffsensei/lib/python3.11/site-packages/torch/nn/modules/module.py:2400: UserWarning: for layer2.0.bn1.weight: copying from a non-meta parameter in the checkpoint to a meta parameter in the current model, which is a no-op. (Did you mean to pass `assign=True` to assign items in the state dictionary to their corresponding key in the module instead of copying them in place?)
  warnings.warn(
/opt/conda/envs/diffsensei/lib/python3.11/site-packages/torch/nn/modules/module.py:2400: UserWarning: for layer2.0.bn1.bias: copying from a non-meta parameter in the checkpoint to a meta parameter in the current model, which is a no-op. (Did you mean to pass `assign=True` to assign items in the state dictionary to their corresponding key in the module instead of copying them in place?)
  warnings.warn(
/opt/conda/envs/diffsensei/lib/python3.11/site-packages/torch/nn/modules/module.py:2400: UserWarning: for layer2.0.conv2.weight: copying from a non-meta parameter in the checkpoint to a meta parameter in the current model, which is a no-op. (Did you mean to pass `assign=True` to assign items in the state dictionary to their corresponding key in the module instead of copying them in place?)
  warnings.warn(
/opt/conda/envs/diffsensei/lib/python3.11/site-packages/torch/nn/modules/module.py:2400: UserWarning: for layer2.0.bn2.weight: copying from a non-meta parameter in the checkpoint to a meta parameter in the current model, which is a no-op. (Did you mean to pass `assign=True` to assign items in the state dictionary to their corresponding key in the module instead of copying them in place?)
  warnings.warn(
/opt/conda/envs/diffsensei/lib/python3.11/site-packages/torch/nn/modules/module.py:2400: UserWarning: for layer2.0.bn2.bias: copying from a non-meta parameter in the checkpoint to a meta parameter in the current model, which is a no-op. (Did you mean to pass `assign=True` to assign items in the state dictionary to their corresponding key in the module instead of copying them in place?)
  warnings.warn(
/opt/conda/envs/diffsensei/lib/python3.11/site-packages/torch/nn/modules/module.py:2400: UserWarning: for layer2.0.conv3.weight: copying from a non-meta parameter in the checkpoint to a meta parameter in the current model, which is a no-op. (Did you mean to pass `assign=True` to assign items in the state dictionary to their corresponding key in the module instead of copying them in place?)
  warnings.warn(
/opt/conda/envs/diffsensei/lib/python3.11/site-packages/torch/nn/modules/module.py:2400: UserWarning: for layer2.0.bn3.weight: copying from a non-meta parameter in the checkpoint to a meta parameter in the current model, which is a no-op. (Did you mean to pass `assign=True` to assign items in the state dictionary to their corresponding key in the module instead of copying them in place?)
  warnings.warn(
/opt/conda/envs/diffsensei/lib/python3.11/site-packages/torch/nn/modules/module.py:2400: UserWarning: for layer2.0.bn3.bias: copying from a non-meta parameter in the checkpoint to a meta parameter in the current model, which is a no-op. (Did you mean to pass `assign=True` to assign items in the state dictionary to their corresponding key in the module instead of copying them in place?)
  warnings.warn(
/opt/conda/envs/diffsensei/lib/python3.11/site-packages/torch/nn/modules/module.py:2400: UserWarning: for layer2.0.downsample.0.weight: copying from a non-meta parameter in the checkpoint to a meta parameter in the current model, which is a no-op. (Did you mean to pass `assign=True` to assign items in the state dictionary to their corresponding key in the module instead of copying them in place?)
  warnings.warn(
/opt/conda/envs/diffsensei/lib/python3.11/site-packages/torch/nn/modules/module.py:2400: UserWarning: for layer2.0.downsample.1.weight: copying from a non-meta parameter in the checkpoint to a meta parameter in the current model, which is a no-op. (Did you mean to pass `assign=True` to assign items in the state dictionary to their corresponding key in the module instead of copying them in place?)
  warnings.warn(
/opt/conda/envs/diffsensei/lib/python3.11/site-packages/torch/nn/modules/module.py:2400: UserWarning: for layer2.0.downsample.1.bias: copying from a non-meta parameter in the checkpoint to a meta parameter in the current model, which is a no-op. (Did you mean to pass `assign=True` to assign items in the state dictionary to their corresponding key in the module instead of copying them in place?)
  warnings.warn(
/opt/conda/envs/diffsensei/lib/python3.11/site-packages/torch/nn/modules/module.py:2400: UserWarning: for layer2.1.conv1.weight: copying from a non-meta parameter in the checkpoint to a meta parameter in the current model, which is a no-op. (Did you mean to pass `assign=True` to assign items in the state dictionary to their corresponding key in the module instead of copying them in place?)
  warnings.warn(
/opt/conda/envs/diffsensei/lib/python3.11/site-packages/torch/nn/modules/module.py:2400: UserWarning: for layer2.1.bn1.weight: copying from a non-meta parameter in the checkpoint to a meta parameter in the current model, which is a no-op. (Did you mean to pass `assign=True` to assign items in the state dictionary to their corresponding key in the module instead of copying them in place?)
  warnings.warn(
/opt/conda/envs/diffsensei/lib/python3.11/site-packages/torch/nn/modules/module.py:2400: UserWarning: for layer2.1.bn1.bias: copying from a non-meta parameter in the checkpoint to a meta parameter in the current model, which is a no-op. (Did you mean to pass `assign=True` to assign items in the state dictionary to their corresponding key in the module instead of copying them in place?)
  warnings.warn(
/opt/conda/envs/diffsensei/lib/python3.11/site-packages/torch/nn/modules/module.py:2400: UserWarning: for layer2.1.conv2.weight: copying from a non-meta parameter in the checkpoint to a meta parameter in the current model, which is a no-op. (Did you mean to pass `assign=True` to assign items in the state dictionary to their corresponding key in the module instead of copying them in place?)
  warnings.warn(
/opt/conda/envs/diffsensei/lib/python3.11/site-packages/torch/nn/modules/module.py:2400: UserWarning: for layer2.1.bn2.weight: copying from a non-meta parameter in the checkpoint to a meta parameter in the current model, which is a no-op. (Did you mean to pass `assign=True` to assign items in the state dictionary to their corresponding key in the module instead of copying them in place?)
  warnings.warn(
/opt/conda/envs/diffsensei/lib/python3.11/site-packages/torch/nn/modules/module.py:2400: UserWarning: for layer2.1.bn2.bias: copying from a non-meta parameter in the checkpoint to a meta parameter in the current model, which is a no-op. (Did you mean to pass `assign=True` to assign items in the state dictionary to their corresponding key in the module instead of copying them in place?)
  warnings.warn(
/opt/conda/envs/diffsensei/lib/python3.11/site-packages/torch/nn/modules/module.py:2400: UserWarning: for layer2.1.conv3.weight: copying from a non-meta parameter in the checkpoint to a meta parameter in the current model, which is a no-op. (Did you mean to pass `assign=True` to assign items in the state dictionary to their corresponding key in the module instead of copying them in place?)
  warnings.warn(
/opt/conda/envs/diffsensei/lib/python3.11/site-packages/torch/nn/modules/module.py:2400: UserWarning: for layer2.1.bn3.weight: copying from a non-meta parameter in the checkpoint to a meta parameter in the current model, which is a no-op. (Did you mean to pass `assign=True` to assign items in the state dictionary to their corresponding key in the module instead of copying them in place?)
  warnings.warn(
/opt/conda/envs/diffsensei/lib/python3.11/site-packages/torch/nn/modules/module.py:2400: UserWarning: for layer2.1.bn3.bias: copying from a non-meta parameter in the checkpoint to a meta parameter in the current model, which is a no-op. (Did you mean to pass `assign=True` to assign items in the state dictionary to their corresponding key in the module instead of copying them in place?)
  warnings.warn(
/opt/conda/envs/diffsensei/lib/python3.11/site-packages/torch/nn/modules/module.py:2400: UserWarning: for layer2.2.conv1.weight: copying from a non-meta parameter in the checkpoint to a meta parameter in the current model, which is a no-op. (Did you mean to pass `assign=True` to assign items in the state dictionary to their corresponding key in the module instead of copying them in place?)
  warnings.warn(
/opt/conda/envs/diffsensei/lib/python3.11/site-packages/torch/nn/modules/module.py:2400: UserWarning: for layer2.2.bn1.weight: copying from a non-meta parameter in the checkpoint to a meta parameter in the current model, which is a no-op. (Did you mean to pass `assign=True` to assign items in the state dictionary to their corresponding key in the module instead of copying them in place?)
  warnings.warn(
/opt/conda/envs/diffsensei/lib/python3.11/site-packages/torch/nn/modules/module.py:2400: UserWarning: for layer2.2.bn1.bias: copying from a non-meta parameter in the checkpoint to a meta parameter in the current model, which is a no-op. (Did you mean to pass `assign=True` to assign items in the state dictionary to their corresponding key in the module instead of copying them in place?)
  warnings.warn(
/opt/conda/envs/diffsensei/lib/python3.11/site-packages/torch/nn/modules/module.py:2400: UserWarning: for layer2.2.conv2.weight: copying from a non-meta parameter in the checkpoint to a meta parameter in the current model, which is a no-op. (Did you mean to pass `assign=True` to assign items in the state dictionary to their corresponding key in the module instead of copying them in place?)
  warnings.warn(
/opt/conda/envs/diffsensei/lib/python3.11/site-packages/torch/nn/modules/module.py:2400: UserWarning: for layer2.2.bn2.weight: copying from a non-meta parameter in the checkpoint to a meta parameter in the current model, which is a no-op. (Did you mean to pass `assign=True` to assign items in the state dictionary to their corresponding key in the module instead of copying them in place?)
  warnings.warn(
/opt/conda/envs/diffsensei/lib/python3.11/site-packages/torch/nn/modules/module.py:2400: UserWarning: for layer2.2.bn2.bias: copying from a non-meta parameter in the checkpoint to a meta parameter in the current model, which is a no-op. (Did you mean to pass `assign=True` to assign items in the state dictionary to their corresponding key in the module instead of copying them in place?)
  warnings.warn(
/opt/conda/envs/diffsensei/lib/python3.11/site-packages/torch/nn/modules/module.py:2400: UserWarning: for layer2.2.conv3.weight: copying from a non-meta parameter in the checkpoint to a meta parameter in the current model, which is a no-op. (Did you mean to pass `assign=True` to assign items in the state dictionary to their corresponding key in the module instead of copying them in place?)
  warnings.warn(
/opt/conda/envs/diffsensei/lib/python3.11/site-packages/torch/nn/modules/module.py:2400: UserWarning: for layer2.2.bn3.weight: copying from a non-meta parameter in the checkpoint to a meta parameter in the current model, which is a no-op. (Did you mean to pass `assign=True` to assign items in the state dictionary to their corresponding key in the module instead of copying them in place?)
  warnings.warn(
/opt/conda/envs/diffsensei/lib/python3.11/site-packages/torch/nn/modules/module.py:2400: UserWarning: for layer2.2.bn3.bias: copying from a non-meta parameter in the checkpoint to a meta parameter in the current model, which is a no-op. (Did you mean to pass `assign=True` to assign items in the state dictionary to their corresponding key in the module instead of copying them in place?)
  warnings.warn(
/opt/conda/envs/diffsensei/lib/python3.11/site-packages/torch/nn/modules/module.py:2400: UserWarning: for layer2.3.conv1.weight: copying from a non-meta parameter in the checkpoint to a meta parameter in the current model, which is a no-op. (Did you mean to pass `assign=True` to assign items in the state dictionary to their corresponding key in the module instead of copying them in place?)
  warnings.warn(
/opt/conda/envs/diffsensei/lib/python3.11/site-packages/torch/nn/modules/module.py:2400: UserWarning: for layer2.3.bn1.weight: copying from a non-meta parameter in the checkpoint to a meta parameter in the current model, which is a no-op. (Did you mean to pass `assign=True` to assign items in the state dictionary to their corresponding key in the module instead of copying them in place?)
  warnings.warn(
/opt/conda/envs/diffsensei/lib/python3.11/site-packages/torch/nn/modules/module.py:2400: UserWarning: for layer2.3.bn1.bias: copying from a non-meta parameter in the checkpoint to a meta parameter in the current model, which is a no-op. (Did you mean to pass `assign=True` to assign items in the state dictionary to their corresponding key in the module instead of copying them in place?)
  warnings.warn(
/opt/conda/envs/diffsensei/lib/python3.11/site-packages/torch/nn/modules/module.py:2400: UserWarning: for layer2.3.conv2.weight: copying from a non-meta parameter in the checkpoint to a meta parameter in the current model, which is a no-op. (Did you mean to pass `assign=True` to assign items in the state dictionary to their corresponding key in the module instead of copying them in place?)
  warnings.warn(
/opt/conda/envs/diffsensei/lib/python3.11/site-packages/torch/nn/modules/module.py:2400: UserWarning: for layer2.3.bn2.weight: copying from a non-meta parameter in the checkpoint to a meta parameter in the current model, which is a no-op. (Did you mean to pass `assign=True` to assign items in the state dictionary to their corresponding key in the module instead of copying them in place?)
  warnings.warn(
/opt/conda/envs/diffsensei/lib/python3.11/site-packages/torch/nn/modules/module.py:2400: UserWarning: for layer2.3.bn2.bias: copying from a non-meta parameter in the checkpoint to a meta parameter in the current model, which is a no-op. (Did you mean to pass `assign=True` to assign items in the state dictionary to their corresponding key in the module instead of copying them in place?)
  warnings.warn(
/opt/conda/envs/diffsensei/lib/python3.11/site-packages/torch/nn/modules/module.py:2400: UserWarning: for layer2.3.conv3.weight: copying from a non-meta parameter in the checkpoint to a meta parameter in the current model, which is a no-op. (Did you mean to pass `assign=True` to assign items in the state dictionary to their corresponding key in the module instead of copying them in place?)
  warnings.warn(
/opt/conda/envs/diffsensei/lib/python3.11/site-packages/torch/nn/modules/module.py:2400: UserWarning: for layer2.3.bn3.weight: copying from a non-meta parameter in the checkpoint to a meta parameter in the current model, which is a no-op. (Did you mean to pass `assign=True` to assign items in the state dictionary to their corresponding key in the module instead of copying them in place?)
  warnings.warn(
/opt/conda/envs/diffsensei/lib/python3.11/site-packages/torch/nn/modules/module.py:2400: UserWarning: for layer2.3.bn3.bias: copying from a non-meta parameter in the checkpoint to a meta parameter in the current model, which is a no-op. (Did you mean to pass `assign=True` to assign items in the state dictionary to their corresponding key in the module instead of copying them in place?)
  warnings.warn(
/opt/conda/envs/diffsensei/lib/python3.11/site-packages/torch/nn/modules/module.py:2400: UserWarning: for layer3.0.conv1.weight: copying from a non-meta parameter in the checkpoint to a meta parameter in the current model, which is a no-op. (Did you mean to pass `assign=True` to assign items in the state dictionary to their corresponding key in the module instead of copying them in place?)
  warnings.warn(
/opt/conda/envs/diffsensei/lib/python3.11/site-packages/torch/nn/modules/module.py:2400: UserWarning: for layer3.0.bn1.weight: copying from a non-meta parameter in the checkpoint to a meta parameter in the current model, which is a no-op. (Did you mean to pass `assign=True` to assign items in the state dictionary to their corresponding key in the module instead of copying them in place?)
  warnings.warn(
/opt/conda/envs/diffsensei/lib/python3.11/site-packages/torch/nn/modules/module.py:2400: UserWarning: for layer3.0.bn1.bias: copying from a non-meta parameter in the checkpoint to a meta parameter in the current model, which is a no-op. (Did you mean to pass `assign=True` to assign items in the state dictionary to their corresponding key in the module instead of copying them in place?)
  warnings.warn(
/opt/conda/envs/diffsensei/lib/python3.11/site-packages/torch/nn/modules/module.py:2400: UserWarning: for layer3.0.conv2.weight: copying from a non-meta parameter in the checkpoint to a meta parameter in the current model, which is a no-op. (Did you mean to pass `assign=True` to assign items in the state dictionary to their corresponding key in the module instead of copying them in place?)
  warnings.warn(
/opt/conda/envs/diffsensei/lib/python3.11/site-packages/torch/nn/modules/module.py:2400: UserWarning: for layer3.0.bn2.weight: copying from a non-meta parameter in the checkpoint to a meta parameter in the current model, which is a no-op. (Did you mean to pass `assign=True` to assign items in the state dictionary to their corresponding key in the module instead of copying them in place?)
  warnings.warn(
/opt/conda/envs/diffsensei/lib/python3.11/site-packages/torch/nn/modules/module.py:2400: UserWarning: for layer3.0.bn2.bias: copying from a non-meta parameter in the checkpoint to a meta parameter in the current model, which is a no-op. (Did you mean to pass `assign=True` to assign items in the state dictionary to their corresponding key in the module instead of copying them in place?)
  warnings.warn(
/opt/conda/envs/diffsensei/lib/python3.11/site-packages/torch/nn/modules/module.py:2400: UserWarning: for layer3.0.conv3.weight: copying from a non-meta parameter in the checkpoint to a meta parameter in the current model, which is a no-op. (Did you mean to pass `assign=True` to assign items in the state dictionary to their corresponding key in the module instead of copying them in place?)
  warnings.warn(
/opt/conda/envs/diffsensei/lib/python3.11/site-packages/torch/nn/modules/module.py:2400: UserWarning: for layer3.0.bn3.weight: copying from a non-meta parameter in the checkpoint to a meta parameter in the current model, which is a no-op. (Did you mean to pass `assign=True` to assign items in the state dictionary to their corresponding key in the module instead of copying them in place?)
  warnings.warn(
/opt/conda/envs/diffsensei/lib/python3.11/site-packages/torch/nn/modules/module.py:2400: UserWarning: for layer3.0.bn3.bias: copying from a non-meta parameter in the checkpoint to a meta parameter in the current model, which is a no-op. (Did you mean to pass `assign=True` to assign items in the state dictionary to their corresponding key in the module instead of copying them in place?)
  warnings.warn(
/opt/conda/envs/diffsensei/lib/python3.11/site-packages/torch/nn/modules/module.py:2400: UserWarning: for layer3.0.downsample.0.weight: copying from a non-meta parameter in the checkpoint to a meta parameter in the current model, which is a no-op. (Did you mean to pass `assign=True` to assign items in the state dictionary to their corresponding key in the module instead of copying them in place?)
  warnings.warn(
/opt/conda/envs/diffsensei/lib/python3.11/site-packages/torch/nn/modules/module.py:2400: UserWarning: for layer3.0.downsample.1.weight: copying from a non-meta parameter in the checkpoint to a meta parameter in the current model, which is a no-op. (Did you mean to pass `assign=True` to assign items in the state dictionary to their corresponding key in the module instead of copying them in place?)
  warnings.warn(
/opt/conda/envs/diffsensei/lib/python3.11/site-packages/torch/nn/modules/module.py:2400: UserWarning: for layer3.0.downsample.1.bias: copying from a non-meta parameter in the checkpoint to a meta parameter in the current model, which is a no-op. (Did you mean to pass `assign=True` to assign items in the state dictionary to their corresponding key in the module instead of copying them in place?)
  warnings.warn(
/opt/conda/envs/diffsensei/lib/python3.11/site-packages/torch/nn/modules/module.py:2400: UserWarning: for layer3.1.conv1.weight: copying from a non-meta parameter in the checkpoint to a meta parameter in the current model, which is a no-op. (Did you mean to pass `assign=True` to assign items in the state dictionary to their corresponding key in the module instead of copying them in place?)
  warnings.warn(
/opt/conda/envs/diffsensei/lib/python3.11/site-packages/torch/nn/modules/module.py:2400: UserWarning: for layer3.1.bn1.weight: copying from a non-meta parameter in the checkpoint to a meta parameter in the current model, which is a no-op. (Did you mean to pass `assign=True` to assign items in the state dictionary to their corresponding key in the module instead of copying them in place?)
  warnings.warn(
/opt/conda/envs/diffsensei/lib/python3.11/site-packages/torch/nn/modules/module.py:2400: UserWarning: for layer3.1.bn1.bias: copying from a non-meta parameter in the checkpoint to a meta parameter in the current model, which is a no-op. (Did you mean to pass `assign=True` to assign items in the state dictionary to their corresponding key in the module instead of copying them in place?)
  warnings.warn(
/opt/conda/envs/diffsensei/lib/python3.11/site-packages/torch/nn/modules/module.py:2400: UserWarning: for layer3.1.conv2.weight: copying from a non-meta parameter in the checkpoint to a meta parameter in the current model, which is a no-op. (Did you mean to pass `assign=True` to assign items in the state dictionary to their corresponding key in the module instead of copying them in place?)
  warnings.warn(
/opt/conda/envs/diffsensei/lib/python3.11/site-packages/torch/nn/modules/module.py:2400: UserWarning: for layer3.1.bn2.weight: copying from a non-meta parameter in the checkpoint to a meta parameter in the current model, which is a no-op. (Did you mean to pass `assign=True` to assign items in the state dictionary to their corresponding key in the module instead of copying them in place?)
  warnings.warn(
/opt/conda/envs/diffsensei/lib/python3.11/site-packages/torch/nn/modules/module.py:2400: UserWarning: for layer3.1.bn2.bias: copying from a non-meta parameter in the checkpoint to a meta parameter in the current model, which is a no-op. (Did you mean to pass `assign=True` to assign items in the state dictionary to their corresponding key in the module instead of copying them in place?)
  warnings.warn(
/opt/conda/envs/diffsensei/lib/python3.11/site-packages/torch/nn/modules/module.py:2400: UserWarning: for layer3.1.conv3.weight: copying from a non-meta parameter in the checkpoint to a meta parameter in the current model, which is a no-op. (Did you mean to pass `assign=True` to assign items in the state dictionary to their corresponding key in the module instead of copying them in place?)
  warnings.warn(
/opt/conda/envs/diffsensei/lib/python3.11/site-packages/torch/nn/modules/module.py:2400: UserWarning: for layer3.1.bn3.weight: copying from a non-meta parameter in the checkpoint to a meta parameter in the current model, which is a no-op. (Did you mean to pass `assign=True` to assign items in the state dictionary to their corresponding key in the module instead of copying them in place?)
  warnings.warn(
/opt/conda/envs/diffsensei/lib/python3.11/site-packages/torch/nn/modules/module.py:2400: UserWarning: for layer3.1.bn3.bias: copying from a non-meta parameter in the checkpoint to a meta parameter in the current model, which is a no-op. (Did you mean to pass `assign=True` to assign items in the state dictionary to their corresponding key in the module instead of copying them in place?)
  warnings.warn(
/opt/conda/envs/diffsensei/lib/python3.11/site-packages/torch/nn/modules/module.py:2400: UserWarning: for layer3.2.conv1.weight: copying from a non-meta parameter in the checkpoint to a meta parameter in the current model, which is a no-op. (Did you mean to pass `assign=True` to assign items in the state dictionary to their corresponding key in the module instead of copying them in place?)
  warnings.warn(
/opt/conda/envs/diffsensei/lib/python3.11/site-packages/torch/nn/modules/module.py:2400: UserWarning: for layer3.2.bn1.weight: copying from a non-meta parameter in the checkpoint to a meta parameter in the current model, which is a no-op. (Did you mean to pass `assign=True` to assign items in the state dictionary to their corresponding key in the module instead of copying them in place?)
  warnings.warn(
/opt/conda/envs/diffsensei/lib/python3.11/site-packages/torch/nn/modules/module.py:2400: UserWarning: for layer3.2.bn1.bias: copying from a non-meta parameter in the checkpoint to a meta parameter in the current model, which is a no-op. (Did you mean to pass `assign=True` to assign items in the state dictionary to their corresponding key in the module instead of copying them in place?)
  warnings.warn(
/opt/conda/envs/diffsensei/lib/python3.11/site-packages/torch/nn/modules/module.py:2400: UserWarning: for layer3.2.conv2.weight: copying from a non-meta parameter in the checkpoint to a meta parameter in the current model, which is a no-op. (Did you mean to pass `assign=True` to assign items in the state dictionary to their corresponding key in the module instead of copying them in place?)
  warnings.warn(
/opt/conda/envs/diffsensei/lib/python3.11/site-packages/torch/nn/modules/module.py:2400: UserWarning: for layer3.2.bn2.weight: copying from a non-meta parameter in the checkpoint to a meta parameter in the current model, which is a no-op. (Did you mean to pass `assign=True` to assign items in the state dictionary to their corresponding key in the module instead of copying them in place?)
  warnings.warn(
/opt/conda/envs/diffsensei/lib/python3.11/site-packages/torch/nn/modules/module.py:2400: UserWarning: for layer3.2.bn2.bias: copying from a non-meta parameter in the checkpoint to a meta parameter in the current model, which is a no-op. (Did you mean to pass `assign=True` to assign items in the state dictionary to their corresponding key in the module instead of copying them in place?)
  warnings.warn(
/opt/conda/envs/diffsensei/lib/python3.11/site-packages/torch/nn/modules/module.py:2400: UserWarning: for layer3.2.conv3.weight: copying from a non-meta parameter in the checkpoint to a meta parameter in the current model, which is a no-op. (Did you mean to pass `assign=True` to assign items in the state dictionary to their corresponding key in the module instead of copying them in place?)
  warnings.warn(
/opt/conda/envs/diffsensei/lib/python3.11/site-packages/torch/nn/modules/module.py:2400: UserWarning: for layer3.2.bn3.weight: copying from a non-meta parameter in the checkpoint to a meta parameter in the current model, which is a no-op. (Did you mean to pass `assign=True` to assign items in the state dictionary to their corresponding key in the module instead of copying them in place?)
  warnings.warn(
/opt/conda/envs/diffsensei/lib/python3.11/site-packages/torch/nn/modules/module.py:2400: UserWarning: for layer3.2.bn3.bias: copying from a non-meta parameter in the checkpoint to a meta parameter in the current model, which is a no-op. (Did you mean to pass `assign=True` to assign items in the state dictionary to their corresponding key in the module instead of copying them in place?)
  warnings.warn(
/opt/conda/envs/diffsensei/lib/python3.11/site-packages/torch/nn/modules/module.py:2400: UserWarning: for layer3.3.conv1.weight: copying from a non-meta parameter in the checkpoint to a meta parameter in the current model, which is a no-op. (Did you mean to pass `assign=True` to assign items in the state dictionary to their corresponding key in the module instead of copying them in place?)
  warnings.warn(
/opt/conda/envs/diffsensei/lib/python3.11/site-packages/torch/nn/modules/module.py:2400: UserWarning: for layer3.3.bn1.weight: copying from a non-meta parameter in the checkpoint to a meta parameter in the current model, which is a no-op. (Did you mean to pass `assign=True` to assign items in the state dictionary to their corresponding key in the module instead of copying them in place?)
  warnings.warn(
/opt/conda/envs/diffsensei/lib/python3.11/site-packages/torch/nn/modules/module.py:2400: UserWarning: for layer3.3.bn1.bias: copying from a non-meta parameter in the checkpoint to a meta parameter in the current model, which is a no-op. (Did you mean to pass `assign=True` to assign items in the state dictionary to their corresponding key in the module instead of copying them in place?)
  warnings.warn(
/opt/conda/envs/diffsensei/lib/python3.11/site-packages/torch/nn/modules/module.py:2400: UserWarning: for layer3.3.conv2.weight: copying from a non-meta parameter in the checkpoint to a meta parameter in the current model, which is a no-op. (Did you mean to pass `assign=True` to assign items in the state dictionary to their corresponding key in the module instead of copying them in place?)
  warnings.warn(
/opt/conda/envs/diffsensei/lib/python3.11/site-packages/torch/nn/modules/module.py:2400: UserWarning: for layer3.3.bn2.weight: copying from a non-meta parameter in the checkpoint to a meta parameter in the current model, which is a no-op. (Did you mean to pass `assign=True` to assign items in the state dictionary to their corresponding key in the module instead of copying them in place?)
  warnings.warn(
/opt/conda/envs/diffsensei/lib/python3.11/site-packages/torch/nn/modules/module.py:2400: UserWarning: for layer3.3.bn2.bias: copying from a non-meta parameter in the checkpoint to a meta parameter in the current model, which is a no-op. (Did you mean to pass `assign=True` to assign items in the state dictionary to their corresponding key in the module instead of copying them in place?)
  warnings.warn(
/opt/conda/envs/diffsensei/lib/python3.11/site-packages/torch/nn/modules/module.py:2400: UserWarning: for layer3.3.conv3.weight: copying from a non-meta parameter in the checkpoint to a meta parameter in the current model, which is a no-op. (Did you mean to pass `assign=True` to assign items in the state dictionary to their corresponding key in the module instead of copying them in place?)
  warnings.warn(
/opt/conda/envs/diffsensei/lib/python3.11/site-packages/torch/nn/modules/module.py:2400: UserWarning: for layer3.3.bn3.weight: copying from a non-meta parameter in the checkpoint to a meta parameter in the current model, which is a no-op. (Did you mean to pass `assign=True` to assign items in the state dictionary to their corresponding key in the module instead of copying them in place?)
  warnings.warn(
/opt/conda/envs/diffsensei/lib/python3.11/site-packages/torch/nn/modules/module.py:2400: UserWarning: for layer3.3.bn3.bias: copying from a non-meta parameter in the checkpoint to a meta parameter in the current model, which is a no-op. (Did you mean to pass `assign=True` to assign items in the state dictionary to their corresponding key in the module instead of copying them in place?)
  warnings.warn(
/opt/conda/envs/diffsensei/lib/python3.11/site-packages/torch/nn/modules/module.py:2400: UserWarning: for layer3.4.conv1.weight: copying from a non-meta parameter in the checkpoint to a meta parameter in the current model, which is a no-op. (Did you mean to pass `assign=True` to assign items in the state dictionary to their corresponding key in the module instead of copying them in place?)
  warnings.warn(
/opt/conda/envs/diffsensei/lib/python3.11/site-packages/torch/nn/modules/module.py:2400: UserWarning: for layer3.4.bn1.weight: copying from a non-meta parameter in the checkpoint to a meta parameter in the current model, which is a no-op. (Did you mean to pass `assign=True` to assign items in the state dictionary to their corresponding key in the module instead of copying them in place?)
  warnings.warn(
/opt/conda/envs/diffsensei/lib/python3.11/site-packages/torch/nn/modules/module.py:2400: UserWarning: for layer3.4.bn1.bias: copying from a non-meta parameter in the checkpoint to a meta parameter in the current model, which is a no-op. (Did you mean to pass `assign=True` to assign items in the state dictionary to their corresponding key in the module instead of copying them in place?)
  warnings.warn(
/opt/conda/envs/diffsensei/lib/python3.11/site-packages/torch/nn/modules/module.py:2400: UserWarning: for layer3.4.conv2.weight: copying from a non-meta parameter in the checkpoint to a meta parameter in the current model, which is a no-op. (Did you mean to pass `assign=True` to assign items in the state dictionary to their corresponding key in the module instead of copying them in place?)
  warnings.warn(
/opt/conda/envs/diffsensei/lib/python3.11/site-packages/torch/nn/modules/module.py:2400: UserWarning: for layer3.4.bn2.weight: copying from a non-meta parameter in the checkpoint to a meta parameter in the current model, which is a no-op. (Did you mean to pass `assign=True` to assign items in the state dictionary to their corresponding key in the module instead of copying them in place?)
  warnings.warn(
/opt/conda/envs/diffsensei/lib/python3.11/site-packages/torch/nn/modules/module.py:2400: UserWarning: for layer3.4.bn2.bias: copying from a non-meta parameter in the checkpoint to a meta parameter in the current model, which is a no-op. (Did you mean to pass `assign=True` to assign items in the state dictionary to their corresponding key in the module instead of copying them in place?)
  warnings.warn(
/opt/conda/envs/diffsensei/lib/python3.11/site-packages/torch/nn/modules/module.py:2400: UserWarning: for layer3.4.conv3.weight: copying from a non-meta parameter in the checkpoint to a meta parameter in the current model, which is a no-op. (Did you mean to pass `assign=True` to assign items in the state dictionary to their corresponding key in the module instead of copying them in place?)
  warnings.warn(
/opt/conda/envs/diffsensei/lib/python3.11/site-packages/torch/nn/modules/module.py:2400: UserWarning: for layer3.4.bn3.weight: copying from a non-meta parameter in the checkpoint to a meta parameter in the current model, which is a no-op. (Did you mean to pass `assign=True` to assign items in the state dictionary to their corresponding key in the module instead of copying them in place?)
  warnings.warn(
/opt/conda/envs/diffsensei/lib/python3.11/site-packages/torch/nn/modules/module.py:2400: UserWarning: for layer3.4.bn3.bias: copying from a non-meta parameter in the checkpoint to a meta parameter in the current model, which is a no-op. (Did you mean to pass `assign=True` to assign items in the state dictionary to their corresponding key in the module instead of copying them in place?)
  warnings.warn(
/opt/conda/envs/diffsensei/lib/python3.11/site-packages/torch/nn/modules/module.py:2400: UserWarning: for layer3.5.conv1.weight: copying from a non-meta parameter in the checkpoint to a meta parameter in the current model, which is a no-op. (Did you mean to pass `assign=True` to assign items in the state dictionary to their corresponding key in the module instead of copying them in place?)
  warnings.warn(
/opt/conda/envs/diffsensei/lib/python3.11/site-packages/torch/nn/modules/module.py:2400: UserWarning: for layer3.5.bn1.weight: copying from a non-meta parameter in the checkpoint to a meta parameter in the current model, which is a no-op. (Did you mean to pass `assign=True` to assign items in the state dictionary to their corresponding key in the module instead of copying them in place?)
  warnings.warn(
/opt/conda/envs/diffsensei/lib/python3.11/site-packages/torch/nn/modules/module.py:2400: UserWarning: for layer3.5.bn1.bias: copying from a non-meta parameter in the checkpoint to a meta parameter in the current model, which is a no-op. (Did you mean to pass `assign=True` to assign items in the state dictionary to their corresponding key in the module instead of copying them in place?)
  warnings.warn(
/opt/conda/envs/diffsensei/lib/python3.11/site-packages/torch/nn/modules/module.py:2400: UserWarning: for layer3.5.conv2.weight: copying from a non-meta parameter in the checkpoint to a meta parameter in the current model, which is a no-op. (Did you mean to pass `assign=True` to assign items in the state dictionary to their corresponding key in the module instead of copying them in place?)
  warnings.warn(
/opt/conda/envs/diffsensei/lib/python3.11/site-packages/torch/nn/modules/module.py:2400: UserWarning: for layer3.5.bn2.weight: copying from a non-meta parameter in the checkpoint to a meta parameter in the current model, which is a no-op. (Did you mean to pass `assign=True` to assign items in the state dictionary to their corresponding key in the module instead of copying them in place?)
  warnings.warn(
/opt/conda/envs/diffsensei/lib/python3.11/site-packages/torch/nn/modules/module.py:2400: UserWarning: for layer3.5.bn2.bias: copying from a non-meta parameter in the checkpoint to a meta parameter in the current model, which is a no-op. (Did you mean to pass `assign=True` to assign items in the state dictionary to their corresponding key in the module instead of copying them in place?)
  warnings.warn(
/opt/conda/envs/diffsensei/lib/python3.11/site-packages/torch/nn/modules/module.py:2400: UserWarning: for layer3.5.conv3.weight: copying from a non-meta parameter in the checkpoint to a meta parameter in the current model, which is a no-op. (Did you mean to pass `assign=True` to assign items in the state dictionary to their corresponding key in the module instead of copying them in place?)
  warnings.warn(
/opt/conda/envs/diffsensei/lib/python3.11/site-packages/torch/nn/modules/module.py:2400: UserWarning: for layer3.5.bn3.weight: copying from a non-meta parameter in the checkpoint to a meta parameter in the current model, which is a no-op. (Did you mean to pass `assign=True` to assign items in the state dictionary to their corresponding key in the module instead of copying them in place?)
  warnings.warn(
/opt/conda/envs/diffsensei/lib/python3.11/site-packages/torch/nn/modules/module.py:2400: UserWarning: for layer3.5.bn3.bias: copying from a non-meta parameter in the checkpoint to a meta parameter in the current model, which is a no-op. (Did you mean to pass `assign=True` to assign items in the state dictionary to their corresponding key in the module instead of copying them in place?)
  warnings.warn(
/opt/conda/envs/diffsensei/lib/python3.11/site-packages/torch/nn/modules/module.py:2400: UserWarning: for layer4.0.conv1.weight: copying from a non-meta parameter in the checkpoint to a meta parameter in the current model, which is a no-op. (Did you mean to pass `assign=True` to assign items in the state dictionary to their corresponding key in the module instead of copying them in place?)
  warnings.warn(
/opt/conda/envs/diffsensei/lib/python3.11/site-packages/torch/nn/modules/module.py:2400: UserWarning: for layer4.0.bn1.weight: copying from a non-meta parameter in the checkpoint to a meta parameter in the current model, which is a no-op. (Did you mean to pass `assign=True` to assign items in the state dictionary to their corresponding key in the module instead of copying them in place?)
  warnings.warn(
/opt/conda/envs/diffsensei/lib/python3.11/site-packages/torch/nn/modules/module.py:2400: UserWarning: for layer4.0.bn1.bias: copying from a non-meta parameter in the checkpoint to a meta parameter in the current model, which is a no-op. (Did you mean to pass `assign=True` to assign items in the state dictionary to their corresponding key in the module instead of copying them in place?)
  warnings.warn(
/opt/conda/envs/diffsensei/lib/python3.11/site-packages/torch/nn/modules/module.py:2400: UserWarning: for layer4.0.conv2.weight: copying from a non-meta parameter in the checkpoint to a meta parameter in the current model, which is a no-op. (Did you mean to pass `assign=True` to assign items in the state dictionary to their corresponding key in the module instead of copying them in place?)
  warnings.warn(
/opt/conda/envs/diffsensei/lib/python3.11/site-packages/torch/nn/modules/module.py:2400: UserWarning: for layer4.0.bn2.weight: copying from a non-meta parameter in the checkpoint to a meta parameter in the current model, which is a no-op. (Did you mean to pass `assign=True` to assign items in the state dictionary to their corresponding key in the module instead of copying them in place?)
  warnings.warn(
/opt/conda/envs/diffsensei/lib/python3.11/site-packages/torch/nn/modules/module.py:2400: UserWarning: for layer4.0.bn2.bias: copying from a non-meta parameter in the checkpoint to a meta parameter in the current model, which is a no-op. (Did you mean to pass `assign=True` to assign items in the state dictionary to their corresponding key in the module instead of copying them in place?)
  warnings.warn(
/opt/conda/envs/diffsensei/lib/python3.11/site-packages/torch/nn/modules/module.py:2400: UserWarning: for layer4.0.conv3.weight: copying from a non-meta parameter in the checkpoint to a meta parameter in the current model, which is a no-op. (Did you mean to pass `assign=True` to assign items in the state dictionary to their corresponding key in the module instead of copying them in place?)
  warnings.warn(
/opt/conda/envs/diffsensei/lib/python3.11/site-packages/torch/nn/modules/module.py:2400: UserWarning: for layer4.0.bn3.weight: copying from a non-meta parameter in the checkpoint to a meta parameter in the current model, which is a no-op. (Did you mean to pass `assign=True` to assign items in the state dictionary to their corresponding key in the module instead of copying them in place?)
  warnings.warn(
/opt/conda/envs/diffsensei/lib/python3.11/site-packages/torch/nn/modules/module.py:2400: UserWarning: for layer4.0.bn3.bias: copying from a non-meta parameter in the checkpoint to a meta parameter in the current model, which is a no-op. (Did you mean to pass `assign=True` to assign items in the state dictionary to their corresponding key in the module instead of copying them in place?)
  warnings.warn(
/opt/conda/envs/diffsensei/lib/python3.11/site-packages/torch/nn/modules/module.py:2400: UserWarning: for layer4.0.downsample.0.weight: copying from a non-meta parameter in the checkpoint to a meta parameter in the current model, which is a no-op. (Did you mean to pass `assign=True` to assign items in the state dictionary to their corresponding key in the module instead of copying them in place?)
  warnings.warn(
/opt/conda/envs/diffsensei/lib/python3.11/site-packages/torch/nn/modules/module.py:2400: UserWarning: for layer4.0.downsample.1.weight: copying from a non-meta parameter in the checkpoint to a meta parameter in the current model, which is a no-op. (Did you mean to pass `assign=True` to assign items in the state dictionary to their corresponding key in the module instead of copying them in place?)
  warnings.warn(
/opt/conda/envs/diffsensei/lib/python3.11/site-packages/torch/nn/modules/module.py:2400: UserWarning: for layer4.0.downsample.1.bias: copying from a non-meta parameter in the checkpoint to a meta parameter in the current model, which is a no-op. (Did you mean to pass `assign=True` to assign items in the state dictionary to their corresponding key in the module instead of copying them in place?)
  warnings.warn(
/opt/conda/envs/diffsensei/lib/python3.11/site-packages/torch/nn/modules/module.py:2400: UserWarning: for layer4.1.conv1.weight: copying from a non-meta parameter in the checkpoint to a meta parameter in the current model, which is a no-op. (Did you mean to pass `assign=True` to assign items in the state dictionary to their corresponding key in the module instead of copying them in place?)
  warnings.warn(
/opt/conda/envs/diffsensei/lib/python3.11/site-packages/torch/nn/modules/module.py:2400: UserWarning: for layer4.1.bn1.weight: copying from a non-meta parameter in the checkpoint to a meta parameter in the current model, which is a no-op. (Did you mean to pass `assign=True` to assign items in the state dictionary to their corresponding key in the module instead of copying them in place?)
  warnings.warn(
/opt/conda/envs/diffsensei/lib/python3.11/site-packages/torch/nn/modules/module.py:2400: UserWarning: for layer4.1.bn1.bias: copying from a non-meta parameter in the checkpoint to a meta parameter in the current model, which is a no-op. (Did you mean to pass `assign=True` to assign items in the state dictionary to their corresponding key in the module instead of copying them in place?)
  warnings.warn(
/opt/conda/envs/diffsensei/lib/python3.11/site-packages/torch/nn/modules/module.py:2400: UserWarning: for layer4.1.conv2.weight: copying from a non-meta parameter in the checkpoint to a meta parameter in the current model, which is a no-op. (Did you mean to pass `assign=True` to assign items in the state dictionary to their corresponding key in the module instead of copying them in place?)
  warnings.warn(
/opt/conda/envs/diffsensei/lib/python3.11/site-packages/torch/nn/modules/module.py:2400: UserWarning: for layer4.1.bn2.weight: copying from a non-meta parameter in the checkpoint to a meta parameter in the current model, which is a no-op. (Did you mean to pass `assign=True` to assign items in the state dictionary to their corresponding key in the module instead of copying them in place?)
  warnings.warn(
/opt/conda/envs/diffsensei/lib/python3.11/site-packages/torch/nn/modules/module.py:2400: UserWarning: for layer4.1.bn2.bias: copying from a non-meta parameter in the checkpoint to a meta parameter in the current model, which is a no-op. (Did you mean to pass `assign=True` to assign items in the state dictionary to their corresponding key in the module instead of copying them in place?)
  warnings.warn(
/opt/conda/envs/diffsensei/lib/python3.11/site-packages/torch/nn/modules/module.py:2400: UserWarning: for layer4.1.conv3.weight: copying from a non-meta parameter in the checkpoint to a meta parameter in the current model, which is a no-op. (Did you mean to pass `assign=True` to assign items in the state dictionary to their corresponding key in the module instead of copying them in place?)
  warnings.warn(
/opt/conda/envs/diffsensei/lib/python3.11/site-packages/torch/nn/modules/module.py:2400: UserWarning: for layer4.1.bn3.weight: copying from a non-meta parameter in the checkpoint to a meta parameter in the current model, which is a no-op. (Did you mean to pass `assign=True` to assign items in the state dictionary to their corresponding key in the module instead of copying them in place?)
  warnings.warn(
/opt/conda/envs/diffsensei/lib/python3.11/site-packages/torch/nn/modules/module.py:2400: UserWarning: for layer4.1.bn3.bias: copying from a non-meta parameter in the checkpoint to a meta parameter in the current model, which is a no-op. (Did you mean to pass `assign=True` to assign items in the state dictionary to their corresponding key in the module instead of copying them in place?)
  warnings.warn(
/opt/conda/envs/diffsensei/lib/python3.11/site-packages/torch/nn/modules/module.py:2400: UserWarning: for layer4.2.conv1.weight: copying from a non-meta parameter in the checkpoint to a meta parameter in the current model, which is a no-op. (Did you mean to pass `assign=True` to assign items in the state dictionary to their corresponding key in the module instead of copying them in place?)
  warnings.warn(
/opt/conda/envs/diffsensei/lib/python3.11/site-packages/torch/nn/modules/module.py:2400: UserWarning: for layer4.2.bn1.weight: copying from a non-meta parameter in the checkpoint to a meta parameter in the current model, which is a no-op. (Did you mean to pass `assign=True` to assign items in the state dictionary to their corresponding key in the module instead of copying them in place?)
  warnings.warn(
/opt/conda/envs/diffsensei/lib/python3.11/site-packages/torch/nn/modules/module.py:2400: UserWarning: for layer4.2.bn1.bias: copying from a non-meta parameter in the checkpoint to a meta parameter in the current model, which is a no-op. (Did you mean to pass `assign=True` to assign items in the state dictionary to their corresponding key in the module instead of copying them in place?)
  warnings.warn(
/opt/conda/envs/diffsensei/lib/python3.11/site-packages/torch/nn/modules/module.py:2400: UserWarning: for layer4.2.conv2.weight: copying from a non-meta parameter in the checkpoint to a meta parameter in the current model, which is a no-op. (Did you mean to pass `assign=True` to assign items in the state dictionary to their corresponding key in the module instead of copying them in place?)
  warnings.warn(
/opt/conda/envs/diffsensei/lib/python3.11/site-packages/torch/nn/modules/module.py:2400: UserWarning: for layer4.2.bn2.weight: copying from a non-meta parameter in the checkpoint to a meta parameter in the current model, which is a no-op. (Did you mean to pass `assign=True` to assign items in the state dictionary to their corresponding key in the module instead of copying them in place?)
  warnings.warn(
/opt/conda/envs/diffsensei/lib/python3.11/site-packages/torch/nn/modules/module.py:2400: UserWarning: for layer4.2.bn2.bias: copying from a non-meta parameter in the checkpoint to a meta parameter in the current model, which is a no-op. (Did you mean to pass `assign=True` to assign items in the state dictionary to their corresponding key in the module instead of copying them in place?)
  warnings.warn(
/opt/conda/envs/diffsensei/lib/python3.11/site-packages/torch/nn/modules/module.py:2400: UserWarning: for layer4.2.conv3.weight: copying from a non-meta parameter in the checkpoint to a meta parameter in the current model, which is a no-op. (Did you mean to pass `assign=True` to assign items in the state dictionary to their corresponding key in the module instead of copying them in place?)
  warnings.warn(
/opt/conda/envs/diffsensei/lib/python3.11/site-packages/torch/nn/modules/module.py:2400: UserWarning: for layer4.2.bn3.weight: copying from a non-meta parameter in the checkpoint to a meta parameter in the current model, which is a no-op. (Did you mean to pass `assign=True` to assign items in the state dictionary to their corresponding key in the module instead of copying them in place?)
  warnings.warn(
/opt/conda/envs/diffsensei/lib/python3.11/site-packages/torch/nn/modules/module.py:2400: UserWarning: for layer4.2.bn3.bias: copying from a non-meta parameter in the checkpoint to a meta parameter in the current model, which is a no-op. (Did you mean to pass `assign=True` to assign items in the state dictionary to their corresponding key in the module instead of copying them in place?)
  warnings.warn(
W0902 10:18:19.591000 3261559 site-packages/torch/distributed/elastic/multiprocessing/api.py:897] Sending process 3261760 closing signal SIGTERM
W0902 10:18:19.594000 3261559 site-packages/torch/distributed/elastic/multiprocessing/api.py:897] Sending process 3261761 closing signal SIGTERM
W0902 10:18:19.594000 3261559 site-packages/torch/distributed/elastic/multiprocessing/api.py:897] Sending process 3261763 closing signal SIGTERM
E0902 10:18:20.260000 3261559 site-packages/torch/distributed/elastic/multiprocessing/api.py:869] failed (exitcode: -9) local_rank: 2 (pid: 3261762) of binary: /opt/conda/envs/diffsensei/bin/python3.1
Traceback (most recent call last):
  File "/opt/conda/envs/diffsensei/bin/accelerate", line 8, in <module>
    sys.exit(main())
             ^^^^^^
  File "/opt/conda/envs/diffsensei/lib/python3.11/site-packages/accelerate/commands/accelerate_cli.py", line 50, in main
    args.func(args)
  File "/opt/conda/envs/diffsensei/lib/python3.11/site-packages/accelerate/commands/launch.py", line 1189, in launch_command
    multi_gpu_launcher(args)
  File "/opt/conda/envs/diffsensei/lib/python3.11/site-packages/accelerate/commands/launch.py", line 815, in multi_gpu_launcher
    distrib_run.run(args)
  File "/opt/conda/envs/diffsensei/lib/python3.11/site-packages/torch/distributed/run.py", line 910, in run
    elastic_launch(
  File "/opt/conda/envs/diffsensei/lib/python3.11/site-packages/torch/distributed/launcher/api.py", line 138, in __call__
    return launch_agent(self._config, self._entrypoint, list(args))
           ^^^^^^^^^^^^^^^^^^^^^^^^^^^^^^^^^^^^^^^^^^^^^^^^^^^^^^^^
  File "/opt/conda/envs/diffsensei/lib/python3.11/site-packages/torch/distributed/launcher/api.py", line 269, in launch_agent
    raise ChildFailedError(
torch.distributed.elastic.multiprocessing.errors.ChildFailedError: 
========================================================
DiffSensei-main/layout-generator/train.py FAILED
--------------------------------------------------------
Failures:
  <NO_OTHER_FAILURES>
--------------------------------------------------------
Root Cause (first observed failure):
[0]:
  time      : 2025-09-02_10:18:19
  host      : 7421a4715ea3
  rank      : 2 (local_rank: 2)
  exitcode  : -9 (pid: 3261762)
  error_file: <N/A>
  traceback : Signal 9 (SIGKILL) received by PID 3261762
========================================================
