nohup: ignoring input
[rank2]:[W829 11:11:27.721172747 ProcessGroupNCCL.cpp:4115] [PG ID 0 PG GUID 0 Rank 2]  using GPU 2 to perform barrier as devices used by this process are currently unknown. This can potentially cause a hang if this rank to GPU mapping is incorrect.Specify device_ids in barrier() to force use of a particular device,or call init_process_group() with a device_id.
[rank3]:[W829 11:11:27.750700876 ProcessGroupNCCL.cpp:4115] [PG ID 0 PG GUID 0 Rank 3]  using GPU 3 to perform barrier as devices used by this process are currently unknown. This can potentially cause a hang if this rank to GPU mapping is incorrect.Specify device_ids in barrier() to force use of a particular device,or call init_process_group() with a device_id.
[rank0]:[W829 11:11:27.924170696 ProcessGroupNCCL.cpp:4115] [PG ID 0 PG GUID 0 Rank 0]  using GPU 0 to perform barrier as devices used by this process are currently unknown. This can potentially cause a hang if this rank to GPU mapping is incorrect.Specify device_ids in barrier() to force use of a particular device,or call init_process_group() with a device_id.
[rank1]:[W829 11:11:27.927304225 ProcessGroupNCCL.cpp:4115] [PG ID 0 PG GUID 0 Rank 1]  using GPU 1 to perform barrier as devices used by this process are currently unknown. This can potentially cause a hang if this rank to GPU mapping is incorrect.Specify device_ids in barrier() to force use of a particular device,or call init_process_group() with a device_id.
Using a slow image processor as `use_fast` is unset and a slow processor was saved with this model. `use_fast=True` will be the default behavior in v4.52, even if the model was saved with a slow processor. This will result in minor differences in outputs. You'll still be able to use a slow processor with `use_fast=False`.
Using a slow image processor as `use_fast` is unset and a slow processor was saved with this model. `use_fast=True` will be the default behavior in v4.52, even if the model was saved with a slow processor. This will result in minor differences in outputs. You'll still be able to use a slow processor with `use_fast=False`.
Using a slow image processor as `use_fast` is unset and a slow processor was saved with this model. `use_fast=True` will be the default behavior in v4.52, even if the model was saved with a slow processor. This will result in minor differences in outputs. You'll still be able to use a slow processor with `use_fast=False`.
Config of the encoder: <class 'transformers.models.vit.modeling_vit.ViTModel'> is overwritten by shared encoder config: ViTConfig {
  "attention_probs_dropout_prob": 0.0,
  "encoder_stride": 16,
  "hidden_act": "gelu",
  "hidden_dropout_prob": 0.0,
  "hidden_size": 768,
  "image_size": 384,
  "initializer_range": 0.02,
  "intermediate_size": 3072,
  "layer_norm_eps": 1e-12,
  "model_type": "vit",
  "num_attention_heads": 12,
  "num_channels": 3,
  "num_hidden_layers": 12,
  "patch_size": 16,
  "pooler_act": "tanh",
  "pooler_output_size": 768,
  "qkv_bias": false,
  "transformers_version": "4.51.3"
}

Config of the decoder: <class 'transformers.models.trocr.modeling_trocr.TrOCRForCausalLM'> is overwritten by shared decoder config: TrOCRConfig {
  "activation_dropout": 0.0,
  "activation_function": "gelu",
  "add_cross_attention": true,
  "attention_dropout": 0.0,
  "bos_token_id": 0,
  "classifier_dropout": 0.0,
  "cross_attention_hidden_size": 768,
  "d_model": 1024,
  "decoder_attention_heads": 16,
  "decoder_ffn_dim": 4096,
  "decoder_layerdrop": 0.0,
  "decoder_layers": 12,
  "decoder_start_token_id": 2,
  "dropout": 0.1,
  "eos_token_id": 2,
  "init_std": 0.02,
  "is_decoder": true,
  "layernorm_embedding": true,
  "max_position_embeddings": 512,
  "model_type": "trocr",
  "pad_token_id": 1,
  "scale_embedding": false,
  "transformers_version": "4.51.3",
  "use_cache": false,
  "use_learned_position_embeddings": true,
  "vocab_size": 50265
}

Config of the encoder: <class 'transformers.models.vit.modeling_vit.ViTModel'> is overwritten by shared encoder config: ViTConfig {
  "attention_probs_dropout_prob": 0.0,
  "encoder_stride": 16,
  "hidden_act": "gelu",
  "hidden_dropout_prob": 0.0,
  "hidden_size": 768,
  "image_size": 384,
  "initializer_range": 0.02,
  "intermediate_size": 3072,
  "layer_norm_eps": 1e-12,
  "model_type": "vit",
  "num_attention_heads": 12,
  "num_channels": 3,
  "num_hidden_layers": 12,
  "patch_size": 16,
  "pooler_act": "tanh",
  "pooler_output_size": 768,
  "qkv_bias": false,
  "transformers_version": "4.51.3"
}

Config of the decoder: <class 'transformers.models.trocr.modeling_trocr.TrOCRForCausalLM'> is overwritten by shared decoder config: TrOCRConfig {
  "activation_dropout": 0.0,
  "activation_function": "gelu",
  "add_cross_attention": true,
  "attention_dropout": 0.0,
  "bos_token_id": 0,
  "classifier_dropout": 0.0,
  "cross_attention_hidden_size": 768,
  "d_model": 1024,
  "decoder_attention_heads": 16,
  "decoder_ffn_dim": 4096,
  "decoder_layerdrop": 0.0,
  "decoder_layers": 12,
  "decoder_start_token_id": 2,
  "dropout": 0.1,
  "eos_token_id": 2,
  "init_std": 0.02,
  "is_decoder": true,
  "layernorm_embedding": true,
  "max_position_embeddings": 512,
  "model_type": "trocr",
  "pad_token_id": 1,
  "scale_embedding": false,
  "transformers_version": "4.51.3",
  "use_cache": false,
  "use_learned_position_embeddings": true,
  "vocab_size": 50265
}

/opt/conda/envs/diffsensei/lib/python3.11/site-packages/torch/nn/modules/module.py:2400: UserWarning: for conv1.weight: copying from a non-meta parameter in the checkpoint to a meta parameter in the current model, which is a no-op. (Did you mean to pass `assign=True` to assign items in the state dictionary to their corresponding key in the module instead of copying them in place?)
  warnings.warn(
/opt/conda/envs/diffsensei/lib/python3.11/site-packages/torch/nn/modules/module.py:2400: UserWarning: for bn1.weight: copying from a non-meta parameter in the checkpoint to a meta parameter in the current model, which is a no-op. (Did you mean to pass `assign=True` to assign items in the state dictionary to their corresponding key in the module instead of copying them in place?)
  warnings.warn(
/opt/conda/envs/diffsensei/lib/python3.11/site-packages/torch/nn/modules/module.py:2400: UserWarning: for bn1.bias: copying from a non-meta parameter in the checkpoint to a meta parameter in the current model, which is a no-op. (Did you mean to pass `assign=True` to assign items in the state dictionary to their corresponding key in the module instead of copying them in place?)
  warnings.warn(
/opt/conda/envs/diffsensei/lib/python3.11/site-packages/torch/nn/modules/module.py:2400: UserWarning: for layer1.0.conv1.weight: copying from a non-meta parameter in the checkpoint to a meta parameter in the current model, which is a no-op. (Did you mean to pass `assign=True` to assign items in the state dictionary to their corresponding key in the module instead of copying them in place?)
  warnings.warn(
/opt/conda/envs/diffsensei/lib/python3.11/site-packages/torch/nn/modules/module.py:2400: UserWarning: for layer1.0.bn1.weight: copying from a non-meta parameter in the checkpoint to a meta parameter in the current model, which is a no-op. (Did you mean to pass `assign=True` to assign items in the state dictionary to their corresponding key in the module instead of copying them in place?)
  warnings.warn(
/opt/conda/envs/diffsensei/lib/python3.11/site-packages/torch/nn/modules/module.py:2400: UserWarning: for layer1.0.bn1.bias: copying from a non-meta parameter in the checkpoint to a meta parameter in the current model, which is a no-op. (Did you mean to pass `assign=True` to assign items in the state dictionary to their corresponding key in the module instead of copying them in place?)
  warnings.warn(
/opt/conda/envs/diffsensei/lib/python3.11/site-packages/torch/nn/modules/module.py:2400: UserWarning: for layer1.0.conv2.weight: copying from a non-meta parameter in the checkpoint to a meta parameter in the current model, which is a no-op. (Did you mean to pass `assign=True` to assign items in the state dictionary to their corresponding key in the module instead of copying them in place?)
  warnings.warn(
/opt/conda/envs/diffsensei/lib/python3.11/site-packages/torch/nn/modules/module.py:2400: UserWarning: for layer1.0.bn2.weight: copying from a non-meta parameter in the checkpoint to a meta parameter in the current model, which is a no-op. (Did you mean to pass `assign=True` to assign items in the state dictionary to their corresponding key in the module instead of copying them in place?)
  warnings.warn(
/opt/conda/envs/diffsensei/lib/python3.11/site-packages/torch/nn/modules/module.py:2400: UserWarning: for layer1.0.bn2.bias: copying from a non-meta parameter in the checkpoint to a meta parameter in the current model, which is a no-op. (Did you mean to pass `assign=True` to assign items in the state dictionary to their corresponding key in the module instead of copying them in place?)
  warnings.warn(
/opt/conda/envs/diffsensei/lib/python3.11/site-packages/torch/nn/modules/module.py:2400: UserWarning: for layer1.0.conv3.weight: copying from a non-meta parameter in the checkpoint to a meta parameter in the current model, which is a no-op. (Did you mean to pass `assign=True` to assign items in the state dictionary to their corresponding key in the module instead of copying them in place?)
  warnings.warn(
/opt/conda/envs/diffsensei/lib/python3.11/site-packages/torch/nn/modules/module.py:2400: UserWarning: for layer1.0.bn3.weight: copying from a non-meta parameter in the checkpoint to a meta parameter in the current model, which is a no-op. (Did you mean to pass `assign=True` to assign items in the state dictionary to their corresponding key in the module instead of copying them in place?)
  warnings.warn(
/opt/conda/envs/diffsensei/lib/python3.11/site-packages/torch/nn/modules/module.py:2400: UserWarning: for layer1.0.bn3.bias: copying from a non-meta parameter in the checkpoint to a meta parameter in the current model, which is a no-op. (Did you mean to pass `assign=True` to assign items in the state dictionary to their corresponding key in the module instead of copying them in place?)
  warnings.warn(
/opt/conda/envs/diffsensei/lib/python3.11/site-packages/torch/nn/modules/module.py:2400: UserWarning: for layer1.0.downsample.0.weight: copying from a non-meta parameter in the checkpoint to a meta parameter in the current model, which is a no-op. (Did you mean to pass `assign=True` to assign items in the state dictionary to their corresponding key in the module instead of copying them in place?)
  warnings.warn(
/opt/conda/envs/diffsensei/lib/python3.11/site-packages/torch/nn/modules/module.py:2400: UserWarning: for layer1.0.downsample.1.weight: copying from a non-meta parameter in the checkpoint to a meta parameter in the current model, which is a no-op. (Did you mean to pass `assign=True` to assign items in the state dictionary to their corresponding key in the module instead of copying them in place?)
  warnings.warn(
/opt/conda/envs/diffsensei/lib/python3.11/site-packages/torch/nn/modules/module.py:2400: UserWarning: for layer1.0.downsample.1.bias: copying from a non-meta parameter in the checkpoint to a meta parameter in the current model, which is a no-op. (Did you mean to pass `assign=True` to assign items in the state dictionary to their corresponding key in the module instead of copying them in place?)
  warnings.warn(
/opt/conda/envs/diffsensei/lib/python3.11/site-packages/torch/nn/modules/module.py:2400: UserWarning: for layer1.1.conv1.weight: copying from a non-meta parameter in the checkpoint to a meta parameter in the current model, which is a no-op. (Did you mean to pass `assign=True` to assign items in the state dictionary to their corresponding key in the module instead of copying them in place?)
  warnings.warn(
/opt/conda/envs/diffsensei/lib/python3.11/site-packages/torch/nn/modules/module.py:2400: UserWarning: for layer1.1.bn1.weight: copying from a non-meta parameter in the checkpoint to a meta parameter in the current model, which is a no-op. (Did you mean to pass `assign=True` to assign items in the state dictionary to their corresponding key in the module instead of copying them in place?)
  warnings.warn(
/opt/conda/envs/diffsensei/lib/python3.11/site-packages/torch/nn/modules/module.py:2400: UserWarning: for layer1.1.bn1.bias: copying from a non-meta parameter in the checkpoint to a meta parameter in the current model, which is a no-op. (Did you mean to pass `assign=True` to assign items in the state dictionary to their corresponding key in the module instead of copying them in place?)
  warnings.warn(
/opt/conda/envs/diffsensei/lib/python3.11/site-packages/torch/nn/modules/module.py:2400: UserWarning: for layer1.1.conv2.weight: copying from a non-meta parameter in the checkpoint to a meta parameter in the current model, which is a no-op. (Did you mean to pass `assign=True` to assign items in the state dictionary to their corresponding key in the module instead of copying them in place?)
  warnings.warn(
/opt/conda/envs/diffsensei/lib/python3.11/site-packages/torch/nn/modules/module.py:2400: UserWarning: for layer1.1.bn2.weight: copying from a non-meta parameter in the checkpoint to a meta parameter in the current model, which is a no-op. (Did you mean to pass `assign=True` to assign items in the state dictionary to their corresponding key in the module instead of copying them in place?)
  warnings.warn(
/opt/conda/envs/diffsensei/lib/python3.11/site-packages/torch/nn/modules/module.py:2400: UserWarning: for layer1.1.bn2.bias: copying from a non-meta parameter in the checkpoint to a meta parameter in the current model, which is a no-op. (Did you mean to pass `assign=True` to assign items in the state dictionary to their corresponding key in the module instead of copying them in place?)
  warnings.warn(
/opt/conda/envs/diffsensei/lib/python3.11/site-packages/torch/nn/modules/module.py:2400: UserWarning: for layer1.1.conv3.weight: copying from a non-meta parameter in the checkpoint to a meta parameter in the current model, which is a no-op. (Did you mean to pass `assign=True` to assign items in the state dictionary to their corresponding key in the module instead of copying them in place?)
  warnings.warn(
/opt/conda/envs/diffsensei/lib/python3.11/site-packages/torch/nn/modules/module.py:2400: UserWarning: for layer1.1.bn3.weight: copying from a non-meta parameter in the checkpoint to a meta parameter in the current model, which is a no-op. (Did you mean to pass `assign=True` to assign items in the state dictionary to their corresponding key in the module instead of copying them in place?)
  warnings.warn(
/opt/conda/envs/diffsensei/lib/python3.11/site-packages/torch/nn/modules/module.py:2400: UserWarning: for layer1.1.bn3.bias: copying from a non-meta parameter in the checkpoint to a meta parameter in the current model, which is a no-op. (Did you mean to pass `assign=True` to assign items in the state dictionary to their corresponding key in the module instead of copying them in place?)
  warnings.warn(
/opt/conda/envs/diffsensei/lib/python3.11/site-packages/torch/nn/modules/module.py:2400: UserWarning: for layer1.2.conv1.weight: copying from a non-meta parameter in the checkpoint to a meta parameter in the current model, which is a no-op. (Did you mean to pass `assign=True` to assign items in the state dictionary to their corresponding key in the module instead of copying them in place?)
  warnings.warn(
/opt/conda/envs/diffsensei/lib/python3.11/site-packages/torch/nn/modules/module.py:2400: UserWarning: for layer1.2.bn1.weight: copying from a non-meta parameter in the checkpoint to a meta parameter in the current model, which is a no-op. (Did you mean to pass `assign=True` to assign items in the state dictionary to their corresponding key in the module instead of copying them in place?)
  warnings.warn(
/opt/conda/envs/diffsensei/lib/python3.11/site-packages/torch/nn/modules/module.py:2400: UserWarning: for layer1.2.bn1.bias: copying from a non-meta parameter in the checkpoint to a meta parameter in the current model, which is a no-op. (Did you mean to pass `assign=True` to assign items in the state dictionary to their corresponding key in the module instead of copying them in place?)
  warnings.warn(
/opt/conda/envs/diffsensei/lib/python3.11/site-packages/torch/nn/modules/module.py:2400: UserWarning: for layer1.2.conv2.weight: copying from a non-meta parameter in the checkpoint to a meta parameter in the current model, which is a no-op. (Did you mean to pass `assign=True` to assign items in the state dictionary to their corresponding key in the module instead of copying them in place?)
  warnings.warn(
/opt/conda/envs/diffsensei/lib/python3.11/site-packages/torch/nn/modules/module.py:2400: UserWarning: for layer1.2.bn2.weight: copying from a non-meta parameter in the checkpoint to a meta parameter in the current model, which is a no-op. (Did you mean to pass `assign=True` to assign items in the state dictionary to their corresponding key in the module instead of copying them in place?)
  warnings.warn(
/opt/conda/envs/diffsensei/lib/python3.11/site-packages/torch/nn/modules/module.py:2400: UserWarning: for layer1.2.bn2.bias: copying from a non-meta parameter in the checkpoint to a meta parameter in the current model, which is a no-op. (Did you mean to pass `assign=True` to assign items in the state dictionary to their corresponding key in the module instead of copying them in place?)
  warnings.warn(
/opt/conda/envs/diffsensei/lib/python3.11/site-packages/torch/nn/modules/module.py:2400: UserWarning: for layer1.2.conv3.weight: copying from a non-meta parameter in the checkpoint to a meta parameter in the current model, which is a no-op. (Did you mean to pass `assign=True` to assign items in the state dictionary to their corresponding key in the module instead of copying them in place?)
  warnings.warn(
/opt/conda/envs/diffsensei/lib/python3.11/site-packages/torch/nn/modules/module.py:2400: UserWarning: for layer1.2.bn3.weight: copying from a non-meta parameter in the checkpoint to a meta parameter in the current model, which is a no-op. (Did you mean to pass `assign=True` to assign items in the state dictionary to their corresponding key in the module instead of copying them in place?)
  warnings.warn(
/opt/conda/envs/diffsensei/lib/python3.11/site-packages/torch/nn/modules/module.py:2400: UserWarning: for layer1.2.bn3.bias: copying from a non-meta parameter in the checkpoint to a meta parameter in the current model, which is a no-op. (Did you mean to pass `assign=True` to assign items in the state dictionary to their corresponding key in the module instead of copying them in place?)
  warnings.warn(
/opt/conda/envs/diffsensei/lib/python3.11/site-packages/torch/nn/modules/module.py:2400: UserWarning: for layer2.0.conv1.weight: copying from a non-meta parameter in the checkpoint to a meta parameter in the current model, which is a no-op. (Did you mean to pass `assign=True` to assign items in the state dictionary to their corresponding key in the module instead of copying them in place?)
  warnings.warn(
/opt/conda/envs/diffsensei/lib/python3.11/site-packages/torch/nn/modules/module.py:2400: UserWarning: for layer2.0.bn1.weight: copying from a non-meta parameter in the checkpoint to a meta parameter in the current model, which is a no-op. (Did you mean to pass `assign=True` to assign items in the state dictionary to their corresponding key in the module instead of copying them in place?)
  warnings.warn(
/opt/conda/envs/diffsensei/lib/python3.11/site-packages/torch/nn/modules/module.py:2400: UserWarning: for layer2.0.bn1.bias: copying from a non-meta parameter in the checkpoint to a meta parameter in the current model, which is a no-op. (Did you mean to pass `assign=True` to assign items in the state dictionary to their corresponding key in the module instead of copying them in place?)
  warnings.warn(
/opt/conda/envs/diffsensei/lib/python3.11/site-packages/torch/nn/modules/module.py:2400: UserWarning: for layer2.0.conv2.weight: copying from a non-meta parameter in the checkpoint to a meta parameter in the current model, which is a no-op. (Did you mean to pass `assign=True` to assign items in the state dictionary to their corresponding key in the module instead of copying them in place?)
  warnings.warn(
/opt/conda/envs/diffsensei/lib/python3.11/site-packages/torch/nn/modules/module.py:2400: UserWarning: for layer2.0.bn2.weight: copying from a non-meta parameter in the checkpoint to a meta parameter in the current model, which is a no-op. (Did you mean to pass `assign=True` to assign items in the state dictionary to their corresponding key in the module instead of copying them in place?)
  warnings.warn(
/opt/conda/envs/diffsensei/lib/python3.11/site-packages/torch/nn/modules/module.py:2400: UserWarning: for layer2.0.bn2.bias: copying from a non-meta parameter in the checkpoint to a meta parameter in the current model, which is a no-op. (Did you mean to pass `assign=True` to assign items in the state dictionary to their corresponding key in the module instead of copying them in place?)
  warnings.warn(
/opt/conda/envs/diffsensei/lib/python3.11/site-packages/torch/nn/modules/module.py:2400: UserWarning: for layer2.0.conv3.weight: copying from a non-meta parameter in the checkpoint to a meta parameter in the current model, which is a no-op. (Did you mean to pass `assign=True` to assign items in the state dictionary to their corresponding key in the module instead of copying them in place?)
  warnings.warn(
/opt/conda/envs/diffsensei/lib/python3.11/site-packages/torch/nn/modules/module.py:2400: UserWarning: for layer2.0.bn3.weight: copying from a non-meta parameter in the checkpoint to a meta parameter in the current model, which is a no-op. (Did you mean to pass `assign=True` to assign items in the state dictionary to their corresponding key in the module instead of copying them in place?)
  warnings.warn(
/opt/conda/envs/diffsensei/lib/python3.11/site-packages/torch/nn/modules/module.py:2400: UserWarning: for layer2.0.bn3.bias: copying from a non-meta parameter in the checkpoint to a meta parameter in the current model, which is a no-op. (Did you mean to pass `assign=True` to assign items in the state dictionary to their corresponding key in the module instead of copying them in place?)
  warnings.warn(
/opt/conda/envs/diffsensei/lib/python3.11/site-packages/torch/nn/modules/module.py:2400: UserWarning: for layer2.0.downsample.0.weight: copying from a non-meta parameter in the checkpoint to a meta parameter in the current model, which is a no-op. (Did you mean to pass `assign=True` to assign items in the state dictionary to their corresponding key in the module instead of copying them in place?)
  warnings.warn(
/opt/conda/envs/diffsensei/lib/python3.11/site-packages/torch/nn/modules/module.py:2400: UserWarning: for layer2.0.downsample.1.weight: copying from a non-meta parameter in the checkpoint to a meta parameter in the current model, which is a no-op. (Did you mean to pass `assign=True` to assign items in the state dictionary to their corresponding key in the module instead of copying them in place?)
  warnings.warn(
/opt/conda/envs/diffsensei/lib/python3.11/site-packages/torch/nn/modules/module.py:2400: UserWarning: for layer2.0.downsample.1.bias: copying from a non-meta parameter in the checkpoint to a meta parameter in the current model, which is a no-op. (Did you mean to pass `assign=True` to assign items in the state dictionary to their corresponding key in the module instead of copying them in place?)
  warnings.warn(
/opt/conda/envs/diffsensei/lib/python3.11/site-packages/torch/nn/modules/module.py:2400: UserWarning: for layer2.1.conv1.weight: copying from a non-meta parameter in the checkpoint to a meta parameter in the current model, which is a no-op. (Did you mean to pass `assign=True` to assign items in the state dictionary to their corresponding key in the module instead of copying them in place?)
  warnings.warn(
/opt/conda/envs/diffsensei/lib/python3.11/site-packages/torch/nn/modules/module.py:2400: UserWarning: for layer2.1.bn1.weight: copying from a non-meta parameter in the checkpoint to a meta parameter in the current model, which is a no-op. (Did you mean to pass `assign=True` to assign items in the state dictionary to their corresponding key in the module instead of copying them in place?)
  warnings.warn(
/opt/conda/envs/diffsensei/lib/python3.11/site-packages/torch/nn/modules/module.py:2400: UserWarning: for layer2.1.bn1.bias: copying from a non-meta parameter in the checkpoint to a meta parameter in the current model, which is a no-op. (Did you mean to pass `assign=True` to assign items in the state dictionary to their corresponding key in the module instead of copying them in place?)
  warnings.warn(
/opt/conda/envs/diffsensei/lib/python3.11/site-packages/torch/nn/modules/module.py:2400: UserWarning: for layer2.1.conv2.weight: copying from a non-meta parameter in the checkpoint to a meta parameter in the current model, which is a no-op. (Did you mean to pass `assign=True` to assign items in the state dictionary to their corresponding key in the module instead of copying them in place?)
  warnings.warn(
/opt/conda/envs/diffsensei/lib/python3.11/site-packages/torch/nn/modules/module.py:2400: UserWarning: for layer2.1.bn2.weight: copying from a non-meta parameter in the checkpoint to a meta parameter in the current model, which is a no-op. (Did you mean to pass `assign=True` to assign items in the state dictionary to their corresponding key in the module instead of copying them in place?)
  warnings.warn(
/opt/conda/envs/diffsensei/lib/python3.11/site-packages/torch/nn/modules/module.py:2400: UserWarning: for layer2.1.bn2.bias: copying from a non-meta parameter in the checkpoint to a meta parameter in the current model, which is a no-op. (Did you mean to pass `assign=True` to assign items in the state dictionary to their corresponding key in the module instead of copying them in place?)
  warnings.warn(
/opt/conda/envs/diffsensei/lib/python3.11/site-packages/torch/nn/modules/module.py:2400: UserWarning: for layer2.1.conv3.weight: copying from a non-meta parameter in the checkpoint to a meta parameter in the current model, which is a no-op. (Did you mean to pass `assign=True` to assign items in the state dictionary to their corresponding key in the module instead of copying them in place?)
  warnings.warn(
/opt/conda/envs/diffsensei/lib/python3.11/site-packages/torch/nn/modules/module.py:2400: UserWarning: for layer2.1.bn3.weight: copying from a non-meta parameter in the checkpoint to a meta parameter in the current model, which is a no-op. (Did you mean to pass `assign=True` to assign items in the state dictionary to their corresponding key in the module instead of copying them in place?)
  warnings.warn(
/opt/conda/envs/diffsensei/lib/python3.11/site-packages/torch/nn/modules/module.py:2400: UserWarning: for layer2.1.bn3.bias: copying from a non-meta parameter in the checkpoint to a meta parameter in the current model, which is a no-op. (Did you mean to pass `assign=True` to assign items in the state dictionary to their corresponding key in the module instead of copying them in place?)
  warnings.warn(
/opt/conda/envs/diffsensei/lib/python3.11/site-packages/torch/nn/modules/module.py:2400: UserWarning: for layer2.2.conv1.weight: copying from a non-meta parameter in the checkpoint to a meta parameter in the current model, which is a no-op. (Did you mean to pass `assign=True` to assign items in the state dictionary to their corresponding key in the module instead of copying them in place?)
  warnings.warn(
/opt/conda/envs/diffsensei/lib/python3.11/site-packages/torch/nn/modules/module.py:2400: UserWarning: for layer2.2.bn1.weight: copying from a non-meta parameter in the checkpoint to a meta parameter in the current model, which is a no-op. (Did you mean to pass `assign=True` to assign items in the state dictionary to their corresponding key in the module instead of copying them in place?)
  warnings.warn(
/opt/conda/envs/diffsensei/lib/python3.11/site-packages/torch/nn/modules/module.py:2400: UserWarning: for layer2.2.bn1.bias: copying from a non-meta parameter in the checkpoint to a meta parameter in the current model, which is a no-op. (Did you mean to pass `assign=True` to assign items in the state dictionary to their corresponding key in the module instead of copying them in place?)
  warnings.warn(
/opt/conda/envs/diffsensei/lib/python3.11/site-packages/torch/nn/modules/module.py:2400: UserWarning: for layer2.2.conv2.weight: copying from a non-meta parameter in the checkpoint to a meta parameter in the current model, which is a no-op. (Did you mean to pass `assign=True` to assign items in the state dictionary to their corresponding key in the module instead of copying them in place?)
  warnings.warn(
/opt/conda/envs/diffsensei/lib/python3.11/site-packages/torch/nn/modules/module.py:2400: UserWarning: for layer2.2.bn2.weight: copying from a non-meta parameter in the checkpoint to a meta parameter in the current model, which is a no-op. (Did you mean to pass `assign=True` to assign items in the state dictionary to their corresponding key in the module instead of copying them in place?)
  warnings.warn(
/opt/conda/envs/diffsensei/lib/python3.11/site-packages/torch/nn/modules/module.py:2400: UserWarning: for layer2.2.bn2.bias: copying from a non-meta parameter in the checkpoint to a meta parameter in the current model, which is a no-op. (Did you mean to pass `assign=True` to assign items in the state dictionary to their corresponding key in the module instead of copying them in place?)
  warnings.warn(
/opt/conda/envs/diffsensei/lib/python3.11/site-packages/torch/nn/modules/module.py:2400: UserWarning: for layer2.2.conv3.weight: copying from a non-meta parameter in the checkpoint to a meta parameter in the current model, which is a no-op. (Did you mean to pass `assign=True` to assign items in the state dictionary to their corresponding key in the module instead of copying them in place?)
  warnings.warn(
/opt/conda/envs/diffsensei/lib/python3.11/site-packages/torch/nn/modules/module.py:2400: UserWarning: for layer2.2.bn3.weight: copying from a non-meta parameter in the checkpoint to a meta parameter in the current model, which is a no-op. (Did you mean to pass `assign=True` to assign items in the state dictionary to their corresponding key in the module instead of copying them in place?)
  warnings.warn(
/opt/conda/envs/diffsensei/lib/python3.11/site-packages/torch/nn/modules/module.py:2400: UserWarning: for layer2.2.bn3.bias: copying from a non-meta parameter in the checkpoint to a meta parameter in the current model, which is a no-op. (Did you mean to pass `assign=True` to assign items in the state dictionary to their corresponding key in the module instead of copying them in place?)
  warnings.warn(
/opt/conda/envs/diffsensei/lib/python3.11/site-packages/torch/nn/modules/module.py:2400: UserWarning: for layer2.3.conv1.weight: copying from a non-meta parameter in the checkpoint to a meta parameter in the current model, which is a no-op. (Did you mean to pass `assign=True` to assign items in the state dictionary to their corresponding key in the module instead of copying them in place?)
  warnings.warn(
/opt/conda/envs/diffsensei/lib/python3.11/site-packages/torch/nn/modules/module.py:2400: UserWarning: for layer2.3.bn1.weight: copying from a non-meta parameter in the checkpoint to a meta parameter in the current model, which is a no-op. (Did you mean to pass `assign=True` to assign items in the state dictionary to their corresponding key in the module instead of copying them in place?)
  warnings.warn(
/opt/conda/envs/diffsensei/lib/python3.11/site-packages/torch/nn/modules/module.py:2400: UserWarning: for layer2.3.bn1.bias: copying from a non-meta parameter in the checkpoint to a meta parameter in the current model, which is a no-op. (Did you mean to pass `assign=True` to assign items in the state dictionary to their corresponding key in the module instead of copying them in place?)
  warnings.warn(
/opt/conda/envs/diffsensei/lib/python3.11/site-packages/torch/nn/modules/module.py:2400: UserWarning: for layer2.3.conv2.weight: copying from a non-meta parameter in the checkpoint to a meta parameter in the current model, which is a no-op. (Did you mean to pass `assign=True` to assign items in the state dictionary to their corresponding key in the module instead of copying them in place?)
  warnings.warn(
/opt/conda/envs/diffsensei/lib/python3.11/site-packages/torch/nn/modules/module.py:2400: UserWarning: for layer2.3.bn2.weight: copying from a non-meta parameter in the checkpoint to a meta parameter in the current model, which is a no-op. (Did you mean to pass `assign=True` to assign items in the state dictionary to their corresponding key in the module instead of copying them in place?)
  warnings.warn(
/opt/conda/envs/diffsensei/lib/python3.11/site-packages/torch/nn/modules/module.py:2400: UserWarning: for layer2.3.bn2.bias: copying from a non-meta parameter in the checkpoint to a meta parameter in the current model, which is a no-op. (Did you mean to pass `assign=True` to assign items in the state dictionary to their corresponding key in the module instead of copying them in place?)
  warnings.warn(
/opt/conda/envs/diffsensei/lib/python3.11/site-packages/torch/nn/modules/module.py:2400: UserWarning: for layer2.3.conv3.weight: copying from a non-meta parameter in the checkpoint to a meta parameter in the current model, which is a no-op. (Did you mean to pass `assign=True` to assign items in the state dictionary to their corresponding key in the module instead of copying them in place?)
  warnings.warn(
/opt/conda/envs/diffsensei/lib/python3.11/site-packages/torch/nn/modules/module.py:2400: UserWarning: for layer2.3.bn3.weight: copying from a non-meta parameter in the checkpoint to a meta parameter in the current model, which is a no-op. (Did you mean to pass `assign=True` to assign items in the state dictionary to their corresponding key in the module instead of copying them in place?)
  warnings.warn(
/opt/conda/envs/diffsensei/lib/python3.11/site-packages/torch/nn/modules/module.py:2400: UserWarning: for layer2.3.bn3.bias: copying from a non-meta parameter in the checkpoint to a meta parameter in the current model, which is a no-op. (Did you mean to pass `assign=True` to assign items in the state dictionary to their corresponding key in the module instead of copying them in place?)
  warnings.warn(
/opt/conda/envs/diffsensei/lib/python3.11/site-packages/torch/nn/modules/module.py:2400: UserWarning: for layer3.0.conv1.weight: copying from a non-meta parameter in the checkpoint to a meta parameter in the current model, which is a no-op. (Did you mean to pass `assign=True` to assign items in the state dictionary to their corresponding key in the module instead of copying them in place?)
  warnings.warn(
/opt/conda/envs/diffsensei/lib/python3.11/site-packages/torch/nn/modules/module.py:2400: UserWarning: for layer3.0.bn1.weight: copying from a non-meta parameter in the checkpoint to a meta parameter in the current model, which is a no-op. (Did you mean to pass `assign=True` to assign items in the state dictionary to their corresponding key in the module instead of copying them in place?)
  warnings.warn(
/opt/conda/envs/diffsensei/lib/python3.11/site-packages/torch/nn/modules/module.py:2400: UserWarning: for layer3.0.bn1.bias: copying from a non-meta parameter in the checkpoint to a meta parameter in the current model, which is a no-op. (Did you mean to pass `assign=True` to assign items in the state dictionary to their corresponding key in the module instead of copying them in place?)
  warnings.warn(
/opt/conda/envs/diffsensei/lib/python3.11/site-packages/torch/nn/modules/module.py:2400: UserWarning: for layer3.0.conv2.weight: copying from a non-meta parameter in the checkpoint to a meta parameter in the current model, which is a no-op. (Did you mean to pass `assign=True` to assign items in the state dictionary to their corresponding key in the module instead of copying them in place?)
  warnings.warn(
/opt/conda/envs/diffsensei/lib/python3.11/site-packages/torch/nn/modules/module.py:2400: UserWarning: for layer3.0.bn2.weight: copying from a non-meta parameter in the checkpoint to a meta parameter in the current model, which is a no-op. (Did you mean to pass `assign=True` to assign items in the state dictionary to their corresponding key in the module instead of copying them in place?)
  warnings.warn(
/opt/conda/envs/diffsensei/lib/python3.11/site-packages/torch/nn/modules/module.py:2400: UserWarning: for layer3.0.bn2.bias: copying from a non-meta parameter in the checkpoint to a meta parameter in the current model, which is a no-op. (Did you mean to pass `assign=True` to assign items in the state dictionary to their corresponding key in the module instead of copying them in place?)
  warnings.warn(
/opt/conda/envs/diffsensei/lib/python3.11/site-packages/torch/nn/modules/module.py:2400: UserWarning: for layer3.0.conv3.weight: copying from a non-meta parameter in the checkpoint to a meta parameter in the current model, which is a no-op. (Did you mean to pass `assign=True` to assign items in the state dictionary to their corresponding key in the module instead of copying them in place?)
  warnings.warn(
/opt/conda/envs/diffsensei/lib/python3.11/site-packages/torch/nn/modules/module.py:2400: UserWarning: for layer3.0.bn3.weight: copying from a non-meta parameter in the checkpoint to a meta parameter in the current model, which is a no-op. (Did you mean to pass `assign=True` to assign items in the state dictionary to their corresponding key in the module instead of copying them in place?)
  warnings.warn(
/opt/conda/envs/diffsensei/lib/python3.11/site-packages/torch/nn/modules/module.py:2400: UserWarning: for layer3.0.bn3.bias: copying from a non-meta parameter in the checkpoint to a meta parameter in the current model, which is a no-op. (Did you mean to pass `assign=True` to assign items in the state dictionary to their corresponding key in the module instead of copying them in place?)
  warnings.warn(
/opt/conda/envs/diffsensei/lib/python3.11/site-packages/torch/nn/modules/module.py:2400: UserWarning: for layer3.0.downsample.0.weight: copying from a non-meta parameter in the checkpoint to a meta parameter in the current model, which is a no-op. (Did you mean to pass `assign=True` to assign items in the state dictionary to their corresponding key in the module instead of copying them in place?)
  warnings.warn(
/opt/conda/envs/diffsensei/lib/python3.11/site-packages/torch/nn/modules/module.py:2400: UserWarning: for layer3.0.downsample.1.weight: copying from a non-meta parameter in the checkpoint to a meta parameter in the current model, which is a no-op. (Did you mean to pass `assign=True` to assign items in the state dictionary to their corresponding key in the module instead of copying them in place?)
  warnings.warn(
/opt/conda/envs/diffsensei/lib/python3.11/site-packages/torch/nn/modules/module.py:2400: UserWarning: for layer3.0.downsample.1.bias: copying from a non-meta parameter in the checkpoint to a meta parameter in the current model, which is a no-op. (Did you mean to pass `assign=True` to assign items in the state dictionary to their corresponding key in the module instead of copying them in place?)
  warnings.warn(
/opt/conda/envs/diffsensei/lib/python3.11/site-packages/torch/nn/modules/module.py:2400: UserWarning: for layer3.1.conv1.weight: copying from a non-meta parameter in the checkpoint to a meta parameter in the current model, which is a no-op. (Did you mean to pass `assign=True` to assign items in the state dictionary to their corresponding key in the module instead of copying them in place?)
  warnings.warn(
/opt/conda/envs/diffsensei/lib/python3.11/site-packages/torch/nn/modules/module.py:2400: UserWarning: for layer3.1.bn1.weight: copying from a non-meta parameter in the checkpoint to a meta parameter in the current model, which is a no-op. (Did you mean to pass `assign=True` to assign items in the state dictionary to their corresponding key in the module instead of copying them in place?)
  warnings.warn(
/opt/conda/envs/diffsensei/lib/python3.11/site-packages/torch/nn/modules/module.py:2400: UserWarning: for layer3.1.bn1.bias: copying from a non-meta parameter in the checkpoint to a meta parameter in the current model, which is a no-op. (Did you mean to pass `assign=True` to assign items in the state dictionary to their corresponding key in the module instead of copying them in place?)
  warnings.warn(
/opt/conda/envs/diffsensei/lib/python3.11/site-packages/torch/nn/modules/module.py:2400: UserWarning: for layer3.1.conv2.weight: copying from a non-meta parameter in the checkpoint to a meta parameter in the current model, which is a no-op. (Did you mean to pass `assign=True` to assign items in the state dictionary to their corresponding key in the module instead of copying them in place?)
  warnings.warn(
/opt/conda/envs/diffsensei/lib/python3.11/site-packages/torch/nn/modules/module.py:2400: UserWarning: for layer3.1.bn2.weight: copying from a non-meta parameter in the checkpoint to a meta parameter in the current model, which is a no-op. (Did you mean to pass `assign=True` to assign items in the state dictionary to their corresponding key in the module instead of copying them in place?)
  warnings.warn(
/opt/conda/envs/diffsensei/lib/python3.11/site-packages/torch/nn/modules/module.py:2400: UserWarning: for layer3.1.bn2.bias: copying from a non-meta parameter in the checkpoint to a meta parameter in the current model, which is a no-op. (Did you mean to pass `assign=True` to assign items in the state dictionary to their corresponding key in the module instead of copying them in place?)
  warnings.warn(
/opt/conda/envs/diffsensei/lib/python3.11/site-packages/torch/nn/modules/module.py:2400: UserWarning: for layer3.1.conv3.weight: copying from a non-meta parameter in the checkpoint to a meta parameter in the current model, which is a no-op. (Did you mean to pass `assign=True` to assign items in the state dictionary to their corresponding key in the module instead of copying them in place?)
  warnings.warn(
/opt/conda/envs/diffsensei/lib/python3.11/site-packages/torch/nn/modules/module.py:2400: UserWarning: for layer3.1.bn3.weight: copying from a non-meta parameter in the checkpoint to a meta parameter in the current model, which is a no-op. (Did you mean to pass `assign=True` to assign items in the state dictionary to their corresponding key in the module instead of copying them in place?)
  warnings.warn(
/opt/conda/envs/diffsensei/lib/python3.11/site-packages/torch/nn/modules/module.py:2400: UserWarning: for layer3.1.bn3.bias: copying from a non-meta parameter in the checkpoint to a meta parameter in the current model, which is a no-op. (Did you mean to pass `assign=True` to assign items in the state dictionary to their corresponding key in the module instead of copying them in place?)
  warnings.warn(
/opt/conda/envs/diffsensei/lib/python3.11/site-packages/torch/nn/modules/module.py:2400: UserWarning: for layer3.2.conv1.weight: copying from a non-meta parameter in the checkpoint to a meta parameter in the current model, which is a no-op. (Did you mean to pass `assign=True` to assign items in the state dictionary to their corresponding key in the module instead of copying them in place?)
  warnings.warn(
/opt/conda/envs/diffsensei/lib/python3.11/site-packages/torch/nn/modules/module.py:2400: UserWarning: for layer3.2.bn1.weight: copying from a non-meta parameter in the checkpoint to a meta parameter in the current model, which is a no-op. (Did you mean to pass `assign=True` to assign items in the state dictionary to their corresponding key in the module instead of copying them in place?)
  warnings.warn(
/opt/conda/envs/diffsensei/lib/python3.11/site-packages/torch/nn/modules/module.py:2400: UserWarning: for layer3.2.bn1.bias: copying from a non-meta parameter in the checkpoint to a meta parameter in the current model, which is a no-op. (Did you mean to pass `assign=True` to assign items in the state dictionary to their corresponding key in the module instead of copying them in place?)
  warnings.warn(
/opt/conda/envs/diffsensei/lib/python3.11/site-packages/torch/nn/modules/module.py:2400: UserWarning: for layer3.2.conv2.weight: copying from a non-meta parameter in the checkpoint to a meta parameter in the current model, which is a no-op. (Did you mean to pass `assign=True` to assign items in the state dictionary to their corresponding key in the module instead of copying them in place?)
  warnings.warn(
/opt/conda/envs/diffsensei/lib/python3.11/site-packages/torch/nn/modules/module.py:2400: UserWarning: for layer3.2.bn2.weight: copying from a non-meta parameter in the checkpoint to a meta parameter in the current model, which is a no-op. (Did you mean to pass `assign=True` to assign items in the state dictionary to their corresponding key in the module instead of copying them in place?)
  warnings.warn(
/opt/conda/envs/diffsensei/lib/python3.11/site-packages/torch/nn/modules/module.py:2400: UserWarning: for layer3.2.bn2.bias: copying from a non-meta parameter in the checkpoint to a meta parameter in the current model, which is a no-op. (Did you mean to pass `assign=True` to assign items in the state dictionary to their corresponding key in the module instead of copying them in place?)
  warnings.warn(
/opt/conda/envs/diffsensei/lib/python3.11/site-packages/torch/nn/modules/module.py:2400: UserWarning: for layer3.2.conv3.weight: copying from a non-meta parameter in the checkpoint to a meta parameter in the current model, which is a no-op. (Did you mean to pass `assign=True` to assign items in the state dictionary to their corresponding key in the module instead of copying them in place?)
  warnings.warn(
/opt/conda/envs/diffsensei/lib/python3.11/site-packages/torch/nn/modules/module.py:2400: UserWarning: for layer3.2.bn3.weight: copying from a non-meta parameter in the checkpoint to a meta parameter in the current model, which is a no-op. (Did you mean to pass `assign=True` to assign items in the state dictionary to their corresponding key in the module instead of copying them in place?)
  warnings.warn(
/opt/conda/envs/diffsensei/lib/python3.11/site-packages/torch/nn/modules/module.py:2400: UserWarning: for layer3.2.bn3.bias: copying from a non-meta parameter in the checkpoint to a meta parameter in the current model, which is a no-op. (Did you mean to pass `assign=True` to assign items in the state dictionary to their corresponding key in the module instead of copying them in place?)
  warnings.warn(
/opt/conda/envs/diffsensei/lib/python3.11/site-packages/torch/nn/modules/module.py:2400: UserWarning: for layer3.3.conv1.weight: copying from a non-meta parameter in the checkpoint to a meta parameter in the current model, which is a no-op. (Did you mean to pass `assign=True` to assign items in the state dictionary to their corresponding key in the module instead of copying them in place?)
  warnings.warn(
/opt/conda/envs/diffsensei/lib/python3.11/site-packages/torch/nn/modules/module.py:2400: UserWarning: for layer3.3.bn1.weight: copying from a non-meta parameter in the checkpoint to a meta parameter in the current model, which is a no-op. (Did you mean to pass `assign=True` to assign items in the state dictionary to their corresponding key in the module instead of copying them in place?)
  warnings.warn(
/opt/conda/envs/diffsensei/lib/python3.11/site-packages/torch/nn/modules/module.py:2400: UserWarning: for layer3.3.bn1.bias: copying from a non-meta parameter in the checkpoint to a meta parameter in the current model, which is a no-op. (Did you mean to pass `assign=True` to assign items in the state dictionary to their corresponding key in the module instead of copying them in place?)
  warnings.warn(
/opt/conda/envs/diffsensei/lib/python3.11/site-packages/torch/nn/modules/module.py:2400: UserWarning: for layer3.3.conv2.weight: copying from a non-meta parameter in the checkpoint to a meta parameter in the current model, which is a no-op. (Did you mean to pass `assign=True` to assign items in the state dictionary to their corresponding key in the module instead of copying them in place?)
  warnings.warn(
/opt/conda/envs/diffsensei/lib/python3.11/site-packages/torch/nn/modules/module.py:2400: UserWarning: for layer3.3.bn2.weight: copying from a non-meta parameter in the checkpoint to a meta parameter in the current model, which is a no-op. (Did you mean to pass `assign=True` to assign items in the state dictionary to their corresponding key in the module instead of copying them in place?)
  warnings.warn(
/opt/conda/envs/diffsensei/lib/python3.11/site-packages/torch/nn/modules/module.py:2400: UserWarning: for layer3.3.bn2.bias: copying from a non-meta parameter in the checkpoint to a meta parameter in the current model, which is a no-op. (Did you mean to pass `assign=True` to assign items in the state dictionary to their corresponding key in the module instead of copying them in place?)
  warnings.warn(
/opt/conda/envs/diffsensei/lib/python3.11/site-packages/torch/nn/modules/module.py:2400: UserWarning: for layer3.3.conv3.weight: copying from a non-meta parameter in the checkpoint to a meta parameter in the current model, which is a no-op. (Did you mean to pass `assign=True` to assign items in the state dictionary to their corresponding key in the module instead of copying them in place?)
  warnings.warn(
/opt/conda/envs/diffsensei/lib/python3.11/site-packages/torch/nn/modules/module.py:2400: UserWarning: for layer3.3.bn3.weight: copying from a non-meta parameter in the checkpoint to a meta parameter in the current model, which is a no-op. (Did you mean to pass `assign=True` to assign items in the state dictionary to their corresponding key in the module instead of copying them in place?)
  warnings.warn(
/opt/conda/envs/diffsensei/lib/python3.11/site-packages/torch/nn/modules/module.py:2400: UserWarning: for layer3.3.bn3.bias: copying from a non-meta parameter in the checkpoint to a meta parameter in the current model, which is a no-op. (Did you mean to pass `assign=True` to assign items in the state dictionary to their corresponding key in the module instead of copying them in place?)
  warnings.warn(
/opt/conda/envs/diffsensei/lib/python3.11/site-packages/torch/nn/modules/module.py:2400: UserWarning: for layer3.4.conv1.weight: copying from a non-meta parameter in the checkpoint to a meta parameter in the current model, which is a no-op. (Did you mean to pass `assign=True` to assign items in the state dictionary to their corresponding key in the module instead of copying them in place?)
  warnings.warn(
/opt/conda/envs/diffsensei/lib/python3.11/site-packages/torch/nn/modules/module.py:2400: UserWarning: for layer3.4.bn1.weight: copying from a non-meta parameter in the checkpoint to a meta parameter in the current model, which is a no-op. (Did you mean to pass `assign=True` to assign items in the state dictionary to their corresponding key in the module instead of copying them in place?)
  warnings.warn(
/opt/conda/envs/diffsensei/lib/python3.11/site-packages/torch/nn/modules/module.py:2400: UserWarning: for layer3.4.bn1.bias: copying from a non-meta parameter in the checkpoint to a meta parameter in the current model, which is a no-op. (Did you mean to pass `assign=True` to assign items in the state dictionary to their corresponding key in the module instead of copying them in place?)
  warnings.warn(
/opt/conda/envs/diffsensei/lib/python3.11/site-packages/torch/nn/modules/module.py:2400: UserWarning: for layer3.4.conv2.weight: copying from a non-meta parameter in the checkpoint to a meta parameter in the current model, which is a no-op. (Did you mean to pass `assign=True` to assign items in the state dictionary to their corresponding key in the module instead of copying them in place?)
  warnings.warn(
/opt/conda/envs/diffsensei/lib/python3.11/site-packages/torch/nn/modules/module.py:2400: UserWarning: for layer3.4.bn2.weight: copying from a non-meta parameter in the checkpoint to a meta parameter in the current model, which is a no-op. (Did you mean to pass `assign=True` to assign items in the state dictionary to their corresponding key in the module instead of copying them in place?)
  warnings.warn(
/opt/conda/envs/diffsensei/lib/python3.11/site-packages/torch/nn/modules/module.py:2400: UserWarning: for layer3.4.bn2.bias: copying from a non-meta parameter in the checkpoint to a meta parameter in the current model, which is a no-op. (Did you mean to pass `assign=True` to assign items in the state dictionary to their corresponding key in the module instead of copying them in place?)
  warnings.warn(
/opt/conda/envs/diffsensei/lib/python3.11/site-packages/torch/nn/modules/module.py:2400: UserWarning: for layer3.4.conv3.weight: copying from a non-meta parameter in the checkpoint to a meta parameter in the current model, which is a no-op. (Did you mean to pass `assign=True` to assign items in the state dictionary to their corresponding key in the module instead of copying them in place?)
  warnings.warn(
/opt/conda/envs/diffsensei/lib/python3.11/site-packages/torch/nn/modules/module.py:2400: UserWarning: for layer3.4.bn3.weight: copying from a non-meta parameter in the checkpoint to a meta parameter in the current model, which is a no-op. (Did you mean to pass `assign=True` to assign items in the state dictionary to their corresponding key in the module instead of copying them in place?)
  warnings.warn(
/opt/conda/envs/diffsensei/lib/python3.11/site-packages/torch/nn/modules/module.py:2400: UserWarning: for layer3.4.bn3.bias: copying from a non-meta parameter in the checkpoint to a meta parameter in the current model, which is a no-op. (Did you mean to pass `assign=True` to assign items in the state dictionary to their corresponding key in the module instead of copying them in place?)
  warnings.warn(
/opt/conda/envs/diffsensei/lib/python3.11/site-packages/torch/nn/modules/module.py:2400: UserWarning: for layer3.5.conv1.weight: copying from a non-meta parameter in the checkpoint to a meta parameter in the current model, which is a no-op. (Did you mean to pass `assign=True` to assign items in the state dictionary to their corresponding key in the module instead of copying them in place?)
  warnings.warn(
/opt/conda/envs/diffsensei/lib/python3.11/site-packages/torch/nn/modules/module.py:2400: UserWarning: for layer3.5.bn1.weight: copying from a non-meta parameter in the checkpoint to a meta parameter in the current model, which is a no-op. (Did you mean to pass `assign=True` to assign items in the state dictionary to their corresponding key in the module instead of copying them in place?)
  warnings.warn(
/opt/conda/envs/diffsensei/lib/python3.11/site-packages/torch/nn/modules/module.py:2400: UserWarning: for layer3.5.bn1.bias: copying from a non-meta parameter in the checkpoint to a meta parameter in the current model, which is a no-op. (Did you mean to pass `assign=True` to assign items in the state dictionary to their corresponding key in the module instead of copying them in place?)
  warnings.warn(
/opt/conda/envs/diffsensei/lib/python3.11/site-packages/torch/nn/modules/module.py:2400: UserWarning: for layer3.5.conv2.weight: copying from a non-meta parameter in the checkpoint to a meta parameter in the current model, which is a no-op. (Did you mean to pass `assign=True` to assign items in the state dictionary to their corresponding key in the module instead of copying them in place?)
  warnings.warn(
/opt/conda/envs/diffsensei/lib/python3.11/site-packages/torch/nn/modules/module.py:2400: UserWarning: for layer3.5.bn2.weight: copying from a non-meta parameter in the checkpoint to a meta parameter in the current model, which is a no-op. (Did you mean to pass `assign=True` to assign items in the state dictionary to their corresponding key in the module instead of copying them in place?)
  warnings.warn(
/opt/conda/envs/diffsensei/lib/python3.11/site-packages/torch/nn/modules/module.py:2400: UserWarning: for layer3.5.bn2.bias: copying from a non-meta parameter in the checkpoint to a meta parameter in the current model, which is a no-op. (Did you mean to pass `assign=True` to assign items in the state dictionary to their corresponding key in the module instead of copying them in place?)
  warnings.warn(
/opt/conda/envs/diffsensei/lib/python3.11/site-packages/torch/nn/modules/module.py:2400: UserWarning: for layer3.5.conv3.weight: copying from a non-meta parameter in the checkpoint to a meta parameter in the current model, which is a no-op. (Did you mean to pass `assign=True` to assign items in the state dictionary to their corresponding key in the module instead of copying them in place?)
  warnings.warn(
/opt/conda/envs/diffsensei/lib/python3.11/site-packages/torch/nn/modules/module.py:2400: UserWarning: for layer3.5.bn3.weight: copying from a non-meta parameter in the checkpoint to a meta parameter in the current model, which is a no-op. (Did you mean to pass `assign=True` to assign items in the state dictionary to their corresponding key in the module instead of copying them in place?)
  warnings.warn(
/opt/conda/envs/diffsensei/lib/python3.11/site-packages/torch/nn/modules/module.py:2400: UserWarning: for layer3.5.bn3.bias: copying from a non-meta parameter in the checkpoint to a meta parameter in the current model, which is a no-op. (Did you mean to pass `assign=True` to assign items in the state dictionary to their corresponding key in the module instead of copying them in place?)
  warnings.warn(
/opt/conda/envs/diffsensei/lib/python3.11/site-packages/torch/nn/modules/module.py:2400: UserWarning: for layer4.0.conv1.weight: copying from a non-meta parameter in the checkpoint to a meta parameter in the current model, which is a no-op. (Did you mean to pass `assign=True` to assign items in the state dictionary to their corresponding key in the module instead of copying them in place?)
  warnings.warn(
/opt/conda/envs/diffsensei/lib/python3.11/site-packages/torch/nn/modules/module.py:2400: UserWarning: for layer4.0.bn1.weight: copying from a non-meta parameter in the checkpoint to a meta parameter in the current model, which is a no-op. (Did you mean to pass `assign=True` to assign items in the state dictionary to their corresponding key in the module instead of copying them in place?)
  warnings.warn(
/opt/conda/envs/diffsensei/lib/python3.11/site-packages/torch/nn/modules/module.py:2400: UserWarning: for layer4.0.bn1.bias: copying from a non-meta parameter in the checkpoint to a meta parameter in the current model, which is a no-op. (Did you mean to pass `assign=True` to assign items in the state dictionary to their corresponding key in the module instead of copying them in place?)
  warnings.warn(
/opt/conda/envs/diffsensei/lib/python3.11/site-packages/torch/nn/modules/module.py:2400: UserWarning: for layer4.0.conv2.weight: copying from a non-meta parameter in the checkpoint to a meta parameter in the current model, which is a no-op. (Did you mean to pass `assign=True` to assign items in the state dictionary to their corresponding key in the module instead of copying them in place?)
  warnings.warn(
/opt/conda/envs/diffsensei/lib/python3.11/site-packages/torch/nn/modules/module.py:2400: UserWarning: for layer4.0.bn2.weight: copying from a non-meta parameter in the checkpoint to a meta parameter in the current model, which is a no-op. (Did you mean to pass `assign=True` to assign items in the state dictionary to their corresponding key in the module instead of copying them in place?)
  warnings.warn(
/opt/conda/envs/diffsensei/lib/python3.11/site-packages/torch/nn/modules/module.py:2400: UserWarning: for layer4.0.bn2.bias: copying from a non-meta parameter in the checkpoint to a meta parameter in the current model, which is a no-op. (Did you mean to pass `assign=True` to assign items in the state dictionary to their corresponding key in the module instead of copying them in place?)
  warnings.warn(
/opt/conda/envs/diffsensei/lib/python3.11/site-packages/torch/nn/modules/module.py:2400: UserWarning: for layer4.0.conv3.weight: copying from a non-meta parameter in the checkpoint to a meta parameter in the current model, which is a no-op. (Did you mean to pass `assign=True` to assign items in the state dictionary to their corresponding key in the module instead of copying them in place?)
  warnings.warn(
/opt/conda/envs/diffsensei/lib/python3.11/site-packages/torch/nn/modules/module.py:2400: UserWarning: for layer4.0.bn3.weight: copying from a non-meta parameter in the checkpoint to a meta parameter in the current model, which is a no-op. (Did you mean to pass `assign=True` to assign items in the state dictionary to their corresponding key in the module instead of copying them in place?)
  warnings.warn(
/opt/conda/envs/diffsensei/lib/python3.11/site-packages/torch/nn/modules/module.py:2400: UserWarning: for layer4.0.bn3.bias: copying from a non-meta parameter in the checkpoint to a meta parameter in the current model, which is a no-op. (Did you mean to pass `assign=True` to assign items in the state dictionary to their corresponding key in the module instead of copying them in place?)
  warnings.warn(
/opt/conda/envs/diffsensei/lib/python3.11/site-packages/torch/nn/modules/module.py:2400: UserWarning: for layer4.0.downsample.0.weight: copying from a non-meta parameter in the checkpoint to a meta parameter in the current model, which is a no-op. (Did you mean to pass `assign=True` to assign items in the state dictionary to their corresponding key in the module instead of copying them in place?)
  warnings.warn(
/opt/conda/envs/diffsensei/lib/python3.11/site-packages/torch/nn/modules/module.py:2400: UserWarning: for layer4.0.downsample.1.weight: copying from a non-meta parameter in the checkpoint to a meta parameter in the current model, which is a no-op. (Did you mean to pass `assign=True` to assign items in the state dictionary to their corresponding key in the module instead of copying them in place?)
  warnings.warn(
/opt/conda/envs/diffsensei/lib/python3.11/site-packages/torch/nn/modules/module.py:2400: UserWarning: for layer4.0.downsample.1.bias: copying from a non-meta parameter in the checkpoint to a meta parameter in the current model, which is a no-op. (Did you mean to pass `assign=True` to assign items in the state dictionary to their corresponding key in the module instead of copying them in place?)
  warnings.warn(
/opt/conda/envs/diffsensei/lib/python3.11/site-packages/torch/nn/modules/module.py:2400: UserWarning: for layer4.1.conv1.weight: copying from a non-meta parameter in the checkpoint to a meta parameter in the current model, which is a no-op. (Did you mean to pass `assign=True` to assign items in the state dictionary to their corresponding key in the module instead of copying them in place?)
  warnings.warn(
/opt/conda/envs/diffsensei/lib/python3.11/site-packages/torch/nn/modules/module.py:2400: UserWarning: for layer4.1.bn1.weight: copying from a non-meta parameter in the checkpoint to a meta parameter in the current model, which is a no-op. (Did you mean to pass `assign=True` to assign items in the state dictionary to their corresponding key in the module instead of copying them in place?)
  warnings.warn(
/opt/conda/envs/diffsensei/lib/python3.11/site-packages/torch/nn/modules/module.py:2400: UserWarning: for layer4.1.bn1.bias: copying from a non-meta parameter in the checkpoint to a meta parameter in the current model, which is a no-op. (Did you mean to pass `assign=True` to assign items in the state dictionary to their corresponding key in the module instead of copying them in place?)
  warnings.warn(
/opt/conda/envs/diffsensei/lib/python3.11/site-packages/torch/nn/modules/module.py:2400: UserWarning: for layer4.1.conv2.weight: copying from a non-meta parameter in the checkpoint to a meta parameter in the current model, which is a no-op. (Did you mean to pass `assign=True` to assign items in the state dictionary to their corresponding key in the module instead of copying them in place?)
  warnings.warn(
/opt/conda/envs/diffsensei/lib/python3.11/site-packages/torch/nn/modules/module.py:2400: UserWarning: for layer4.1.bn2.weight: copying from a non-meta parameter in the checkpoint to a meta parameter in the current model, which is a no-op. (Did you mean to pass `assign=True` to assign items in the state dictionary to their corresponding key in the module instead of copying them in place?)
  warnings.warn(
/opt/conda/envs/diffsensei/lib/python3.11/site-packages/torch/nn/modules/module.py:2400: UserWarning: for layer4.1.bn2.bias: copying from a non-meta parameter in the checkpoint to a meta parameter in the current model, which is a no-op. (Did you mean to pass `assign=True` to assign items in the state dictionary to their corresponding key in the module instead of copying them in place?)
  warnings.warn(
/opt/conda/envs/diffsensei/lib/python3.11/site-packages/torch/nn/modules/module.py:2400: UserWarning: for layer4.1.conv3.weight: copying from a non-meta parameter in the checkpoint to a meta parameter in the current model, which is a no-op. (Did you mean to pass `assign=True` to assign items in the state dictionary to their corresponding key in the module instead of copying them in place?)
  warnings.warn(
/opt/conda/envs/diffsensei/lib/python3.11/site-packages/torch/nn/modules/module.py:2400: UserWarning: for layer4.1.bn3.weight: copying from a non-meta parameter in the checkpoint to a meta parameter in the current model, which is a no-op. (Did you mean to pass `assign=True` to assign items in the state dictionary to their corresponding key in the module instead of copying them in place?)
  warnings.warn(
/opt/conda/envs/diffsensei/lib/python3.11/site-packages/torch/nn/modules/module.py:2400: UserWarning: for layer4.1.bn3.bias: copying from a non-meta parameter in the checkpoint to a meta parameter in the current model, which is a no-op. (Did you mean to pass `assign=True` to assign items in the state dictionary to their corresponding key in the module instead of copying them in place?)
  warnings.warn(
/opt/conda/envs/diffsensei/lib/python3.11/site-packages/torch/nn/modules/module.py:2400: UserWarning: for conv1.weight: copying from a non-meta parameter in the checkpoint to a meta parameter in the current model, which is a no-op. (Did you mean to pass `assign=True` to assign items in the state dictionary to their corresponding key in the module instead of copying them in place?)
  warnings.warn(
Config of the encoder: <class 'transformers.models.vit.modeling_vit.ViTModel'> is overwritten by shared encoder config: ViTConfig {
  "attention_probs_dropout_prob": 0.0,
  "encoder_stride": 16,
  "hidden_act": "gelu",
  "hidden_dropout_prob": 0.0,
  "hidden_size": 768,
  "image_size": 384,
  "initializer_range": 0.02,
  "intermediate_size": 3072,
  "layer_norm_eps": 1e-12,
  "model_type": "vit",
  "num_attention_heads": 12,
  "num_channels": 3,
  "num_hidden_layers": 12,
  "patch_size": 16,
  "pooler_act": "tanh",
  "pooler_output_size": 768,
  "qkv_bias": false,
  "transformers_version": "4.51.3"
}

/opt/conda/envs/diffsensei/lib/python3.11/site-packages/torch/nn/modules/module.py:2400: UserWarning: for bn1.weight: copying from a non-meta parameter in the checkpoint to a meta parameter in the current model, which is a no-op. (Did you mean to pass `assign=True` to assign items in the state dictionary to their corresponding key in the module instead of copying them in place?)
  warnings.warn(
/opt/conda/envs/diffsensei/lib/python3.11/site-packages/torch/nn/modules/module.py:2400: UserWarning: for layer4.2.conv1.weight: copying from a non-meta parameter in the checkpoint to a meta parameter in the current model, which is a no-op. (Did you mean to pass `assign=True` to assign items in the state dictionary to their corresponding key in the module instead of copying them in place?)
  warnings.warn(
/opt/conda/envs/diffsensei/lib/python3.11/site-packages/torch/nn/modules/module.py:2400: UserWarning: for bn1.bias: copying from a non-meta parameter in the checkpoint to a meta parameter in the current model, which is a no-op. (Did you mean to pass `assign=True` to assign items in the state dictionary to their corresponding key in the module instead of copying them in place?)
  warnings.warn(
/opt/conda/envs/diffsensei/lib/python3.11/site-packages/torch/nn/modules/module.py:2400: UserWarning: for layer4.2.bn1.weight: copying from a non-meta parameter in the checkpoint to a meta parameter in the current model, which is a no-op. (Did you mean to pass `assign=True` to assign items in the state dictionary to their corresponding key in the module instead of copying them in place?)
  warnings.warn(
/opt/conda/envs/diffsensei/lib/python3.11/site-packages/torch/nn/modules/module.py:2400: UserWarning: for layer4.2.bn1.bias: copying from a non-meta parameter in the checkpoint to a meta parameter in the current model, which is a no-op. (Did you mean to pass `assign=True` to assign items in the state dictionary to their corresponding key in the module instead of copying them in place?)
  warnings.warn(
/opt/conda/envs/diffsensei/lib/python3.11/site-packages/torch/nn/modules/module.py:2400: UserWarning: for layer1.0.conv1.weight: copying from a non-meta parameter in the checkpoint to a meta parameter in the current model, which is a no-op. (Did you mean to pass `assign=True` to assign items in the state dictionary to their corresponding key in the module instead of copying them in place?)
  warnings.warn(
/opt/conda/envs/diffsensei/lib/python3.11/site-packages/torch/nn/modules/module.py:2400: UserWarning: for layer1.0.bn1.weight: copying from a non-meta parameter in the checkpoint to a meta parameter in the current model, which is a no-op. (Did you mean to pass `assign=True` to assign items in the state dictionary to their corresponding key in the module instead of copying them in place?)
  warnings.warn(
/opt/conda/envs/diffsensei/lib/python3.11/site-packages/torch/nn/modules/module.py:2400: UserWarning: for layer1.0.bn1.bias: copying from a non-meta parameter in the checkpoint to a meta parameter in the current model, which is a no-op. (Did you mean to pass `assign=True` to assign items in the state dictionary to their corresponding key in the module instead of copying them in place?)
  warnings.warn(
/opt/conda/envs/diffsensei/lib/python3.11/site-packages/torch/nn/modules/module.py:2400: UserWarning: for layer4.2.conv2.weight: copying from a non-meta parameter in the checkpoint to a meta parameter in the current model, which is a no-op. (Did you mean to pass `assign=True` to assign items in the state dictionary to their corresponding key in the module instead of copying them in place?)
  warnings.warn(
/opt/conda/envs/diffsensei/lib/python3.11/site-packages/torch/nn/modules/module.py:2400: UserWarning: for layer1.0.conv2.weight: copying from a non-meta parameter in the checkpoint to a meta parameter in the current model, which is a no-op. (Did you mean to pass `assign=True` to assign items in the state dictionary to their corresponding key in the module instead of copying them in place?)
  warnings.warn(
/opt/conda/envs/diffsensei/lib/python3.11/site-packages/torch/nn/modules/module.py:2400: UserWarning: for layer1.0.bn2.weight: copying from a non-meta parameter in the checkpoint to a meta parameter in the current model, which is a no-op. (Did you mean to pass `assign=True` to assign items in the state dictionary to their corresponding key in the module instead of copying them in place?)
  warnings.warn(
/opt/conda/envs/diffsensei/lib/python3.11/site-packages/torch/nn/modules/module.py:2400: UserWarning: for layer1.0.bn2.bias: copying from a non-meta parameter in the checkpoint to a meta parameter in the current model, which is a no-op. (Did you mean to pass `assign=True` to assign items in the state dictionary to their corresponding key in the module instead of copying them in place?)
  warnings.warn(
/opt/conda/envs/diffsensei/lib/python3.11/site-packages/torch/nn/modules/module.py:2400: UserWarning: for layer4.2.bn2.weight: copying from a non-meta parameter in the checkpoint to a meta parameter in the current model, which is a no-op. (Did you mean to pass `assign=True` to assign items in the state dictionary to their corresponding key in the module instead of copying them in place?)
  warnings.warn(
/opt/conda/envs/diffsensei/lib/python3.11/site-packages/torch/nn/modules/module.py:2400: UserWarning: for layer4.2.bn2.bias: copying from a non-meta parameter in the checkpoint to a meta parameter in the current model, which is a no-op. (Did you mean to pass `assign=True` to assign items in the state dictionary to their corresponding key in the module instead of copying them in place?)
  warnings.warn(
/opt/conda/envs/diffsensei/lib/python3.11/site-packages/torch/nn/modules/module.py:2400: UserWarning: for layer1.0.conv3.weight: copying from a non-meta parameter in the checkpoint to a meta parameter in the current model, which is a no-op. (Did you mean to pass `assign=True` to assign items in the state dictionary to their corresponding key in the module instead of copying them in place?)
  warnings.warn(
/opt/conda/envs/diffsensei/lib/python3.11/site-packages/torch/nn/modules/module.py:2400: UserWarning: for layer4.2.conv3.weight: copying from a non-meta parameter in the checkpoint to a meta parameter in the current model, which is a no-op. (Did you mean to pass `assign=True` to assign items in the state dictionary to their corresponding key in the module instead of copying them in place?)
  warnings.warn(
/opt/conda/envs/diffsensei/lib/python3.11/site-packages/torch/nn/modules/module.py:2400: UserWarning: for layer1.0.bn3.weight: copying from a non-meta parameter in the checkpoint to a meta parameter in the current model, which is a no-op. (Did you mean to pass `assign=True` to assign items in the state dictionary to their corresponding key in the module instead of copying them in place?)
  warnings.warn(
Config of the decoder: <class 'transformers.models.trocr.modeling_trocr.TrOCRForCausalLM'> is overwritten by shared decoder config: TrOCRConfig {
  "activation_dropout": 0.0,
  "activation_function": "gelu",
  "add_cross_attention": true,
  "attention_dropout": 0.0,
  "bos_token_id": 0,
  "classifier_dropout": 0.0,
  "cross_attention_hidden_size": 768,
  "d_model": 1024,
  "decoder_attention_heads": 16,
  "decoder_ffn_dim": 4096,
  "decoder_layerdrop": 0.0,
  "decoder_layers": 12,
  "decoder_start_token_id": 2,
  "dropout": 0.1,
  "eos_token_id": 2,
  "init_std": 0.02,
  "is_decoder": true,
  "layernorm_embedding": true,
  "max_position_embeddings": 512,
  "model_type": "trocr",
  "pad_token_id": 1,
  "scale_embedding": false,
  "transformers_version": "4.51.3",
  "use_cache": false,
  "use_learned_position_embeddings": true,
  "vocab_size": 50265
}

/opt/conda/envs/diffsensei/lib/python3.11/site-packages/torch/nn/modules/module.py:2400: UserWarning: for layer1.0.bn3.bias: copying from a non-meta parameter in the checkpoint to a meta parameter in the current model, which is a no-op. (Did you mean to pass `assign=True` to assign items in the state dictionary to their corresponding key in the module instead of copying them in place?)
  warnings.warn(
/opt/conda/envs/diffsensei/lib/python3.11/site-packages/torch/nn/modules/module.py:2400: UserWarning: for layer4.2.bn3.weight: copying from a non-meta parameter in the checkpoint to a meta parameter in the current model, which is a no-op. (Did you mean to pass `assign=True` to assign items in the state dictionary to their corresponding key in the module instead of copying them in place?)
  warnings.warn(
/opt/conda/envs/diffsensei/lib/python3.11/site-packages/torch/nn/modules/module.py:2400: UserWarning: for layer4.2.bn3.bias: copying from a non-meta parameter in the checkpoint to a meta parameter in the current model, which is a no-op. (Did you mean to pass `assign=True` to assign items in the state dictionary to their corresponding key in the module instead of copying them in place?)
  warnings.warn(
/opt/conda/envs/diffsensei/lib/python3.11/site-packages/torch/nn/modules/module.py:2400: UserWarning: for layer1.0.downsample.0.weight: copying from a non-meta parameter in the checkpoint to a meta parameter in the current model, which is a no-op. (Did you mean to pass `assign=True` to assign items in the state dictionary to their corresponding key in the module instead of copying them in place?)
  warnings.warn(
/opt/conda/envs/diffsensei/lib/python3.11/site-packages/torch/nn/modules/module.py:2400: UserWarning: for layer1.0.downsample.1.weight: copying from a non-meta parameter in the checkpoint to a meta parameter in the current model, which is a no-op. (Did you mean to pass `assign=True` to assign items in the state dictionary to their corresponding key in the module instead of copying them in place?)
  warnings.warn(
/opt/conda/envs/diffsensei/lib/python3.11/site-packages/torch/nn/modules/module.py:2400: UserWarning: for layer1.0.downsample.1.bias: copying from a non-meta parameter in the checkpoint to a meta parameter in the current model, which is a no-op. (Did you mean to pass `assign=True` to assign items in the state dictionary to their corresponding key in the module instead of copying them in place?)
  warnings.warn(
/opt/conda/envs/diffsensei/lib/python3.11/site-packages/torch/nn/modules/module.py:2400: UserWarning: for layer1.1.conv1.weight: copying from a non-meta parameter in the checkpoint to a meta parameter in the current model, which is a no-op. (Did you mean to pass `assign=True` to assign items in the state dictionary to their corresponding key in the module instead of copying them in place?)
  warnings.warn(
/opt/conda/envs/diffsensei/lib/python3.11/site-packages/torch/nn/modules/module.py:2400: UserWarning: for layer1.1.bn1.weight: copying from a non-meta parameter in the checkpoint to a meta parameter in the current model, which is a no-op. (Did you mean to pass `assign=True` to assign items in the state dictionary to their corresponding key in the module instead of copying them in place?)
  warnings.warn(
/opt/conda/envs/diffsensei/lib/python3.11/site-packages/torch/nn/modules/module.py:2400: UserWarning: for layer1.1.bn1.bias: copying from a non-meta parameter in the checkpoint to a meta parameter in the current model, which is a no-op. (Did you mean to pass `assign=True` to assign items in the state dictionary to their corresponding key in the module instead of copying them in place?)
  warnings.warn(
/opt/conda/envs/diffsensei/lib/python3.11/site-packages/torch/nn/modules/module.py:2400: UserWarning: for layer1.1.conv2.weight: copying from a non-meta parameter in the checkpoint to a meta parameter in the current model, which is a no-op. (Did you mean to pass `assign=True` to assign items in the state dictionary to their corresponding key in the module instead of copying them in place?)
  warnings.warn(
/opt/conda/envs/diffsensei/lib/python3.11/site-packages/torch/nn/modules/module.py:2400: UserWarning: for layer1.1.bn2.weight: copying from a non-meta parameter in the checkpoint to a meta parameter in the current model, which is a no-op. (Did you mean to pass `assign=True` to assign items in the state dictionary to their corresponding key in the module instead of copying them in place?)
  warnings.warn(
/opt/conda/envs/diffsensei/lib/python3.11/site-packages/torch/nn/modules/module.py:2400: UserWarning: for layer1.1.bn2.bias: copying from a non-meta parameter in the checkpoint to a meta parameter in the current model, which is a no-op. (Did you mean to pass `assign=True` to assign items in the state dictionary to their corresponding key in the module instead of copying them in place?)
  warnings.warn(
/opt/conda/envs/diffsensei/lib/python3.11/site-packages/torch/nn/modules/module.py:2400: UserWarning: for layer1.1.conv3.weight: copying from a non-meta parameter in the checkpoint to a meta parameter in the current model, which is a no-op. (Did you mean to pass `assign=True` to assign items in the state dictionary to their corresponding key in the module instead of copying them in place?)
  warnings.warn(
/opt/conda/envs/diffsensei/lib/python3.11/site-packages/torch/nn/modules/module.py:2400: UserWarning: for layer1.1.bn3.weight: copying from a non-meta parameter in the checkpoint to a meta parameter in the current model, which is a no-op. (Did you mean to pass `assign=True` to assign items in the state dictionary to their corresponding key in the module instead of copying them in place?)
  warnings.warn(
/opt/conda/envs/diffsensei/lib/python3.11/site-packages/torch/nn/modules/module.py:2400: UserWarning: for layer1.1.bn3.bias: copying from a non-meta parameter in the checkpoint to a meta parameter in the current model, which is a no-op. (Did you mean to pass `assign=True` to assign items in the state dictionary to their corresponding key in the module instead of copying them in place?)
  warnings.warn(
/opt/conda/envs/diffsensei/lib/python3.11/site-packages/torch/nn/modules/module.py:2400: UserWarning: for layer1.2.conv1.weight: copying from a non-meta parameter in the checkpoint to a meta parameter in the current model, which is a no-op. (Did you mean to pass `assign=True` to assign items in the state dictionary to their corresponding key in the module instead of copying them in place?)
  warnings.warn(
/opt/conda/envs/diffsensei/lib/python3.11/site-packages/torch/nn/modules/module.py:2400: UserWarning: for layer1.2.bn1.weight: copying from a non-meta parameter in the checkpoint to a meta parameter in the current model, which is a no-op. (Did you mean to pass `assign=True` to assign items in the state dictionary to their corresponding key in the module instead of copying them in place?)
  warnings.warn(
/opt/conda/envs/diffsensei/lib/python3.11/site-packages/torch/nn/modules/module.py:2400: UserWarning: for layer1.2.bn1.bias: copying from a non-meta parameter in the checkpoint to a meta parameter in the current model, which is a no-op. (Did you mean to pass `assign=True` to assign items in the state dictionary to their corresponding key in the module instead of copying them in place?)
  warnings.warn(
/opt/conda/envs/diffsensei/lib/python3.11/site-packages/torch/nn/modules/module.py:2400: UserWarning: for layer1.2.conv2.weight: copying from a non-meta parameter in the checkpoint to a meta parameter in the current model, which is a no-op. (Did you mean to pass `assign=True` to assign items in the state dictionary to their corresponding key in the module instead of copying them in place?)
  warnings.warn(
/opt/conda/envs/diffsensei/lib/python3.11/site-packages/torch/nn/modules/module.py:2400: UserWarning: for layer1.2.bn2.weight: copying from a non-meta parameter in the checkpoint to a meta parameter in the current model, which is a no-op. (Did you mean to pass `assign=True` to assign items in the state dictionary to their corresponding key in the module instead of copying them in place?)
  warnings.warn(
/opt/conda/envs/diffsensei/lib/python3.11/site-packages/torch/nn/modules/module.py:2400: UserWarning: for layer1.2.bn2.bias: copying from a non-meta parameter in the checkpoint to a meta parameter in the current model, which is a no-op. (Did you mean to pass `assign=True` to assign items in the state dictionary to their corresponding key in the module instead of copying them in place?)
  warnings.warn(
/opt/conda/envs/diffsensei/lib/python3.11/site-packages/torch/nn/modules/module.py:2400: UserWarning: for layer1.2.conv3.weight: copying from a non-meta parameter in the checkpoint to a meta parameter in the current model, which is a no-op. (Did you mean to pass `assign=True` to assign items in the state dictionary to their corresponding key in the module instead of copying them in place?)
  warnings.warn(
/opt/conda/envs/diffsensei/lib/python3.11/site-packages/torch/nn/modules/module.py:2400: UserWarning: for layer1.2.bn3.weight: copying from a non-meta parameter in the checkpoint to a meta parameter in the current model, which is a no-op. (Did you mean to pass `assign=True` to assign items in the state dictionary to their corresponding key in the module instead of copying them in place?)
  warnings.warn(
/opt/conda/envs/diffsensei/lib/python3.11/site-packages/torch/nn/modules/module.py:2400: UserWarning: for layer1.2.bn3.bias: copying from a non-meta parameter in the checkpoint to a meta parameter in the current model, which is a no-op. (Did you mean to pass `assign=True` to assign items in the state dictionary to their corresponding key in the module instead of copying them in place?)
  warnings.warn(
/opt/conda/envs/diffsensei/lib/python3.11/site-packages/torch/nn/modules/module.py:2400: UserWarning: for layer2.0.conv1.weight: copying from a non-meta parameter in the checkpoint to a meta parameter in the current model, which is a no-op. (Did you mean to pass `assign=True` to assign items in the state dictionary to their corresponding key in the module instead of copying them in place?)
  warnings.warn(
/opt/conda/envs/diffsensei/lib/python3.11/site-packages/torch/nn/modules/module.py:2400: UserWarning: for layer2.0.bn1.weight: copying from a non-meta parameter in the checkpoint to a meta parameter in the current model, which is a no-op. (Did you mean to pass `assign=True` to assign items in the state dictionary to their corresponding key in the module instead of copying them in place?)
  warnings.warn(
/opt/conda/envs/diffsensei/lib/python3.11/site-packages/torch/nn/modules/module.py:2400: UserWarning: for layer2.0.bn1.bias: copying from a non-meta parameter in the checkpoint to a meta parameter in the current model, which is a no-op. (Did you mean to pass `assign=True` to assign items in the state dictionary to their corresponding key in the module instead of copying them in place?)
  warnings.warn(
/opt/conda/envs/diffsensei/lib/python3.11/site-packages/torch/nn/modules/module.py:2400: UserWarning: for layer2.0.conv2.weight: copying from a non-meta parameter in the checkpoint to a meta parameter in the current model, which is a no-op. (Did you mean to pass `assign=True` to assign items in the state dictionary to their corresponding key in the module instead of copying them in place?)
  warnings.warn(
/opt/conda/envs/diffsensei/lib/python3.11/site-packages/torch/nn/modules/module.py:2400: UserWarning: for layer2.0.bn2.weight: copying from a non-meta parameter in the checkpoint to a meta parameter in the current model, which is a no-op. (Did you mean to pass `assign=True` to assign items in the state dictionary to their corresponding key in the module instead of copying them in place?)
  warnings.warn(
/opt/conda/envs/diffsensei/lib/python3.11/site-packages/torch/nn/modules/module.py:2400: UserWarning: for layer2.0.bn2.bias: copying from a non-meta parameter in the checkpoint to a meta parameter in the current model, which is a no-op. (Did you mean to pass `assign=True` to assign items in the state dictionary to their corresponding key in the module instead of copying them in place?)
  warnings.warn(
/opt/conda/envs/diffsensei/lib/python3.11/site-packages/torch/nn/modules/module.py:2400: UserWarning: for layer2.0.conv3.weight: copying from a non-meta parameter in the checkpoint to a meta parameter in the current model, which is a no-op. (Did you mean to pass `assign=True` to assign items in the state dictionary to their corresponding key in the module instead of copying them in place?)
  warnings.warn(
/opt/conda/envs/diffsensei/lib/python3.11/site-packages/torch/nn/modules/module.py:2400: UserWarning: for layer2.0.bn3.weight: copying from a non-meta parameter in the checkpoint to a meta parameter in the current model, which is a no-op. (Did you mean to pass `assign=True` to assign items in the state dictionary to their corresponding key in the module instead of copying them in place?)
  warnings.warn(
/opt/conda/envs/diffsensei/lib/python3.11/site-packages/torch/nn/modules/module.py:2400: UserWarning: for layer2.0.bn3.bias: copying from a non-meta parameter in the checkpoint to a meta parameter in the current model, which is a no-op. (Did you mean to pass `assign=True` to assign items in the state dictionary to their corresponding key in the module instead of copying them in place?)
  warnings.warn(
/opt/conda/envs/diffsensei/lib/python3.11/site-packages/torch/nn/modules/module.py:2400: UserWarning: for layer2.0.downsample.0.weight: copying from a non-meta parameter in the checkpoint to a meta parameter in the current model, which is a no-op. (Did you mean to pass `assign=True` to assign items in the state dictionary to their corresponding key in the module instead of copying them in place?)
  warnings.warn(
/opt/conda/envs/diffsensei/lib/python3.11/site-packages/torch/nn/modules/module.py:2400: UserWarning: for layer2.0.downsample.1.weight: copying from a non-meta parameter in the checkpoint to a meta parameter in the current model, which is a no-op. (Did you mean to pass `assign=True` to assign items in the state dictionary to their corresponding key in the module instead of copying them in place?)
  warnings.warn(
/opt/conda/envs/diffsensei/lib/python3.11/site-packages/torch/nn/modules/module.py:2400: UserWarning: for layer2.0.downsample.1.bias: copying from a non-meta parameter in the checkpoint to a meta parameter in the current model, which is a no-op. (Did you mean to pass `assign=True` to assign items in the state dictionary to their corresponding key in the module instead of copying them in place?)
  warnings.warn(
/opt/conda/envs/diffsensei/lib/python3.11/site-packages/torch/nn/modules/module.py:2400: UserWarning: for layer2.1.conv1.weight: copying from a non-meta parameter in the checkpoint to a meta parameter in the current model, which is a no-op. (Did you mean to pass `assign=True` to assign items in the state dictionary to their corresponding key in the module instead of copying them in place?)
  warnings.warn(
/opt/conda/envs/diffsensei/lib/python3.11/site-packages/torch/nn/modules/module.py:2400: UserWarning: for layer2.1.bn1.weight: copying from a non-meta parameter in the checkpoint to a meta parameter in the current model, which is a no-op. (Did you mean to pass `assign=True` to assign items in the state dictionary to their corresponding key in the module instead of copying them in place?)
  warnings.warn(
/opt/conda/envs/diffsensei/lib/python3.11/site-packages/torch/nn/modules/module.py:2400: UserWarning: for layer2.1.bn1.bias: copying from a non-meta parameter in the checkpoint to a meta parameter in the current model, which is a no-op. (Did you mean to pass `assign=True` to assign items in the state dictionary to their corresponding key in the module instead of copying them in place?)
  warnings.warn(
/opt/conda/envs/diffsensei/lib/python3.11/site-packages/torch/nn/modules/module.py:2400: UserWarning: for layer2.1.conv2.weight: copying from a non-meta parameter in the checkpoint to a meta parameter in the current model, which is a no-op. (Did you mean to pass `assign=True` to assign items in the state dictionary to their corresponding key in the module instead of copying them in place?)
  warnings.warn(
/opt/conda/envs/diffsensei/lib/python3.11/site-packages/torch/nn/modules/module.py:2400: UserWarning: for layer2.1.bn2.weight: copying from a non-meta parameter in the checkpoint to a meta parameter in the current model, which is a no-op. (Did you mean to pass `assign=True` to assign items in the state dictionary to their corresponding key in the module instead of copying them in place?)
  warnings.warn(
/opt/conda/envs/diffsensei/lib/python3.11/site-packages/torch/nn/modules/module.py:2400: UserWarning: for layer2.1.bn2.bias: copying from a non-meta parameter in the checkpoint to a meta parameter in the current model, which is a no-op. (Did you mean to pass `assign=True` to assign items in the state dictionary to their corresponding key in the module instead of copying them in place?)
  warnings.warn(
/opt/conda/envs/diffsensei/lib/python3.11/site-packages/torch/nn/modules/module.py:2400: UserWarning: for layer2.1.conv3.weight: copying from a non-meta parameter in the checkpoint to a meta parameter in the current model, which is a no-op. (Did you mean to pass `assign=True` to assign items in the state dictionary to their corresponding key in the module instead of copying them in place?)
  warnings.warn(
/opt/conda/envs/diffsensei/lib/python3.11/site-packages/torch/nn/modules/module.py:2400: UserWarning: for layer2.1.bn3.weight: copying from a non-meta parameter in the checkpoint to a meta parameter in the current model, which is a no-op. (Did you mean to pass `assign=True` to assign items in the state dictionary to their corresponding key in the module instead of copying them in place?)
  warnings.warn(
/opt/conda/envs/diffsensei/lib/python3.11/site-packages/torch/nn/modules/module.py:2400: UserWarning: for layer2.1.bn3.bias: copying from a non-meta parameter in the checkpoint to a meta parameter in the current model, which is a no-op. (Did you mean to pass `assign=True` to assign items in the state dictionary to their corresponding key in the module instead of copying them in place?)
  warnings.warn(
/opt/conda/envs/diffsensei/lib/python3.11/site-packages/torch/nn/modules/module.py:2400: UserWarning: for layer2.2.conv1.weight: copying from a non-meta parameter in the checkpoint to a meta parameter in the current model, which is a no-op. (Did you mean to pass `assign=True` to assign items in the state dictionary to their corresponding key in the module instead of copying them in place?)
  warnings.warn(
/opt/conda/envs/diffsensei/lib/python3.11/site-packages/torch/nn/modules/module.py:2400: UserWarning: for layer2.2.bn1.weight: copying from a non-meta parameter in the checkpoint to a meta parameter in the current model, which is a no-op. (Did you mean to pass `assign=True` to assign items in the state dictionary to their corresponding key in the module instead of copying them in place?)
  warnings.warn(
/opt/conda/envs/diffsensei/lib/python3.11/site-packages/torch/nn/modules/module.py:2400: UserWarning: for layer2.2.bn1.bias: copying from a non-meta parameter in the checkpoint to a meta parameter in the current model, which is a no-op. (Did you mean to pass `assign=True` to assign items in the state dictionary to their corresponding key in the module instead of copying them in place?)
  warnings.warn(
/opt/conda/envs/diffsensei/lib/python3.11/site-packages/torch/nn/modules/module.py:2400: UserWarning: for layer2.2.conv2.weight: copying from a non-meta parameter in the checkpoint to a meta parameter in the current model, which is a no-op. (Did you mean to pass `assign=True` to assign items in the state dictionary to their corresponding key in the module instead of copying them in place?)
  warnings.warn(
/opt/conda/envs/diffsensei/lib/python3.11/site-packages/torch/nn/modules/module.py:2400: UserWarning: for layer2.2.bn2.weight: copying from a non-meta parameter in the checkpoint to a meta parameter in the current model, which is a no-op. (Did you mean to pass `assign=True` to assign items in the state dictionary to their corresponding key in the module instead of copying them in place?)
  warnings.warn(
/opt/conda/envs/diffsensei/lib/python3.11/site-packages/torch/nn/modules/module.py:2400: UserWarning: for layer2.2.bn2.bias: copying from a non-meta parameter in the checkpoint to a meta parameter in the current model, which is a no-op. (Did you mean to pass `assign=True` to assign items in the state dictionary to their corresponding key in the module instead of copying them in place?)
  warnings.warn(
/opt/conda/envs/diffsensei/lib/python3.11/site-packages/torch/nn/modules/module.py:2400: UserWarning: for layer2.2.conv3.weight: copying from a non-meta parameter in the checkpoint to a meta parameter in the current model, which is a no-op. (Did you mean to pass `assign=True` to assign items in the state dictionary to their corresponding key in the module instead of copying them in place?)
  warnings.warn(
/opt/conda/envs/diffsensei/lib/python3.11/site-packages/torch/nn/modules/module.py:2400: UserWarning: for layer2.2.bn3.weight: copying from a non-meta parameter in the checkpoint to a meta parameter in the current model, which is a no-op. (Did you mean to pass `assign=True` to assign items in the state dictionary to their corresponding key in the module instead of copying them in place?)
  warnings.warn(
/opt/conda/envs/diffsensei/lib/python3.11/site-packages/torch/nn/modules/module.py:2400: UserWarning: for layer2.2.bn3.bias: copying from a non-meta parameter in the checkpoint to a meta parameter in the current model, which is a no-op. (Did you mean to pass `assign=True` to assign items in the state dictionary to their corresponding key in the module instead of copying them in place?)
  warnings.warn(
/opt/conda/envs/diffsensei/lib/python3.11/site-packages/torch/nn/modules/module.py:2400: UserWarning: for layer2.3.conv1.weight: copying from a non-meta parameter in the checkpoint to a meta parameter in the current model, which is a no-op. (Did you mean to pass `assign=True` to assign items in the state dictionary to their corresponding key in the module instead of copying them in place?)
  warnings.warn(
/opt/conda/envs/diffsensei/lib/python3.11/site-packages/torch/nn/modules/module.py:2400: UserWarning: for layer2.3.bn1.weight: copying from a non-meta parameter in the checkpoint to a meta parameter in the current model, which is a no-op. (Did you mean to pass `assign=True` to assign items in the state dictionary to their corresponding key in the module instead of copying them in place?)
  warnings.warn(
/opt/conda/envs/diffsensei/lib/python3.11/site-packages/torch/nn/modules/module.py:2400: UserWarning: for layer2.3.bn1.bias: copying from a non-meta parameter in the checkpoint to a meta parameter in the current model, which is a no-op. (Did you mean to pass `assign=True` to assign items in the state dictionary to their corresponding key in the module instead of copying them in place?)
  warnings.warn(
/opt/conda/envs/diffsensei/lib/python3.11/site-packages/torch/nn/modules/module.py:2400: UserWarning: for layer2.3.conv2.weight: copying from a non-meta parameter in the checkpoint to a meta parameter in the current model, which is a no-op. (Did you mean to pass `assign=True` to assign items in the state dictionary to their corresponding key in the module instead of copying them in place?)
  warnings.warn(
/opt/conda/envs/diffsensei/lib/python3.11/site-packages/torch/nn/modules/module.py:2400: UserWarning: for layer2.3.bn2.weight: copying from a non-meta parameter in the checkpoint to a meta parameter in the current model, which is a no-op. (Did you mean to pass `assign=True` to assign items in the state dictionary to their corresponding key in the module instead of copying them in place?)
  warnings.warn(
/opt/conda/envs/diffsensei/lib/python3.11/site-packages/torch/nn/modules/module.py:2400: UserWarning: for layer2.3.bn2.bias: copying from a non-meta parameter in the checkpoint to a meta parameter in the current model, which is a no-op. (Did you mean to pass `assign=True` to assign items in the state dictionary to their corresponding key in the module instead of copying them in place?)
  warnings.warn(
/opt/conda/envs/diffsensei/lib/python3.11/site-packages/torch/nn/modules/module.py:2400: UserWarning: for layer2.3.conv3.weight: copying from a non-meta parameter in the checkpoint to a meta parameter in the current model, which is a no-op. (Did you mean to pass `assign=True` to assign items in the state dictionary to their corresponding key in the module instead of copying them in place?)
  warnings.warn(
/opt/conda/envs/diffsensei/lib/python3.11/site-packages/torch/nn/modules/module.py:2400: UserWarning: for layer2.3.bn3.weight: copying from a non-meta parameter in the checkpoint to a meta parameter in the current model, which is a no-op. (Did you mean to pass `assign=True` to assign items in the state dictionary to their corresponding key in the module instead of copying them in place?)
  warnings.warn(
/opt/conda/envs/diffsensei/lib/python3.11/site-packages/torch/nn/modules/module.py:2400: UserWarning: for layer2.3.bn3.bias: copying from a non-meta parameter in the checkpoint to a meta parameter in the current model, which is a no-op. (Did you mean to pass `assign=True` to assign items in the state dictionary to their corresponding key in the module instead of copying them in place?)
  warnings.warn(
/opt/conda/envs/diffsensei/lib/python3.11/site-packages/torch/nn/modules/module.py:2400: UserWarning: for layer3.0.conv1.weight: copying from a non-meta parameter in the checkpoint to a meta parameter in the current model, which is a no-op. (Did you mean to pass `assign=True` to assign items in the state dictionary to their corresponding key in the module instead of copying them in place?)
  warnings.warn(
/opt/conda/envs/diffsensei/lib/python3.11/site-packages/torch/nn/modules/module.py:2400: UserWarning: for layer3.0.bn1.weight: copying from a non-meta parameter in the checkpoint to a meta parameter in the current model, which is a no-op. (Did you mean to pass `assign=True` to assign items in the state dictionary to their corresponding key in the module instead of copying them in place?)
  warnings.warn(
/opt/conda/envs/diffsensei/lib/python3.11/site-packages/torch/nn/modules/module.py:2400: UserWarning: for layer3.0.bn1.bias: copying from a non-meta parameter in the checkpoint to a meta parameter in the current model, which is a no-op. (Did you mean to pass `assign=True` to assign items in the state dictionary to their corresponding key in the module instead of copying them in place?)
  warnings.warn(
/opt/conda/envs/diffsensei/lib/python3.11/site-packages/torch/nn/modules/module.py:2400: UserWarning: for layer3.0.conv2.weight: copying from a non-meta parameter in the checkpoint to a meta parameter in the current model, which is a no-op. (Did you mean to pass `assign=True` to assign items in the state dictionary to their corresponding key in the module instead of copying them in place?)
  warnings.warn(
/opt/conda/envs/diffsensei/lib/python3.11/site-packages/torch/nn/modules/module.py:2400: UserWarning: for layer3.0.bn2.weight: copying from a non-meta parameter in the checkpoint to a meta parameter in the current model, which is a no-op. (Did you mean to pass `assign=True` to assign items in the state dictionary to their corresponding key in the module instead of copying them in place?)
  warnings.warn(
/opt/conda/envs/diffsensei/lib/python3.11/site-packages/torch/nn/modules/module.py:2400: UserWarning: for layer3.0.bn2.bias: copying from a non-meta parameter in the checkpoint to a meta parameter in the current model, which is a no-op. (Did you mean to pass `assign=True` to assign items in the state dictionary to their corresponding key in the module instead of copying them in place?)
  warnings.warn(
/opt/conda/envs/diffsensei/lib/python3.11/site-packages/torch/nn/modules/module.py:2400: UserWarning: for layer3.0.conv3.weight: copying from a non-meta parameter in the checkpoint to a meta parameter in the current model, which is a no-op. (Did you mean to pass `assign=True` to assign items in the state dictionary to their corresponding key in the module instead of copying them in place?)
  warnings.warn(
/opt/conda/envs/diffsensei/lib/python3.11/site-packages/torch/nn/modules/module.py:2400: UserWarning: for layer3.0.bn3.weight: copying from a non-meta parameter in the checkpoint to a meta parameter in the current model, which is a no-op. (Did you mean to pass `assign=True` to assign items in the state dictionary to their corresponding key in the module instead of copying them in place?)
  warnings.warn(
/opt/conda/envs/diffsensei/lib/python3.11/site-packages/torch/nn/modules/module.py:2400: UserWarning: for layer3.0.bn3.bias: copying from a non-meta parameter in the checkpoint to a meta parameter in the current model, which is a no-op. (Did you mean to pass `assign=True` to assign items in the state dictionary to their corresponding key in the module instead of copying them in place?)
  warnings.warn(
/opt/conda/envs/diffsensei/lib/python3.11/site-packages/torch/nn/modules/module.py:2400: UserWarning: for layer3.0.downsample.0.weight: copying from a non-meta parameter in the checkpoint to a meta parameter in the current model, which is a no-op. (Did you mean to pass `assign=True` to assign items in the state dictionary to their corresponding key in the module instead of copying them in place?)
  warnings.warn(
/opt/conda/envs/diffsensei/lib/python3.11/site-packages/torch/nn/modules/module.py:2400: UserWarning: for layer3.0.downsample.1.weight: copying from a non-meta parameter in the checkpoint to a meta parameter in the current model, which is a no-op. (Did you mean to pass `assign=True` to assign items in the state dictionary to their corresponding key in the module instead of copying them in place?)
  warnings.warn(
/opt/conda/envs/diffsensei/lib/python3.11/site-packages/torch/nn/modules/module.py:2400: UserWarning: for layer3.0.downsample.1.bias: copying from a non-meta parameter in the checkpoint to a meta parameter in the current model, which is a no-op. (Did you mean to pass `assign=True` to assign items in the state dictionary to their corresponding key in the module instead of copying them in place?)
  warnings.warn(
/opt/conda/envs/diffsensei/lib/python3.11/site-packages/torch/nn/modules/module.py:2400: UserWarning: for layer3.1.conv1.weight: copying from a non-meta parameter in the checkpoint to a meta parameter in the current model, which is a no-op. (Did you mean to pass `assign=True` to assign items in the state dictionary to their corresponding key in the module instead of copying them in place?)
  warnings.warn(
/opt/conda/envs/diffsensei/lib/python3.11/site-packages/torch/nn/modules/module.py:2400: UserWarning: for layer3.1.bn1.weight: copying from a non-meta parameter in the checkpoint to a meta parameter in the current model, which is a no-op. (Did you mean to pass `assign=True` to assign items in the state dictionary to their corresponding key in the module instead of copying them in place?)
  warnings.warn(
/opt/conda/envs/diffsensei/lib/python3.11/site-packages/torch/nn/modules/module.py:2400: UserWarning: for layer3.1.bn1.bias: copying from a non-meta parameter in the checkpoint to a meta parameter in the current model, which is a no-op. (Did you mean to pass `assign=True` to assign items in the state dictionary to their corresponding key in the module instead of copying them in place?)
  warnings.warn(
/opt/conda/envs/diffsensei/lib/python3.11/site-packages/torch/nn/modules/module.py:2400: UserWarning: for layer3.1.conv2.weight: copying from a non-meta parameter in the checkpoint to a meta parameter in the current model, which is a no-op. (Did you mean to pass `assign=True` to assign items in the state dictionary to their corresponding key in the module instead of copying them in place?)
  warnings.warn(
/opt/conda/envs/diffsensei/lib/python3.11/site-packages/torch/nn/modules/module.py:2400: UserWarning: for layer3.1.bn2.weight: copying from a non-meta parameter in the checkpoint to a meta parameter in the current model, which is a no-op. (Did you mean to pass `assign=True` to assign items in the state dictionary to their corresponding key in the module instead of copying them in place?)
  warnings.warn(
/opt/conda/envs/diffsensei/lib/python3.11/site-packages/torch/nn/modules/module.py:2400: UserWarning: for layer3.1.bn2.bias: copying from a non-meta parameter in the checkpoint to a meta parameter in the current model, which is a no-op. (Did you mean to pass `assign=True` to assign items in the state dictionary to their corresponding key in the module instead of copying them in place?)
  warnings.warn(
/opt/conda/envs/diffsensei/lib/python3.11/site-packages/torch/nn/modules/module.py:2400: UserWarning: for layer3.1.conv3.weight: copying from a non-meta parameter in the checkpoint to a meta parameter in the current model, which is a no-op. (Did you mean to pass `assign=True` to assign items in the state dictionary to their corresponding key in the module instead of copying them in place?)
  warnings.warn(
/opt/conda/envs/diffsensei/lib/python3.11/site-packages/torch/nn/modules/module.py:2400: UserWarning: for layer3.1.bn3.weight: copying from a non-meta parameter in the checkpoint to a meta parameter in the current model, which is a no-op. (Did you mean to pass `assign=True` to assign items in the state dictionary to their corresponding key in the module instead of copying them in place?)
  warnings.warn(
/opt/conda/envs/diffsensei/lib/python3.11/site-packages/torch/nn/modules/module.py:2400: UserWarning: for layer3.1.bn3.bias: copying from a non-meta parameter in the checkpoint to a meta parameter in the current model, which is a no-op. (Did you mean to pass `assign=True` to assign items in the state dictionary to their corresponding key in the module instead of copying them in place?)
  warnings.warn(
/opt/conda/envs/diffsensei/lib/python3.11/site-packages/torch/nn/modules/module.py:2400: UserWarning: for layer3.2.conv1.weight: copying from a non-meta parameter in the checkpoint to a meta parameter in the current model, which is a no-op. (Did you mean to pass `assign=True` to assign items in the state dictionary to their corresponding key in the module instead of copying them in place?)
  warnings.warn(
/opt/conda/envs/diffsensei/lib/python3.11/site-packages/torch/nn/modules/module.py:2400: UserWarning: for layer3.2.bn1.weight: copying from a non-meta parameter in the checkpoint to a meta parameter in the current model, which is a no-op. (Did you mean to pass `assign=True` to assign items in the state dictionary to their corresponding key in the module instead of copying them in place?)
  warnings.warn(
/opt/conda/envs/diffsensei/lib/python3.11/site-packages/torch/nn/modules/module.py:2400: UserWarning: for layer3.2.bn1.bias: copying from a non-meta parameter in the checkpoint to a meta parameter in the current model, which is a no-op. (Did you mean to pass `assign=True` to assign items in the state dictionary to their corresponding key in the module instead of copying them in place?)
  warnings.warn(
/opt/conda/envs/diffsensei/lib/python3.11/site-packages/torch/nn/modules/module.py:2400: UserWarning: for layer3.2.conv2.weight: copying from a non-meta parameter in the checkpoint to a meta parameter in the current model, which is a no-op. (Did you mean to pass `assign=True` to assign items in the state dictionary to their corresponding key in the module instead of copying them in place?)
  warnings.warn(
/opt/conda/envs/diffsensei/lib/python3.11/site-packages/torch/nn/modules/module.py:2400: UserWarning: for layer3.2.bn2.weight: copying from a non-meta parameter in the checkpoint to a meta parameter in the current model, which is a no-op. (Did you mean to pass `assign=True` to assign items in the state dictionary to their corresponding key in the module instead of copying them in place?)
  warnings.warn(
/opt/conda/envs/diffsensei/lib/python3.11/site-packages/torch/nn/modules/module.py:2400: UserWarning: for layer3.2.bn2.bias: copying from a non-meta parameter in the checkpoint to a meta parameter in the current model, which is a no-op. (Did you mean to pass `assign=True` to assign items in the state dictionary to their corresponding key in the module instead of copying them in place?)
  warnings.warn(
/opt/conda/envs/diffsensei/lib/python3.11/site-packages/torch/nn/modules/module.py:2400: UserWarning: for layer3.2.conv3.weight: copying from a non-meta parameter in the checkpoint to a meta parameter in the current model, which is a no-op. (Did you mean to pass `assign=True` to assign items in the state dictionary to their corresponding key in the module instead of copying them in place?)
  warnings.warn(
/opt/conda/envs/diffsensei/lib/python3.11/site-packages/torch/nn/modules/module.py:2400: UserWarning: for layer3.2.bn3.weight: copying from a non-meta parameter in the checkpoint to a meta parameter in the current model, which is a no-op. (Did you mean to pass `assign=True` to assign items in the state dictionary to their corresponding key in the module instead of copying them in place?)
  warnings.warn(
/opt/conda/envs/diffsensei/lib/python3.11/site-packages/torch/nn/modules/module.py:2400: UserWarning: for layer3.2.bn3.bias: copying from a non-meta parameter in the checkpoint to a meta parameter in the current model, which is a no-op. (Did you mean to pass `assign=True` to assign items in the state dictionary to their corresponding key in the module instead of copying them in place?)
  warnings.warn(
/opt/conda/envs/diffsensei/lib/python3.11/site-packages/torch/nn/modules/module.py:2400: UserWarning: for layer3.3.conv1.weight: copying from a non-meta parameter in the checkpoint to a meta parameter in the current model, which is a no-op. (Did you mean to pass `assign=True` to assign items in the state dictionary to their corresponding key in the module instead of copying them in place?)
  warnings.warn(
/opt/conda/envs/diffsensei/lib/python3.11/site-packages/torch/nn/modules/module.py:2400: UserWarning: for layer3.3.bn1.weight: copying from a non-meta parameter in the checkpoint to a meta parameter in the current model, which is a no-op. (Did you mean to pass `assign=True` to assign items in the state dictionary to their corresponding key in the module instead of copying them in place?)
  warnings.warn(
/opt/conda/envs/diffsensei/lib/python3.11/site-packages/torch/nn/modules/module.py:2400: UserWarning: for layer3.3.bn1.bias: copying from a non-meta parameter in the checkpoint to a meta parameter in the current model, which is a no-op. (Did you mean to pass `assign=True` to assign items in the state dictionary to their corresponding key in the module instead of copying them in place?)
  warnings.warn(
/opt/conda/envs/diffsensei/lib/python3.11/site-packages/torch/nn/modules/module.py:2400: UserWarning: for layer3.3.conv2.weight: copying from a non-meta parameter in the checkpoint to a meta parameter in the current model, which is a no-op. (Did you mean to pass `assign=True` to assign items in the state dictionary to their corresponding key in the module instead of copying them in place?)
  warnings.warn(
/opt/conda/envs/diffsensei/lib/python3.11/site-packages/torch/nn/modules/module.py:2400: UserWarning: for layer3.3.bn2.weight: copying from a non-meta parameter in the checkpoint to a meta parameter in the current model, which is a no-op. (Did you mean to pass `assign=True` to assign items in the state dictionary to their corresponding key in the module instead of copying them in place?)
  warnings.warn(
/opt/conda/envs/diffsensei/lib/python3.11/site-packages/torch/nn/modules/module.py:2400: UserWarning: for layer3.3.bn2.bias: copying from a non-meta parameter in the checkpoint to a meta parameter in the current model, which is a no-op. (Did you mean to pass `assign=True` to assign items in the state dictionary to their corresponding key in the module instead of copying them in place?)
  warnings.warn(
/opt/conda/envs/diffsensei/lib/python3.11/site-packages/torch/nn/modules/module.py:2400: UserWarning: for layer3.3.conv3.weight: copying from a non-meta parameter in the checkpoint to a meta parameter in the current model, which is a no-op. (Did you mean to pass `assign=True` to assign items in the state dictionary to their corresponding key in the module instead of copying them in place?)
  warnings.warn(
/opt/conda/envs/diffsensei/lib/python3.11/site-packages/torch/nn/modules/module.py:2400: UserWarning: for layer3.3.bn3.weight: copying from a non-meta parameter in the checkpoint to a meta parameter in the current model, which is a no-op. (Did you mean to pass `assign=True` to assign items in the state dictionary to their corresponding key in the module instead of copying them in place?)
  warnings.warn(
/opt/conda/envs/diffsensei/lib/python3.11/site-packages/torch/nn/modules/module.py:2400: UserWarning: for layer3.3.bn3.bias: copying from a non-meta parameter in the checkpoint to a meta parameter in the current model, which is a no-op. (Did you mean to pass `assign=True` to assign items in the state dictionary to their corresponding key in the module instead of copying them in place?)
  warnings.warn(
/opt/conda/envs/diffsensei/lib/python3.11/site-packages/torch/nn/modules/module.py:2400: UserWarning: for layer3.4.conv1.weight: copying from a non-meta parameter in the checkpoint to a meta parameter in the current model, which is a no-op. (Did you mean to pass `assign=True` to assign items in the state dictionary to their corresponding key in the module instead of copying them in place?)
  warnings.warn(
/opt/conda/envs/diffsensei/lib/python3.11/site-packages/torch/nn/modules/module.py:2400: UserWarning: for layer3.4.bn1.weight: copying from a non-meta parameter in the checkpoint to a meta parameter in the current model, which is a no-op. (Did you mean to pass `assign=True` to assign items in the state dictionary to their corresponding key in the module instead of copying them in place?)
  warnings.warn(
/opt/conda/envs/diffsensei/lib/python3.11/site-packages/torch/nn/modules/module.py:2400: UserWarning: for layer3.4.bn1.bias: copying from a non-meta parameter in the checkpoint to a meta parameter in the current model, which is a no-op. (Did you mean to pass `assign=True` to assign items in the state dictionary to their corresponding key in the module instead of copying them in place?)
  warnings.warn(
/opt/conda/envs/diffsensei/lib/python3.11/site-packages/torch/nn/modules/module.py:2400: UserWarning: for layer3.4.conv2.weight: copying from a non-meta parameter in the checkpoint to a meta parameter in the current model, which is a no-op. (Did you mean to pass `assign=True` to assign items in the state dictionary to their corresponding key in the module instead of copying them in place?)
  warnings.warn(
/opt/conda/envs/diffsensei/lib/python3.11/site-packages/torch/nn/modules/module.py:2400: UserWarning: for layer3.4.bn2.weight: copying from a non-meta parameter in the checkpoint to a meta parameter in the current model, which is a no-op. (Did you mean to pass `assign=True` to assign items in the state dictionary to their corresponding key in the module instead of copying them in place?)
  warnings.warn(
/opt/conda/envs/diffsensei/lib/python3.11/site-packages/torch/nn/modules/module.py:2400: UserWarning: for layer3.4.bn2.bias: copying from a non-meta parameter in the checkpoint to a meta parameter in the current model, which is a no-op. (Did you mean to pass `assign=True` to assign items in the state dictionary to their corresponding key in the module instead of copying them in place?)
  warnings.warn(
/opt/conda/envs/diffsensei/lib/python3.11/site-packages/torch/nn/modules/module.py:2400: UserWarning: for layer3.4.conv3.weight: copying from a non-meta parameter in the checkpoint to a meta parameter in the current model, which is a no-op. (Did you mean to pass `assign=True` to assign items in the state dictionary to their corresponding key in the module instead of copying them in place?)
  warnings.warn(
/opt/conda/envs/diffsensei/lib/python3.11/site-packages/torch/nn/modules/module.py:2400: UserWarning: for layer3.4.bn3.weight: copying from a non-meta parameter in the checkpoint to a meta parameter in the current model, which is a no-op. (Did you mean to pass `assign=True` to assign items in the state dictionary to their corresponding key in the module instead of copying them in place?)
  warnings.warn(
/opt/conda/envs/diffsensei/lib/python3.11/site-packages/torch/nn/modules/module.py:2400: UserWarning: for layer3.4.bn3.bias: copying from a non-meta parameter in the checkpoint to a meta parameter in the current model, which is a no-op. (Did you mean to pass `assign=True` to assign items in the state dictionary to their corresponding key in the module instead of copying them in place?)
  warnings.warn(
/opt/conda/envs/diffsensei/lib/python3.11/site-packages/torch/nn/modules/module.py:2400: UserWarning: for layer3.5.conv1.weight: copying from a non-meta parameter in the checkpoint to a meta parameter in the current model, which is a no-op. (Did you mean to pass `assign=True` to assign items in the state dictionary to their corresponding key in the module instead of copying them in place?)
  warnings.warn(
/opt/conda/envs/diffsensei/lib/python3.11/site-packages/torch/nn/modules/module.py:2400: UserWarning: for layer3.5.bn1.weight: copying from a non-meta parameter in the checkpoint to a meta parameter in the current model, which is a no-op. (Did you mean to pass `assign=True` to assign items in the state dictionary to their corresponding key in the module instead of copying them in place?)
  warnings.warn(
/opt/conda/envs/diffsensei/lib/python3.11/site-packages/torch/nn/modules/module.py:2400: UserWarning: for layer3.5.bn1.bias: copying from a non-meta parameter in the checkpoint to a meta parameter in the current model, which is a no-op. (Did you mean to pass `assign=True` to assign items in the state dictionary to their corresponding key in the module instead of copying them in place?)
  warnings.warn(
/opt/conda/envs/diffsensei/lib/python3.11/site-packages/torch/nn/modules/module.py:2400: UserWarning: for layer3.5.conv2.weight: copying from a non-meta parameter in the checkpoint to a meta parameter in the current model, which is a no-op. (Did you mean to pass `assign=True` to assign items in the state dictionary to their corresponding key in the module instead of copying them in place?)
  warnings.warn(
/opt/conda/envs/diffsensei/lib/python3.11/site-packages/torch/nn/modules/module.py:2400: UserWarning: for layer3.5.bn2.weight: copying from a non-meta parameter in the checkpoint to a meta parameter in the current model, which is a no-op. (Did you mean to pass `assign=True` to assign items in the state dictionary to their corresponding key in the module instead of copying them in place?)
  warnings.warn(
/opt/conda/envs/diffsensei/lib/python3.11/site-packages/torch/nn/modules/module.py:2400: UserWarning: for layer3.5.bn2.bias: copying from a non-meta parameter in the checkpoint to a meta parameter in the current model, which is a no-op. (Did you mean to pass `assign=True` to assign items in the state dictionary to their corresponding key in the module instead of copying them in place?)
  warnings.warn(
/opt/conda/envs/diffsensei/lib/python3.11/site-packages/torch/nn/modules/module.py:2400: UserWarning: for layer3.5.conv3.weight: copying from a non-meta parameter in the checkpoint to a meta parameter in the current model, which is a no-op. (Did you mean to pass `assign=True` to assign items in the state dictionary to their corresponding key in the module instead of copying them in place?)
  warnings.warn(
/opt/conda/envs/diffsensei/lib/python3.11/site-packages/torch/nn/modules/module.py:2400: UserWarning: for layer3.5.bn3.weight: copying from a non-meta parameter in the checkpoint to a meta parameter in the current model, which is a no-op. (Did you mean to pass `assign=True` to assign items in the state dictionary to their corresponding key in the module instead of copying them in place?)
  warnings.warn(
/opt/conda/envs/diffsensei/lib/python3.11/site-packages/torch/nn/modules/module.py:2400: UserWarning: for layer3.5.bn3.bias: copying from a non-meta parameter in the checkpoint to a meta parameter in the current model, which is a no-op. (Did you mean to pass `assign=True` to assign items in the state dictionary to their corresponding key in the module instead of copying them in place?)
  warnings.warn(
/opt/conda/envs/diffsensei/lib/python3.11/site-packages/torch/nn/modules/module.py:2400: UserWarning: for layer4.0.conv1.weight: copying from a non-meta parameter in the checkpoint to a meta parameter in the current model, which is a no-op. (Did you mean to pass `assign=True` to assign items in the state dictionary to their corresponding key in the module instead of copying them in place?)
  warnings.warn(
/opt/conda/envs/diffsensei/lib/python3.11/site-packages/torch/nn/modules/module.py:2400: UserWarning: for layer4.0.bn1.weight: copying from a non-meta parameter in the checkpoint to a meta parameter in the current model, which is a no-op. (Did you mean to pass `assign=True` to assign items in the state dictionary to their corresponding key in the module instead of copying them in place?)
  warnings.warn(
/opt/conda/envs/diffsensei/lib/python3.11/site-packages/torch/nn/modules/module.py:2400: UserWarning: for layer4.0.bn1.bias: copying from a non-meta parameter in the checkpoint to a meta parameter in the current model, which is a no-op. (Did you mean to pass `assign=True` to assign items in the state dictionary to their corresponding key in the module instead of copying them in place?)
  warnings.warn(
/opt/conda/envs/diffsensei/lib/python3.11/site-packages/torch/nn/modules/module.py:2400: UserWarning: for layer4.0.conv2.weight: copying from a non-meta parameter in the checkpoint to a meta parameter in the current model, which is a no-op. (Did you mean to pass `assign=True` to assign items in the state dictionary to their corresponding key in the module instead of copying them in place?)
  warnings.warn(
/opt/conda/envs/diffsensei/lib/python3.11/site-packages/torch/nn/modules/module.py:2400: UserWarning: for layer4.0.bn2.weight: copying from a non-meta parameter in the checkpoint to a meta parameter in the current model, which is a no-op. (Did you mean to pass `assign=True` to assign items in the state dictionary to their corresponding key in the module instead of copying them in place?)
  warnings.warn(
/opt/conda/envs/diffsensei/lib/python3.11/site-packages/torch/nn/modules/module.py:2400: UserWarning: for layer4.0.bn2.bias: copying from a non-meta parameter in the checkpoint to a meta parameter in the current model, which is a no-op. (Did you mean to pass `assign=True` to assign items in the state dictionary to their corresponding key in the module instead of copying them in place?)
  warnings.warn(
/opt/conda/envs/diffsensei/lib/python3.11/site-packages/torch/nn/modules/module.py:2400: UserWarning: for layer4.0.conv3.weight: copying from a non-meta parameter in the checkpoint to a meta parameter in the current model, which is a no-op. (Did you mean to pass `assign=True` to assign items in the state dictionary to their corresponding key in the module instead of copying them in place?)
  warnings.warn(
/opt/conda/envs/diffsensei/lib/python3.11/site-packages/torch/nn/modules/module.py:2400: UserWarning: for layer4.0.bn3.weight: copying from a non-meta parameter in the checkpoint to a meta parameter in the current model, which is a no-op. (Did you mean to pass `assign=True` to assign items in the state dictionary to their corresponding key in the module instead of copying them in place?)
  warnings.warn(
/opt/conda/envs/diffsensei/lib/python3.11/site-packages/torch/nn/modules/module.py:2400: UserWarning: for layer4.0.bn3.bias: copying from a non-meta parameter in the checkpoint to a meta parameter in the current model, which is a no-op. (Did you mean to pass `assign=True` to assign items in the state dictionary to their corresponding key in the module instead of copying them in place?)
  warnings.warn(
/opt/conda/envs/diffsensei/lib/python3.11/site-packages/torch/nn/modules/module.py:2400: UserWarning: for layer4.0.downsample.0.weight: copying from a non-meta parameter in the checkpoint to a meta parameter in the current model, which is a no-op. (Did you mean to pass `assign=True` to assign items in the state dictionary to their corresponding key in the module instead of copying them in place?)
  warnings.warn(
/opt/conda/envs/diffsensei/lib/python3.11/site-packages/torch/nn/modules/module.py:2400: UserWarning: for layer4.0.downsample.1.weight: copying from a non-meta parameter in the checkpoint to a meta parameter in the current model, which is a no-op. (Did you mean to pass `assign=True` to assign items in the state dictionary to their corresponding key in the module instead of copying them in place?)
  warnings.warn(
/opt/conda/envs/diffsensei/lib/python3.11/site-packages/torch/nn/modules/module.py:2400: UserWarning: for layer4.0.downsample.1.bias: copying from a non-meta parameter in the checkpoint to a meta parameter in the current model, which is a no-op. (Did you mean to pass `assign=True` to assign items in the state dictionary to their corresponding key in the module instead of copying them in place?)
  warnings.warn(
/opt/conda/envs/diffsensei/lib/python3.11/site-packages/torch/nn/modules/module.py:2400: UserWarning: for layer4.1.conv1.weight: copying from a non-meta parameter in the checkpoint to a meta parameter in the current model, which is a no-op. (Did you mean to pass `assign=True` to assign items in the state dictionary to their corresponding key in the module instead of copying them in place?)
  warnings.warn(
/opt/conda/envs/diffsensei/lib/python3.11/site-packages/torch/nn/modules/module.py:2400: UserWarning: for layer4.1.bn1.weight: copying from a non-meta parameter in the checkpoint to a meta parameter in the current model, which is a no-op. (Did you mean to pass `assign=True` to assign items in the state dictionary to their corresponding key in the module instead of copying them in place?)
  warnings.warn(
/opt/conda/envs/diffsensei/lib/python3.11/site-packages/torch/nn/modules/module.py:2400: UserWarning: for layer4.1.bn1.bias: copying from a non-meta parameter in the checkpoint to a meta parameter in the current model, which is a no-op. (Did you mean to pass `assign=True` to assign items in the state dictionary to their corresponding key in the module instead of copying them in place?)
  warnings.warn(
/opt/conda/envs/diffsensei/lib/python3.11/site-packages/torch/nn/modules/module.py:2400: UserWarning: for layer4.1.conv2.weight: copying from a non-meta parameter in the checkpoint to a meta parameter in the current model, which is a no-op. (Did you mean to pass `assign=True` to assign items in the state dictionary to their corresponding key in the module instead of copying them in place?)
  warnings.warn(
/opt/conda/envs/diffsensei/lib/python3.11/site-packages/torch/nn/modules/module.py:2400: UserWarning: for layer4.1.bn2.weight: copying from a non-meta parameter in the checkpoint to a meta parameter in the current model, which is a no-op. (Did you mean to pass `assign=True` to assign items in the state dictionary to their corresponding key in the module instead of copying them in place?)
  warnings.warn(
/opt/conda/envs/diffsensei/lib/python3.11/site-packages/torch/nn/modules/module.py:2400: UserWarning: for layer4.1.bn2.bias: copying from a non-meta parameter in the checkpoint to a meta parameter in the current model, which is a no-op. (Did you mean to pass `assign=True` to assign items in the state dictionary to their corresponding key in the module instead of copying them in place?)
  warnings.warn(
/opt/conda/envs/diffsensei/lib/python3.11/site-packages/torch/nn/modules/module.py:2400: UserWarning: for layer4.1.conv3.weight: copying from a non-meta parameter in the checkpoint to a meta parameter in the current model, which is a no-op. (Did you mean to pass `assign=True` to assign items in the state dictionary to their corresponding key in the module instead of copying them in place?)
  warnings.warn(
/opt/conda/envs/diffsensei/lib/python3.11/site-packages/torch/nn/modules/module.py:2400: UserWarning: for layer4.1.bn3.weight: copying from a non-meta parameter in the checkpoint to a meta parameter in the current model, which is a no-op. (Did you mean to pass `assign=True` to assign items in the state dictionary to their corresponding key in the module instead of copying them in place?)
  warnings.warn(
/opt/conda/envs/diffsensei/lib/python3.11/site-packages/torch/nn/modules/module.py:2400: UserWarning: for layer4.1.bn3.bias: copying from a non-meta parameter in the checkpoint to a meta parameter in the current model, which is a no-op. (Did you mean to pass `assign=True` to assign items in the state dictionary to their corresponding key in the module instead of copying them in place?)
  warnings.warn(
/opt/conda/envs/diffsensei/lib/python3.11/site-packages/torch/nn/modules/module.py:2400: UserWarning: for layer4.2.conv1.weight: copying from a non-meta parameter in the checkpoint to a meta parameter in the current model, which is a no-op. (Did you mean to pass `assign=True` to assign items in the state dictionary to their corresponding key in the module instead of copying them in place?)
  warnings.warn(
/opt/conda/envs/diffsensei/lib/python3.11/site-packages/torch/nn/modules/module.py:2400: UserWarning: for layer4.2.bn1.weight: copying from a non-meta parameter in the checkpoint to a meta parameter in the current model, which is a no-op. (Did you mean to pass `assign=True` to assign items in the state dictionary to their corresponding key in the module instead of copying them in place?)
  warnings.warn(
/opt/conda/envs/diffsensei/lib/python3.11/site-packages/torch/nn/modules/module.py:2400: UserWarning: for layer4.2.bn1.bias: copying from a non-meta parameter in the checkpoint to a meta parameter in the current model, which is a no-op. (Did you mean to pass `assign=True` to assign items in the state dictionary to their corresponding key in the module instead of copying them in place?)
  warnings.warn(
/opt/conda/envs/diffsensei/lib/python3.11/site-packages/torch/nn/modules/module.py:2400: UserWarning: for layer4.2.conv2.weight: copying from a non-meta parameter in the checkpoint to a meta parameter in the current model, which is a no-op. (Did you mean to pass `assign=True` to assign items in the state dictionary to their corresponding key in the module instead of copying them in place?)
  warnings.warn(
/opt/conda/envs/diffsensei/lib/python3.11/site-packages/torch/nn/modules/module.py:2400: UserWarning: for layer4.2.bn2.weight: copying from a non-meta parameter in the checkpoint to a meta parameter in the current model, which is a no-op. (Did you mean to pass `assign=True` to assign items in the state dictionary to their corresponding key in the module instead of copying them in place?)
  warnings.warn(
/opt/conda/envs/diffsensei/lib/python3.11/site-packages/torch/nn/modules/module.py:2400: UserWarning: for layer4.2.bn2.bias: copying from a non-meta parameter in the checkpoint to a meta parameter in the current model, which is a no-op. (Did you mean to pass `assign=True` to assign items in the state dictionary to their corresponding key in the module instead of copying them in place?)
  warnings.warn(
/opt/conda/envs/diffsensei/lib/python3.11/site-packages/torch/nn/modules/module.py:2400: UserWarning: for layer4.2.conv3.weight: copying from a non-meta parameter in the checkpoint to a meta parameter in the current model, which is a no-op. (Did you mean to pass `assign=True` to assign items in the state dictionary to their corresponding key in the module instead of copying them in place?)
  warnings.warn(
/opt/conda/envs/diffsensei/lib/python3.11/site-packages/torch/nn/modules/module.py:2400: UserWarning: for layer4.2.bn3.weight: copying from a non-meta parameter in the checkpoint to a meta parameter in the current model, which is a no-op. (Did you mean to pass `assign=True` to assign items in the state dictionary to their corresponding key in the module instead of copying them in place?)
  warnings.warn(
/opt/conda/envs/diffsensei/lib/python3.11/site-packages/torch/nn/modules/module.py:2400: UserWarning: for layer4.2.bn3.bias: copying from a non-meta parameter in the checkpoint to a meta parameter in the current model, which is a no-op. (Did you mean to pass `assign=True` to assign items in the state dictionary to their corresponding key in the module instead of copying them in place?)
  warnings.warn(
/opt/conda/envs/diffsensei/lib/python3.11/site-packages/torch/nn/modules/module.py:2400: UserWarning: for conv1.weight: copying from a non-meta parameter in the checkpoint to a meta parameter in the current model, which is a no-op. (Did you mean to pass `assign=True` to assign items in the state dictionary to their corresponding key in the module instead of copying them in place?)
  warnings.warn(
/opt/conda/envs/diffsensei/lib/python3.11/site-packages/torch/nn/modules/module.py:2400: UserWarning: for bn1.weight: copying from a non-meta parameter in the checkpoint to a meta parameter in the current model, which is a no-op. (Did you mean to pass `assign=True` to assign items in the state dictionary to their corresponding key in the module instead of copying them in place?)
  warnings.warn(
/opt/conda/envs/diffsensei/lib/python3.11/site-packages/torch/nn/modules/module.py:2400: UserWarning: for bn1.bias: copying from a non-meta parameter in the checkpoint to a meta parameter in the current model, which is a no-op. (Did you mean to pass `assign=True` to assign items in the state dictionary to their corresponding key in the module instead of copying them in place?)
  warnings.warn(
/opt/conda/envs/diffsensei/lib/python3.11/site-packages/torch/nn/modules/module.py:2400: UserWarning: for layer1.0.conv1.weight: copying from a non-meta parameter in the checkpoint to a meta parameter in the current model, which is a no-op. (Did you mean to pass `assign=True` to assign items in the state dictionary to their corresponding key in the module instead of copying them in place?)
  warnings.warn(
/opt/conda/envs/diffsensei/lib/python3.11/site-packages/torch/nn/modules/module.py:2400: UserWarning: for layer1.0.bn1.weight: copying from a non-meta parameter in the checkpoint to a meta parameter in the current model, which is a no-op. (Did you mean to pass `assign=True` to assign items in the state dictionary to their corresponding key in the module instead of copying them in place?)
  warnings.warn(
/opt/conda/envs/diffsensei/lib/python3.11/site-packages/torch/nn/modules/module.py:2400: UserWarning: for layer1.0.bn1.bias: copying from a non-meta parameter in the checkpoint to a meta parameter in the current model, which is a no-op. (Did you mean to pass `assign=True` to assign items in the state dictionary to their corresponding key in the module instead of copying them in place?)
  warnings.warn(
/opt/conda/envs/diffsensei/lib/python3.11/site-packages/torch/nn/modules/module.py:2400: UserWarning: for layer1.0.conv2.weight: copying from a non-meta parameter in the checkpoint to a meta parameter in the current model, which is a no-op. (Did you mean to pass `assign=True` to assign items in the state dictionary to their corresponding key in the module instead of copying them in place?)
  warnings.warn(
/opt/conda/envs/diffsensei/lib/python3.11/site-packages/torch/nn/modules/module.py:2400: UserWarning: for layer1.0.bn2.weight: copying from a non-meta parameter in the checkpoint to a meta parameter in the current model, which is a no-op. (Did you mean to pass `assign=True` to assign items in the state dictionary to their corresponding key in the module instead of copying them in place?)
  warnings.warn(
/opt/conda/envs/diffsensei/lib/python3.11/site-packages/torch/nn/modules/module.py:2400: UserWarning: for layer1.0.bn2.bias: copying from a non-meta parameter in the checkpoint to a meta parameter in the current model, which is a no-op. (Did you mean to pass `assign=True` to assign items in the state dictionary to their corresponding key in the module instead of copying them in place?)
  warnings.warn(
/opt/conda/envs/diffsensei/lib/python3.11/site-packages/torch/nn/modules/module.py:2400: UserWarning: for layer1.0.conv3.weight: copying from a non-meta parameter in the checkpoint to a meta parameter in the current model, which is a no-op. (Did you mean to pass `assign=True` to assign items in the state dictionary to their corresponding key in the module instead of copying them in place?)
  warnings.warn(
/opt/conda/envs/diffsensei/lib/python3.11/site-packages/torch/nn/modules/module.py:2400: UserWarning: for layer1.0.bn3.weight: copying from a non-meta parameter in the checkpoint to a meta parameter in the current model, which is a no-op. (Did you mean to pass `assign=True` to assign items in the state dictionary to their corresponding key in the module instead of copying them in place?)
  warnings.warn(
/opt/conda/envs/diffsensei/lib/python3.11/site-packages/torch/nn/modules/module.py:2400: UserWarning: for layer1.0.bn3.bias: copying from a non-meta parameter in the checkpoint to a meta parameter in the current model, which is a no-op. (Did you mean to pass `assign=True` to assign items in the state dictionary to their corresponding key in the module instead of copying them in place?)
  warnings.warn(
/opt/conda/envs/diffsensei/lib/python3.11/site-packages/torch/nn/modules/module.py:2400: UserWarning: for layer1.0.downsample.0.weight: copying from a non-meta parameter in the checkpoint to a meta parameter in the current model, which is a no-op. (Did you mean to pass `assign=True` to assign items in the state dictionary to their corresponding key in the module instead of copying them in place?)
  warnings.warn(
/opt/conda/envs/diffsensei/lib/python3.11/site-packages/torch/nn/modules/module.py:2400: UserWarning: for layer1.0.downsample.1.weight: copying from a non-meta parameter in the checkpoint to a meta parameter in the current model, which is a no-op. (Did you mean to pass `assign=True` to assign items in the state dictionary to their corresponding key in the module instead of copying them in place?)
  warnings.warn(
/opt/conda/envs/diffsensei/lib/python3.11/site-packages/torch/nn/modules/module.py:2400: UserWarning: for layer1.0.downsample.1.bias: copying from a non-meta parameter in the checkpoint to a meta parameter in the current model, which is a no-op. (Did you mean to pass `assign=True` to assign items in the state dictionary to their corresponding key in the module instead of copying them in place?)
  warnings.warn(
/opt/conda/envs/diffsensei/lib/python3.11/site-packages/torch/nn/modules/module.py:2400: UserWarning: for layer1.1.conv1.weight: copying from a non-meta parameter in the checkpoint to a meta parameter in the current model, which is a no-op. (Did you mean to pass `assign=True` to assign items in the state dictionary to their corresponding key in the module instead of copying them in place?)
  warnings.warn(
/opt/conda/envs/diffsensei/lib/python3.11/site-packages/torch/nn/modules/module.py:2400: UserWarning: for layer1.1.bn1.weight: copying from a non-meta parameter in the checkpoint to a meta parameter in the current model, which is a no-op. (Did you mean to pass `assign=True` to assign items in the state dictionary to their corresponding key in the module instead of copying them in place?)
  warnings.warn(
/opt/conda/envs/diffsensei/lib/python3.11/site-packages/torch/nn/modules/module.py:2400: UserWarning: for layer1.1.bn1.bias: copying from a non-meta parameter in the checkpoint to a meta parameter in the current model, which is a no-op. (Did you mean to pass `assign=True` to assign items in the state dictionary to their corresponding key in the module instead of copying them in place?)
  warnings.warn(
/opt/conda/envs/diffsensei/lib/python3.11/site-packages/torch/nn/modules/module.py:2400: UserWarning: for layer1.1.conv2.weight: copying from a non-meta parameter in the checkpoint to a meta parameter in the current model, which is a no-op. (Did you mean to pass `assign=True` to assign items in the state dictionary to their corresponding key in the module instead of copying them in place?)
  warnings.warn(
/opt/conda/envs/diffsensei/lib/python3.11/site-packages/torch/nn/modules/module.py:2400: UserWarning: for layer1.1.bn2.weight: copying from a non-meta parameter in the checkpoint to a meta parameter in the current model, which is a no-op. (Did you mean to pass `assign=True` to assign items in the state dictionary to their corresponding key in the module instead of copying them in place?)
  warnings.warn(
/opt/conda/envs/diffsensei/lib/python3.11/site-packages/torch/nn/modules/module.py:2400: UserWarning: for layer1.1.bn2.bias: copying from a non-meta parameter in the checkpoint to a meta parameter in the current model, which is a no-op. (Did you mean to pass `assign=True` to assign items in the state dictionary to their corresponding key in the module instead of copying them in place?)
  warnings.warn(
/opt/conda/envs/diffsensei/lib/python3.11/site-packages/torch/nn/modules/module.py:2400: UserWarning: for layer1.1.conv3.weight: copying from a non-meta parameter in the checkpoint to a meta parameter in the current model, which is a no-op. (Did you mean to pass `assign=True` to assign items in the state dictionary to their corresponding key in the module instead of copying them in place?)
  warnings.warn(
/opt/conda/envs/diffsensei/lib/python3.11/site-packages/torch/nn/modules/module.py:2400: UserWarning: for layer1.1.bn3.weight: copying from a non-meta parameter in the checkpoint to a meta parameter in the current model, which is a no-op. (Did you mean to pass `assign=True` to assign items in the state dictionary to their corresponding key in the module instead of copying them in place?)
  warnings.warn(
/opt/conda/envs/diffsensei/lib/python3.11/site-packages/torch/nn/modules/module.py:2400: UserWarning: for layer1.1.bn3.bias: copying from a non-meta parameter in the checkpoint to a meta parameter in the current model, which is a no-op. (Did you mean to pass `assign=True` to assign items in the state dictionary to their corresponding key in the module instead of copying them in place?)
  warnings.warn(
/opt/conda/envs/diffsensei/lib/python3.11/site-packages/torch/nn/modules/module.py:2400: UserWarning: for layer1.2.conv1.weight: copying from a non-meta parameter in the checkpoint to a meta parameter in the current model, which is a no-op. (Did you mean to pass `assign=True` to assign items in the state dictionary to their corresponding key in the module instead of copying them in place?)
  warnings.warn(
/opt/conda/envs/diffsensei/lib/python3.11/site-packages/torch/nn/modules/module.py:2400: UserWarning: for layer1.2.bn1.weight: copying from a non-meta parameter in the checkpoint to a meta parameter in the current model, which is a no-op. (Did you mean to pass `assign=True` to assign items in the state dictionary to their corresponding key in the module instead of copying them in place?)
  warnings.warn(
/opt/conda/envs/diffsensei/lib/python3.11/site-packages/torch/nn/modules/module.py:2400: UserWarning: for layer1.2.bn1.bias: copying from a non-meta parameter in the checkpoint to a meta parameter in the current model, which is a no-op. (Did you mean to pass `assign=True` to assign items in the state dictionary to their corresponding key in the module instead of copying them in place?)
  warnings.warn(
/opt/conda/envs/diffsensei/lib/python3.11/site-packages/torch/nn/modules/module.py:2400: UserWarning: for layer1.2.conv2.weight: copying from a non-meta parameter in the checkpoint to a meta parameter in the current model, which is a no-op. (Did you mean to pass `assign=True` to assign items in the state dictionary to their corresponding key in the module instead of copying them in place?)
  warnings.warn(
/opt/conda/envs/diffsensei/lib/python3.11/site-packages/torch/nn/modules/module.py:2400: UserWarning: for layer1.2.bn2.weight: copying from a non-meta parameter in the checkpoint to a meta parameter in the current model, which is a no-op. (Did you mean to pass `assign=True` to assign items in the state dictionary to their corresponding key in the module instead of copying them in place?)
  warnings.warn(
/opt/conda/envs/diffsensei/lib/python3.11/site-packages/torch/nn/modules/module.py:2400: UserWarning: for layer1.2.bn2.bias: copying from a non-meta parameter in the checkpoint to a meta parameter in the current model, which is a no-op. (Did you mean to pass `assign=True` to assign items in the state dictionary to their corresponding key in the module instead of copying them in place?)
  warnings.warn(
/opt/conda/envs/diffsensei/lib/python3.11/site-packages/torch/nn/modules/module.py:2400: UserWarning: for layer1.2.conv3.weight: copying from a non-meta parameter in the checkpoint to a meta parameter in the current model, which is a no-op. (Did you mean to pass `assign=True` to assign items in the state dictionary to their corresponding key in the module instead of copying them in place?)
  warnings.warn(
/opt/conda/envs/diffsensei/lib/python3.11/site-packages/torch/nn/modules/module.py:2400: UserWarning: for layer1.2.bn3.weight: copying from a non-meta parameter in the checkpoint to a meta parameter in the current model, which is a no-op. (Did you mean to pass `assign=True` to assign items in the state dictionary to their corresponding key in the module instead of copying them in place?)
  warnings.warn(
/opt/conda/envs/diffsensei/lib/python3.11/site-packages/torch/nn/modules/module.py:2400: UserWarning: for layer1.2.bn3.bias: copying from a non-meta parameter in the checkpoint to a meta parameter in the current model, which is a no-op. (Did you mean to pass `assign=True` to assign items in the state dictionary to their corresponding key in the module instead of copying them in place?)
  warnings.warn(
/opt/conda/envs/diffsensei/lib/python3.11/site-packages/torch/nn/modules/module.py:2400: UserWarning: for layer2.0.conv1.weight: copying from a non-meta parameter in the checkpoint to a meta parameter in the current model, which is a no-op. (Did you mean to pass `assign=True` to assign items in the state dictionary to their corresponding key in the module instead of copying them in place?)
  warnings.warn(
/opt/conda/envs/diffsensei/lib/python3.11/site-packages/torch/nn/modules/module.py:2400: UserWarning: for layer2.0.bn1.weight: copying from a non-meta parameter in the checkpoint to a meta parameter in the current model, which is a no-op. (Did you mean to pass `assign=True` to assign items in the state dictionary to their corresponding key in the module instead of copying them in place?)
  warnings.warn(
/opt/conda/envs/diffsensei/lib/python3.11/site-packages/torch/nn/modules/module.py:2400: UserWarning: for layer2.0.bn1.bias: copying from a non-meta parameter in the checkpoint to a meta parameter in the current model, which is a no-op. (Did you mean to pass `assign=True` to assign items in the state dictionary to their corresponding key in the module instead of copying them in place?)
  warnings.warn(
/opt/conda/envs/diffsensei/lib/python3.11/site-packages/torch/nn/modules/module.py:2400: UserWarning: for layer2.0.conv2.weight: copying from a non-meta parameter in the checkpoint to a meta parameter in the current model, which is a no-op. (Did you mean to pass `assign=True` to assign items in the state dictionary to their corresponding key in the module instead of copying them in place?)
  warnings.warn(
/opt/conda/envs/diffsensei/lib/python3.11/site-packages/torch/nn/modules/module.py:2400: UserWarning: for layer2.0.bn2.weight: copying from a non-meta parameter in the checkpoint to a meta parameter in the current model, which is a no-op. (Did you mean to pass `assign=True` to assign items in the state dictionary to their corresponding key in the module instead of copying them in place?)
  warnings.warn(
/opt/conda/envs/diffsensei/lib/python3.11/site-packages/torch/nn/modules/module.py:2400: UserWarning: for layer2.0.bn2.bias: copying from a non-meta parameter in the checkpoint to a meta parameter in the current model, which is a no-op. (Did you mean to pass `assign=True` to assign items in the state dictionary to their corresponding key in the module instead of copying them in place?)
  warnings.warn(
/opt/conda/envs/diffsensei/lib/python3.11/site-packages/torch/nn/modules/module.py:2400: UserWarning: for layer2.0.conv3.weight: copying from a non-meta parameter in the checkpoint to a meta parameter in the current model, which is a no-op. (Did you mean to pass `assign=True` to assign items in the state dictionary to their corresponding key in the module instead of copying them in place?)
  warnings.warn(
/opt/conda/envs/diffsensei/lib/python3.11/site-packages/torch/nn/modules/module.py:2400: UserWarning: for layer2.0.bn3.weight: copying from a non-meta parameter in the checkpoint to a meta parameter in the current model, which is a no-op. (Did you mean to pass `assign=True` to assign items in the state dictionary to their corresponding key in the module instead of copying them in place?)
  warnings.warn(
/opt/conda/envs/diffsensei/lib/python3.11/site-packages/torch/nn/modules/module.py:2400: UserWarning: for layer2.0.bn3.bias: copying from a non-meta parameter in the checkpoint to a meta parameter in the current model, which is a no-op. (Did you mean to pass `assign=True` to assign items in the state dictionary to their corresponding key in the module instead of copying them in place?)
  warnings.warn(
/opt/conda/envs/diffsensei/lib/python3.11/site-packages/torch/nn/modules/module.py:2400: UserWarning: for layer2.0.downsample.0.weight: copying from a non-meta parameter in the checkpoint to a meta parameter in the current model, which is a no-op. (Did you mean to pass `assign=True` to assign items in the state dictionary to their corresponding key in the module instead of copying them in place?)
  warnings.warn(
/opt/conda/envs/diffsensei/lib/python3.11/site-packages/torch/nn/modules/module.py:2400: UserWarning: for layer2.0.downsample.1.weight: copying from a non-meta parameter in the checkpoint to a meta parameter in the current model, which is a no-op. (Did you mean to pass `assign=True` to assign items in the state dictionary to their corresponding key in the module instead of copying them in place?)
  warnings.warn(
/opt/conda/envs/diffsensei/lib/python3.11/site-packages/torch/nn/modules/module.py:2400: UserWarning: for layer2.0.downsample.1.bias: copying from a non-meta parameter in the checkpoint to a meta parameter in the current model, which is a no-op. (Did you mean to pass `assign=True` to assign items in the state dictionary to their corresponding key in the module instead of copying them in place?)
  warnings.warn(
/opt/conda/envs/diffsensei/lib/python3.11/site-packages/torch/nn/modules/module.py:2400: UserWarning: for layer2.1.conv1.weight: copying from a non-meta parameter in the checkpoint to a meta parameter in the current model, which is a no-op. (Did you mean to pass `assign=True` to assign items in the state dictionary to their corresponding key in the module instead of copying them in place?)
  warnings.warn(
/opt/conda/envs/diffsensei/lib/python3.11/site-packages/torch/nn/modules/module.py:2400: UserWarning: for layer2.1.bn1.weight: copying from a non-meta parameter in the checkpoint to a meta parameter in the current model, which is a no-op. (Did you mean to pass `assign=True` to assign items in the state dictionary to their corresponding key in the module instead of copying them in place?)
  warnings.warn(
/opt/conda/envs/diffsensei/lib/python3.11/site-packages/torch/nn/modules/module.py:2400: UserWarning: for layer2.1.bn1.bias: copying from a non-meta parameter in the checkpoint to a meta parameter in the current model, which is a no-op. (Did you mean to pass `assign=True` to assign items in the state dictionary to their corresponding key in the module instead of copying them in place?)
  warnings.warn(
/opt/conda/envs/diffsensei/lib/python3.11/site-packages/torch/nn/modules/module.py:2400: UserWarning: for layer2.1.conv2.weight: copying from a non-meta parameter in the checkpoint to a meta parameter in the current model, which is a no-op. (Did you mean to pass `assign=True` to assign items in the state dictionary to their corresponding key in the module instead of copying them in place?)
  warnings.warn(
/opt/conda/envs/diffsensei/lib/python3.11/site-packages/torch/nn/modules/module.py:2400: UserWarning: for layer2.1.bn2.weight: copying from a non-meta parameter in the checkpoint to a meta parameter in the current model, which is a no-op. (Did you mean to pass `assign=True` to assign items in the state dictionary to their corresponding key in the module instead of copying them in place?)
  warnings.warn(
/opt/conda/envs/diffsensei/lib/python3.11/site-packages/torch/nn/modules/module.py:2400: UserWarning: for layer2.1.bn2.bias: copying from a non-meta parameter in the checkpoint to a meta parameter in the current model, which is a no-op. (Did you mean to pass `assign=True` to assign items in the state dictionary to their corresponding key in the module instead of copying them in place?)
  warnings.warn(
/opt/conda/envs/diffsensei/lib/python3.11/site-packages/torch/nn/modules/module.py:2400: UserWarning: for layer2.1.conv3.weight: copying from a non-meta parameter in the checkpoint to a meta parameter in the current model, which is a no-op. (Did you mean to pass `assign=True` to assign items in the state dictionary to their corresponding key in the module instead of copying them in place?)
  warnings.warn(
/opt/conda/envs/diffsensei/lib/python3.11/site-packages/torch/nn/modules/module.py:2400: UserWarning: for layer2.1.bn3.weight: copying from a non-meta parameter in the checkpoint to a meta parameter in the current model, which is a no-op. (Did you mean to pass `assign=True` to assign items in the state dictionary to their corresponding key in the module instead of copying them in place?)
  warnings.warn(
/opt/conda/envs/diffsensei/lib/python3.11/site-packages/torch/nn/modules/module.py:2400: UserWarning: for layer2.1.bn3.bias: copying from a non-meta parameter in the checkpoint to a meta parameter in the current model, which is a no-op. (Did you mean to pass `assign=True` to assign items in the state dictionary to their corresponding key in the module instead of copying them in place?)
  warnings.warn(
/opt/conda/envs/diffsensei/lib/python3.11/site-packages/torch/nn/modules/module.py:2400: UserWarning: for layer2.2.conv1.weight: copying from a non-meta parameter in the checkpoint to a meta parameter in the current model, which is a no-op. (Did you mean to pass `assign=True` to assign items in the state dictionary to their corresponding key in the module instead of copying them in place?)
  warnings.warn(
/opt/conda/envs/diffsensei/lib/python3.11/site-packages/torch/nn/modules/module.py:2400: UserWarning: for layer2.2.bn1.weight: copying from a non-meta parameter in the checkpoint to a meta parameter in the current model, which is a no-op. (Did you mean to pass `assign=True` to assign items in the state dictionary to their corresponding key in the module instead of copying them in place?)
  warnings.warn(
/opt/conda/envs/diffsensei/lib/python3.11/site-packages/torch/nn/modules/module.py:2400: UserWarning: for layer2.2.bn1.bias: copying from a non-meta parameter in the checkpoint to a meta parameter in the current model, which is a no-op. (Did you mean to pass `assign=True` to assign items in the state dictionary to their corresponding key in the module instead of copying them in place?)
  warnings.warn(
/opt/conda/envs/diffsensei/lib/python3.11/site-packages/torch/nn/modules/module.py:2400: UserWarning: for layer2.2.conv2.weight: copying from a non-meta parameter in the checkpoint to a meta parameter in the current model, which is a no-op. (Did you mean to pass `assign=True` to assign items in the state dictionary to their corresponding key in the module instead of copying them in place?)
  warnings.warn(
/opt/conda/envs/diffsensei/lib/python3.11/site-packages/torch/nn/modules/module.py:2400: UserWarning: for layer2.2.bn2.weight: copying from a non-meta parameter in the checkpoint to a meta parameter in the current model, which is a no-op. (Did you mean to pass `assign=True` to assign items in the state dictionary to their corresponding key in the module instead of copying them in place?)
  warnings.warn(
/opt/conda/envs/diffsensei/lib/python3.11/site-packages/torch/nn/modules/module.py:2400: UserWarning: for layer2.2.bn2.bias: copying from a non-meta parameter in the checkpoint to a meta parameter in the current model, which is a no-op. (Did you mean to pass `assign=True` to assign items in the state dictionary to their corresponding key in the module instead of copying them in place?)
  warnings.warn(
/opt/conda/envs/diffsensei/lib/python3.11/site-packages/torch/nn/modules/module.py:2400: UserWarning: for layer2.2.conv3.weight: copying from a non-meta parameter in the checkpoint to a meta parameter in the current model, which is a no-op. (Did you mean to pass `assign=True` to assign items in the state dictionary to their corresponding key in the module instead of copying them in place?)
  warnings.warn(
/opt/conda/envs/diffsensei/lib/python3.11/site-packages/torch/nn/modules/module.py:2400: UserWarning: for layer2.2.bn3.weight: copying from a non-meta parameter in the checkpoint to a meta parameter in the current model, which is a no-op. (Did you mean to pass `assign=True` to assign items in the state dictionary to their corresponding key in the module instead of copying them in place?)
  warnings.warn(
/opt/conda/envs/diffsensei/lib/python3.11/site-packages/torch/nn/modules/module.py:2400: UserWarning: for layer2.2.bn3.bias: copying from a non-meta parameter in the checkpoint to a meta parameter in the current model, which is a no-op. (Did you mean to pass `assign=True` to assign items in the state dictionary to their corresponding key in the module instead of copying them in place?)
  warnings.warn(
/opt/conda/envs/diffsensei/lib/python3.11/site-packages/torch/nn/modules/module.py:2400: UserWarning: for layer2.3.conv1.weight: copying from a non-meta parameter in the checkpoint to a meta parameter in the current model, which is a no-op. (Did you mean to pass `assign=True` to assign items in the state dictionary to their corresponding key in the module instead of copying them in place?)
  warnings.warn(
/opt/conda/envs/diffsensei/lib/python3.11/site-packages/torch/nn/modules/module.py:2400: UserWarning: for layer2.3.bn1.weight: copying from a non-meta parameter in the checkpoint to a meta parameter in the current model, which is a no-op. (Did you mean to pass `assign=True` to assign items in the state dictionary to their corresponding key in the module instead of copying them in place?)
  warnings.warn(
/opt/conda/envs/diffsensei/lib/python3.11/site-packages/torch/nn/modules/module.py:2400: UserWarning: for layer2.3.bn1.bias: copying from a non-meta parameter in the checkpoint to a meta parameter in the current model, which is a no-op. (Did you mean to pass `assign=True` to assign items in the state dictionary to their corresponding key in the module instead of copying them in place?)
  warnings.warn(
/opt/conda/envs/diffsensei/lib/python3.11/site-packages/torch/nn/modules/module.py:2400: UserWarning: for layer2.3.conv2.weight: copying from a non-meta parameter in the checkpoint to a meta parameter in the current model, which is a no-op. (Did you mean to pass `assign=True` to assign items in the state dictionary to their corresponding key in the module instead of copying them in place?)
  warnings.warn(
/opt/conda/envs/diffsensei/lib/python3.11/site-packages/torch/nn/modules/module.py:2400: UserWarning: for layer2.3.bn2.weight: copying from a non-meta parameter in the checkpoint to a meta parameter in the current model, which is a no-op. (Did you mean to pass `assign=True` to assign items in the state dictionary to their corresponding key in the module instead of copying them in place?)
  warnings.warn(
/opt/conda/envs/diffsensei/lib/python3.11/site-packages/torch/nn/modules/module.py:2400: UserWarning: for layer2.3.bn2.bias: copying from a non-meta parameter in the checkpoint to a meta parameter in the current model, which is a no-op. (Did you mean to pass `assign=True` to assign items in the state dictionary to their corresponding key in the module instead of copying them in place?)
  warnings.warn(
/opt/conda/envs/diffsensei/lib/python3.11/site-packages/torch/nn/modules/module.py:2400: UserWarning: for layer2.3.conv3.weight: copying from a non-meta parameter in the checkpoint to a meta parameter in the current model, which is a no-op. (Did you mean to pass `assign=True` to assign items in the state dictionary to their corresponding key in the module instead of copying them in place?)
  warnings.warn(
/opt/conda/envs/diffsensei/lib/python3.11/site-packages/torch/nn/modules/module.py:2400: UserWarning: for layer2.3.bn3.weight: copying from a non-meta parameter in the checkpoint to a meta parameter in the current model, which is a no-op. (Did you mean to pass `assign=True` to assign items in the state dictionary to their corresponding key in the module instead of copying them in place?)
  warnings.warn(
/opt/conda/envs/diffsensei/lib/python3.11/site-packages/torch/nn/modules/module.py:2400: UserWarning: for layer2.3.bn3.bias: copying from a non-meta parameter in the checkpoint to a meta parameter in the current model, which is a no-op. (Did you mean to pass `assign=True` to assign items in the state dictionary to their corresponding key in the module instead of copying them in place?)
  warnings.warn(
/opt/conda/envs/diffsensei/lib/python3.11/site-packages/torch/nn/modules/module.py:2400: UserWarning: for layer3.0.conv1.weight: copying from a non-meta parameter in the checkpoint to a meta parameter in the current model, which is a no-op. (Did you mean to pass `assign=True` to assign items in the state dictionary to their corresponding key in the module instead of copying them in place?)
  warnings.warn(
/opt/conda/envs/diffsensei/lib/python3.11/site-packages/torch/nn/modules/module.py:2400: UserWarning: for layer3.0.bn1.weight: copying from a non-meta parameter in the checkpoint to a meta parameter in the current model, which is a no-op. (Did you mean to pass `assign=True` to assign items in the state dictionary to their corresponding key in the module instead of copying them in place?)
  warnings.warn(
/opt/conda/envs/diffsensei/lib/python3.11/site-packages/torch/nn/modules/module.py:2400: UserWarning: for layer3.0.bn1.bias: copying from a non-meta parameter in the checkpoint to a meta parameter in the current model, which is a no-op. (Did you mean to pass `assign=True` to assign items in the state dictionary to their corresponding key in the module instead of copying them in place?)
  warnings.warn(
/opt/conda/envs/diffsensei/lib/python3.11/site-packages/torch/nn/modules/module.py:2400: UserWarning: for layer3.0.conv2.weight: copying from a non-meta parameter in the checkpoint to a meta parameter in the current model, which is a no-op. (Did you mean to pass `assign=True` to assign items in the state dictionary to their corresponding key in the module instead of copying them in place?)
  warnings.warn(
/opt/conda/envs/diffsensei/lib/python3.11/site-packages/torch/nn/modules/module.py:2400: UserWarning: for layer3.0.bn2.weight: copying from a non-meta parameter in the checkpoint to a meta parameter in the current model, which is a no-op. (Did you mean to pass `assign=True` to assign items in the state dictionary to their corresponding key in the module instead of copying them in place?)
  warnings.warn(
/opt/conda/envs/diffsensei/lib/python3.11/site-packages/torch/nn/modules/module.py:2400: UserWarning: for layer3.0.bn2.bias: copying from a non-meta parameter in the checkpoint to a meta parameter in the current model, which is a no-op. (Did you mean to pass `assign=True` to assign items in the state dictionary to their corresponding key in the module instead of copying them in place?)
  warnings.warn(
/opt/conda/envs/diffsensei/lib/python3.11/site-packages/torch/nn/modules/module.py:2400: UserWarning: for layer3.0.conv3.weight: copying from a non-meta parameter in the checkpoint to a meta parameter in the current model, which is a no-op. (Did you mean to pass `assign=True` to assign items in the state dictionary to their corresponding key in the module instead of copying them in place?)
  warnings.warn(
/opt/conda/envs/diffsensei/lib/python3.11/site-packages/torch/nn/modules/module.py:2400: UserWarning: for layer3.0.bn3.weight: copying from a non-meta parameter in the checkpoint to a meta parameter in the current model, which is a no-op. (Did you mean to pass `assign=True` to assign items in the state dictionary to their corresponding key in the module instead of copying them in place?)
  warnings.warn(
/opt/conda/envs/diffsensei/lib/python3.11/site-packages/torch/nn/modules/module.py:2400: UserWarning: for layer3.0.bn3.bias: copying from a non-meta parameter in the checkpoint to a meta parameter in the current model, which is a no-op. (Did you mean to pass `assign=True` to assign items in the state dictionary to their corresponding key in the module instead of copying them in place?)
  warnings.warn(
/opt/conda/envs/diffsensei/lib/python3.11/site-packages/torch/nn/modules/module.py:2400: UserWarning: for layer3.0.downsample.0.weight: copying from a non-meta parameter in the checkpoint to a meta parameter in the current model, which is a no-op. (Did you mean to pass `assign=True` to assign items in the state dictionary to their corresponding key in the module instead of copying them in place?)
  warnings.warn(
/opt/conda/envs/diffsensei/lib/python3.11/site-packages/torch/nn/modules/module.py:2400: UserWarning: for layer3.0.downsample.1.weight: copying from a non-meta parameter in the checkpoint to a meta parameter in the current model, which is a no-op. (Did you mean to pass `assign=True` to assign items in the state dictionary to their corresponding key in the module instead of copying them in place?)
  warnings.warn(
/opt/conda/envs/diffsensei/lib/python3.11/site-packages/torch/nn/modules/module.py:2400: UserWarning: for layer3.0.downsample.1.bias: copying from a non-meta parameter in the checkpoint to a meta parameter in the current model, which is a no-op. (Did you mean to pass `assign=True` to assign items in the state dictionary to their corresponding key in the module instead of copying them in place?)
  warnings.warn(
/opt/conda/envs/diffsensei/lib/python3.11/site-packages/torch/nn/modules/module.py:2400: UserWarning: for layer3.1.conv1.weight: copying from a non-meta parameter in the checkpoint to a meta parameter in the current model, which is a no-op. (Did you mean to pass `assign=True` to assign items in the state dictionary to their corresponding key in the module instead of copying them in place?)
  warnings.warn(
/opt/conda/envs/diffsensei/lib/python3.11/site-packages/torch/nn/modules/module.py:2400: UserWarning: for layer3.1.bn1.weight: copying from a non-meta parameter in the checkpoint to a meta parameter in the current model, which is a no-op. (Did you mean to pass `assign=True` to assign items in the state dictionary to their corresponding key in the module instead of copying them in place?)
  warnings.warn(
/opt/conda/envs/diffsensei/lib/python3.11/site-packages/torch/nn/modules/module.py:2400: UserWarning: for layer3.1.bn1.bias: copying from a non-meta parameter in the checkpoint to a meta parameter in the current model, which is a no-op. (Did you mean to pass `assign=True` to assign items in the state dictionary to their corresponding key in the module instead of copying them in place?)
  warnings.warn(
/opt/conda/envs/diffsensei/lib/python3.11/site-packages/torch/nn/modules/module.py:2400: UserWarning: for layer3.1.conv2.weight: copying from a non-meta parameter in the checkpoint to a meta parameter in the current model, which is a no-op. (Did you mean to pass `assign=True` to assign items in the state dictionary to their corresponding key in the module instead of copying them in place?)
  warnings.warn(
/opt/conda/envs/diffsensei/lib/python3.11/site-packages/torch/nn/modules/module.py:2400: UserWarning: for layer3.1.bn2.weight: copying from a non-meta parameter in the checkpoint to a meta parameter in the current model, which is a no-op. (Did you mean to pass `assign=True` to assign items in the state dictionary to their corresponding key in the module instead of copying them in place?)
  warnings.warn(
/opt/conda/envs/diffsensei/lib/python3.11/site-packages/torch/nn/modules/module.py:2400: UserWarning: for layer3.1.bn2.bias: copying from a non-meta parameter in the checkpoint to a meta parameter in the current model, which is a no-op. (Did you mean to pass `assign=True` to assign items in the state dictionary to their corresponding key in the module instead of copying them in place?)
  warnings.warn(
/opt/conda/envs/diffsensei/lib/python3.11/site-packages/torch/nn/modules/module.py:2400: UserWarning: for layer3.1.conv3.weight: copying from a non-meta parameter in the checkpoint to a meta parameter in the current model, which is a no-op. (Did you mean to pass `assign=True` to assign items in the state dictionary to their corresponding key in the module instead of copying them in place?)
  warnings.warn(
/opt/conda/envs/diffsensei/lib/python3.11/site-packages/torch/nn/modules/module.py:2400: UserWarning: for layer3.1.bn3.weight: copying from a non-meta parameter in the checkpoint to a meta parameter in the current model, which is a no-op. (Did you mean to pass `assign=True` to assign items in the state dictionary to their corresponding key in the module instead of copying them in place?)
  warnings.warn(
/opt/conda/envs/diffsensei/lib/python3.11/site-packages/torch/nn/modules/module.py:2400: UserWarning: for layer3.1.bn3.bias: copying from a non-meta parameter in the checkpoint to a meta parameter in the current model, which is a no-op. (Did you mean to pass `assign=True` to assign items in the state dictionary to their corresponding key in the module instead of copying them in place?)
  warnings.warn(
/opt/conda/envs/diffsensei/lib/python3.11/site-packages/torch/nn/modules/module.py:2400: UserWarning: for layer3.2.conv1.weight: copying from a non-meta parameter in the checkpoint to a meta parameter in the current model, which is a no-op. (Did you mean to pass `assign=True` to assign items in the state dictionary to their corresponding key in the module instead of copying them in place?)
  warnings.warn(
/opt/conda/envs/diffsensei/lib/python3.11/site-packages/torch/nn/modules/module.py:2400: UserWarning: for layer3.2.bn1.weight: copying from a non-meta parameter in the checkpoint to a meta parameter in the current model, which is a no-op. (Did you mean to pass `assign=True` to assign items in the state dictionary to their corresponding key in the module instead of copying them in place?)
  warnings.warn(
/opt/conda/envs/diffsensei/lib/python3.11/site-packages/torch/nn/modules/module.py:2400: UserWarning: for layer3.2.bn1.bias: copying from a non-meta parameter in the checkpoint to a meta parameter in the current model, which is a no-op. (Did you mean to pass `assign=True` to assign items in the state dictionary to their corresponding key in the module instead of copying them in place?)
  warnings.warn(
/opt/conda/envs/diffsensei/lib/python3.11/site-packages/torch/nn/modules/module.py:2400: UserWarning: for layer3.2.conv2.weight: copying from a non-meta parameter in the checkpoint to a meta parameter in the current model, which is a no-op. (Did you mean to pass `assign=True` to assign items in the state dictionary to their corresponding key in the module instead of copying them in place?)
  warnings.warn(
/opt/conda/envs/diffsensei/lib/python3.11/site-packages/torch/nn/modules/module.py:2400: UserWarning: for layer3.2.bn2.weight: copying from a non-meta parameter in the checkpoint to a meta parameter in the current model, which is a no-op. (Did you mean to pass `assign=True` to assign items in the state dictionary to their corresponding key in the module instead of copying them in place?)
  warnings.warn(
/opt/conda/envs/diffsensei/lib/python3.11/site-packages/torch/nn/modules/module.py:2400: UserWarning: for layer3.2.bn2.bias: copying from a non-meta parameter in the checkpoint to a meta parameter in the current model, which is a no-op. (Did you mean to pass `assign=True` to assign items in the state dictionary to their corresponding key in the module instead of copying them in place?)
  warnings.warn(
/opt/conda/envs/diffsensei/lib/python3.11/site-packages/torch/nn/modules/module.py:2400: UserWarning: for layer3.2.conv3.weight: copying from a non-meta parameter in the checkpoint to a meta parameter in the current model, which is a no-op. (Did you mean to pass `assign=True` to assign items in the state dictionary to their corresponding key in the module instead of copying them in place?)
  warnings.warn(
/opt/conda/envs/diffsensei/lib/python3.11/site-packages/torch/nn/modules/module.py:2400: UserWarning: for layer3.2.bn3.weight: copying from a non-meta parameter in the checkpoint to a meta parameter in the current model, which is a no-op. (Did you mean to pass `assign=True` to assign items in the state dictionary to their corresponding key in the module instead of copying them in place?)
  warnings.warn(
/opt/conda/envs/diffsensei/lib/python3.11/site-packages/torch/nn/modules/module.py:2400: UserWarning: for layer3.2.bn3.bias: copying from a non-meta parameter in the checkpoint to a meta parameter in the current model, which is a no-op. (Did you mean to pass `assign=True` to assign items in the state dictionary to their corresponding key in the module instead of copying them in place?)
  warnings.warn(
/opt/conda/envs/diffsensei/lib/python3.11/site-packages/torch/nn/modules/module.py:2400: UserWarning: for layer3.3.conv1.weight: copying from a non-meta parameter in the checkpoint to a meta parameter in the current model, which is a no-op. (Did you mean to pass `assign=True` to assign items in the state dictionary to their corresponding key in the module instead of copying them in place?)
  warnings.warn(
/opt/conda/envs/diffsensei/lib/python3.11/site-packages/torch/nn/modules/module.py:2400: UserWarning: for layer3.3.bn1.weight: copying from a non-meta parameter in the checkpoint to a meta parameter in the current model, which is a no-op. (Did you mean to pass `assign=True` to assign items in the state dictionary to their corresponding key in the module instead of copying them in place?)
  warnings.warn(
/opt/conda/envs/diffsensei/lib/python3.11/site-packages/torch/nn/modules/module.py:2400: UserWarning: for layer3.3.bn1.bias: copying from a non-meta parameter in the checkpoint to a meta parameter in the current model, which is a no-op. (Did you mean to pass `assign=True` to assign items in the state dictionary to their corresponding key in the module instead of copying them in place?)
  warnings.warn(
/opt/conda/envs/diffsensei/lib/python3.11/site-packages/torch/nn/modules/module.py:2400: UserWarning: for layer3.3.conv2.weight: copying from a non-meta parameter in the checkpoint to a meta parameter in the current model, which is a no-op. (Did you mean to pass `assign=True` to assign items in the state dictionary to their corresponding key in the module instead of copying them in place?)
  warnings.warn(
/opt/conda/envs/diffsensei/lib/python3.11/site-packages/torch/nn/modules/module.py:2400: UserWarning: for layer3.3.bn2.weight: copying from a non-meta parameter in the checkpoint to a meta parameter in the current model, which is a no-op. (Did you mean to pass `assign=True` to assign items in the state dictionary to their corresponding key in the module instead of copying them in place?)
  warnings.warn(
/opt/conda/envs/diffsensei/lib/python3.11/site-packages/torch/nn/modules/module.py:2400: UserWarning: for layer3.3.bn2.bias: copying from a non-meta parameter in the checkpoint to a meta parameter in the current model, which is a no-op. (Did you mean to pass `assign=True` to assign items in the state dictionary to their corresponding key in the module instead of copying them in place?)
  warnings.warn(
/opt/conda/envs/diffsensei/lib/python3.11/site-packages/torch/nn/modules/module.py:2400: UserWarning: for layer3.3.conv3.weight: copying from a non-meta parameter in the checkpoint to a meta parameter in the current model, which is a no-op. (Did you mean to pass `assign=True` to assign items in the state dictionary to their corresponding key in the module instead of copying them in place?)
  warnings.warn(
/opt/conda/envs/diffsensei/lib/python3.11/site-packages/torch/nn/modules/module.py:2400: UserWarning: for layer3.3.bn3.weight: copying from a non-meta parameter in the checkpoint to a meta parameter in the current model, which is a no-op. (Did you mean to pass `assign=True` to assign items in the state dictionary to their corresponding key in the module instead of copying them in place?)
  warnings.warn(
/opt/conda/envs/diffsensei/lib/python3.11/site-packages/torch/nn/modules/module.py:2400: UserWarning: for layer3.3.bn3.bias: copying from a non-meta parameter in the checkpoint to a meta parameter in the current model, which is a no-op. (Did you mean to pass `assign=True` to assign items in the state dictionary to their corresponding key in the module instead of copying them in place?)
  warnings.warn(
/opt/conda/envs/diffsensei/lib/python3.11/site-packages/torch/nn/modules/module.py:2400: UserWarning: for layer3.4.conv1.weight: copying from a non-meta parameter in the checkpoint to a meta parameter in the current model, which is a no-op. (Did you mean to pass `assign=True` to assign items in the state dictionary to their corresponding key in the module instead of copying them in place?)
  warnings.warn(
/opt/conda/envs/diffsensei/lib/python3.11/site-packages/torch/nn/modules/module.py:2400: UserWarning: for layer3.4.bn1.weight: copying from a non-meta parameter in the checkpoint to a meta parameter in the current model, which is a no-op. (Did you mean to pass `assign=True` to assign items in the state dictionary to their corresponding key in the module instead of copying them in place?)
  warnings.warn(
/opt/conda/envs/diffsensei/lib/python3.11/site-packages/torch/nn/modules/module.py:2400: UserWarning: for layer3.4.bn1.bias: copying from a non-meta parameter in the checkpoint to a meta parameter in the current model, which is a no-op. (Did you mean to pass `assign=True` to assign items in the state dictionary to their corresponding key in the module instead of copying them in place?)
  warnings.warn(
/opt/conda/envs/diffsensei/lib/python3.11/site-packages/torch/nn/modules/module.py:2400: UserWarning: for layer3.4.conv2.weight: copying from a non-meta parameter in the checkpoint to a meta parameter in the current model, which is a no-op. (Did you mean to pass `assign=True` to assign items in the state dictionary to their corresponding key in the module instead of copying them in place?)
  warnings.warn(
/opt/conda/envs/diffsensei/lib/python3.11/site-packages/torch/nn/modules/module.py:2400: UserWarning: for layer3.4.bn2.weight: copying from a non-meta parameter in the checkpoint to a meta parameter in the current model, which is a no-op. (Did you mean to pass `assign=True` to assign items in the state dictionary to their corresponding key in the module instead of copying them in place?)
  warnings.warn(
/opt/conda/envs/diffsensei/lib/python3.11/site-packages/torch/nn/modules/module.py:2400: UserWarning: for layer3.4.bn2.bias: copying from a non-meta parameter in the checkpoint to a meta parameter in the current model, which is a no-op. (Did you mean to pass `assign=True` to assign items in the state dictionary to their corresponding key in the module instead of copying them in place?)
  warnings.warn(
/opt/conda/envs/diffsensei/lib/python3.11/site-packages/torch/nn/modules/module.py:2400: UserWarning: for layer3.4.conv3.weight: copying from a non-meta parameter in the checkpoint to a meta parameter in the current model, which is a no-op. (Did you mean to pass `assign=True` to assign items in the state dictionary to their corresponding key in the module instead of copying them in place?)
  warnings.warn(
/opt/conda/envs/diffsensei/lib/python3.11/site-packages/torch/nn/modules/module.py:2400: UserWarning: for layer3.4.bn3.weight: copying from a non-meta parameter in the checkpoint to a meta parameter in the current model, which is a no-op. (Did you mean to pass `assign=True` to assign items in the state dictionary to their corresponding key in the module instead of copying them in place?)
  warnings.warn(
/opt/conda/envs/diffsensei/lib/python3.11/site-packages/torch/nn/modules/module.py:2400: UserWarning: for layer3.4.bn3.bias: copying from a non-meta parameter in the checkpoint to a meta parameter in the current model, which is a no-op. (Did you mean to pass `assign=True` to assign items in the state dictionary to their corresponding key in the module instead of copying them in place?)
  warnings.warn(
/opt/conda/envs/diffsensei/lib/python3.11/site-packages/torch/nn/modules/module.py:2400: UserWarning: for layer3.5.conv1.weight: copying from a non-meta parameter in the checkpoint to a meta parameter in the current model, which is a no-op. (Did you mean to pass `assign=True` to assign items in the state dictionary to their corresponding key in the module instead of copying them in place?)
  warnings.warn(
/opt/conda/envs/diffsensei/lib/python3.11/site-packages/torch/nn/modules/module.py:2400: UserWarning: for layer3.5.bn1.weight: copying from a non-meta parameter in the checkpoint to a meta parameter in the current model, which is a no-op. (Did you mean to pass `assign=True` to assign items in the state dictionary to their corresponding key in the module instead of copying them in place?)
  warnings.warn(
/opt/conda/envs/diffsensei/lib/python3.11/site-packages/torch/nn/modules/module.py:2400: UserWarning: for layer3.5.bn1.bias: copying from a non-meta parameter in the checkpoint to a meta parameter in the current model, which is a no-op. (Did you mean to pass `assign=True` to assign items in the state dictionary to their corresponding key in the module instead of copying them in place?)
  warnings.warn(
/opt/conda/envs/diffsensei/lib/python3.11/site-packages/torch/nn/modules/module.py:2400: UserWarning: for layer3.5.conv2.weight: copying from a non-meta parameter in the checkpoint to a meta parameter in the current model, which is a no-op. (Did you mean to pass `assign=True` to assign items in the state dictionary to their corresponding key in the module instead of copying them in place?)
  warnings.warn(
/opt/conda/envs/diffsensei/lib/python3.11/site-packages/torch/nn/modules/module.py:2400: UserWarning: for layer3.5.bn2.weight: copying from a non-meta parameter in the checkpoint to a meta parameter in the current model, which is a no-op. (Did you mean to pass `assign=True` to assign items in the state dictionary to their corresponding key in the module instead of copying them in place?)
  warnings.warn(
/opt/conda/envs/diffsensei/lib/python3.11/site-packages/torch/nn/modules/module.py:2400: UserWarning: for layer3.5.bn2.bias: copying from a non-meta parameter in the checkpoint to a meta parameter in the current model, which is a no-op. (Did you mean to pass `assign=True` to assign items in the state dictionary to their corresponding key in the module instead of copying them in place?)
  warnings.warn(
/opt/conda/envs/diffsensei/lib/python3.11/site-packages/torch/nn/modules/module.py:2400: UserWarning: for layer3.5.conv3.weight: copying from a non-meta parameter in the checkpoint to a meta parameter in the current model, which is a no-op. (Did you mean to pass `assign=True` to assign items in the state dictionary to their corresponding key in the module instead of copying them in place?)
  warnings.warn(
/opt/conda/envs/diffsensei/lib/python3.11/site-packages/torch/nn/modules/module.py:2400: UserWarning: for layer3.5.bn3.weight: copying from a non-meta parameter in the checkpoint to a meta parameter in the current model, which is a no-op. (Did you mean to pass `assign=True` to assign items in the state dictionary to their corresponding key in the module instead of copying them in place?)
  warnings.warn(
/opt/conda/envs/diffsensei/lib/python3.11/site-packages/torch/nn/modules/module.py:2400: UserWarning: for layer3.5.bn3.bias: copying from a non-meta parameter in the checkpoint to a meta parameter in the current model, which is a no-op. (Did you mean to pass `assign=True` to assign items in the state dictionary to their corresponding key in the module instead of copying them in place?)
  warnings.warn(
/opt/conda/envs/diffsensei/lib/python3.11/site-packages/torch/nn/modules/module.py:2400: UserWarning: for layer4.0.conv1.weight: copying from a non-meta parameter in the checkpoint to a meta parameter in the current model, which is a no-op. (Did you mean to pass `assign=True` to assign items in the state dictionary to their corresponding key in the module instead of copying them in place?)
  warnings.warn(
/opt/conda/envs/diffsensei/lib/python3.11/site-packages/torch/nn/modules/module.py:2400: UserWarning: for layer4.0.bn1.weight: copying from a non-meta parameter in the checkpoint to a meta parameter in the current model, which is a no-op. (Did you mean to pass `assign=True` to assign items in the state dictionary to their corresponding key in the module instead of copying them in place?)
  warnings.warn(
/opt/conda/envs/diffsensei/lib/python3.11/site-packages/torch/nn/modules/module.py:2400: UserWarning: for layer4.0.bn1.bias: copying from a non-meta parameter in the checkpoint to a meta parameter in the current model, which is a no-op. (Did you mean to pass `assign=True` to assign items in the state dictionary to their corresponding key in the module instead of copying them in place?)
  warnings.warn(
/opt/conda/envs/diffsensei/lib/python3.11/site-packages/torch/nn/modules/module.py:2400: UserWarning: for layer4.0.conv2.weight: copying from a non-meta parameter in the checkpoint to a meta parameter in the current model, which is a no-op. (Did you mean to pass `assign=True` to assign items in the state dictionary to their corresponding key in the module instead of copying them in place?)
  warnings.warn(
/opt/conda/envs/diffsensei/lib/python3.11/site-packages/torch/nn/modules/module.py:2400: UserWarning: for layer4.0.bn2.weight: copying from a non-meta parameter in the checkpoint to a meta parameter in the current model, which is a no-op. (Did you mean to pass `assign=True` to assign items in the state dictionary to their corresponding key in the module instead of copying them in place?)
  warnings.warn(
/opt/conda/envs/diffsensei/lib/python3.11/site-packages/torch/nn/modules/module.py:2400: UserWarning: for layer4.0.bn2.bias: copying from a non-meta parameter in the checkpoint to a meta parameter in the current model, which is a no-op. (Did you mean to pass `assign=True` to assign items in the state dictionary to their corresponding key in the module instead of copying them in place?)
  warnings.warn(
/opt/conda/envs/diffsensei/lib/python3.11/site-packages/torch/nn/modules/module.py:2400: UserWarning: for layer4.0.conv3.weight: copying from a non-meta parameter in the checkpoint to a meta parameter in the current model, which is a no-op. (Did you mean to pass `assign=True` to assign items in the state dictionary to their corresponding key in the module instead of copying them in place?)
  warnings.warn(
/opt/conda/envs/diffsensei/lib/python3.11/site-packages/torch/nn/modules/module.py:2400: UserWarning: for layer4.0.bn3.weight: copying from a non-meta parameter in the checkpoint to a meta parameter in the current model, which is a no-op. (Did you mean to pass `assign=True` to assign items in the state dictionary to their corresponding key in the module instead of copying them in place?)
  warnings.warn(
/opt/conda/envs/diffsensei/lib/python3.11/site-packages/torch/nn/modules/module.py:2400: UserWarning: for layer4.0.bn3.bias: copying from a non-meta parameter in the checkpoint to a meta parameter in the current model, which is a no-op. (Did you mean to pass `assign=True` to assign items in the state dictionary to their corresponding key in the module instead of copying them in place?)
  warnings.warn(
/opt/conda/envs/diffsensei/lib/python3.11/site-packages/torch/nn/modules/module.py:2400: UserWarning: for layer4.0.downsample.0.weight: copying from a non-meta parameter in the checkpoint to a meta parameter in the current model, which is a no-op. (Did you mean to pass `assign=True` to assign items in the state dictionary to their corresponding key in the module instead of copying them in place?)
  warnings.warn(
/opt/conda/envs/diffsensei/lib/python3.11/site-packages/torch/nn/modules/module.py:2400: UserWarning: for layer4.0.downsample.1.weight: copying from a non-meta parameter in the checkpoint to a meta parameter in the current model, which is a no-op. (Did you mean to pass `assign=True` to assign items in the state dictionary to their corresponding key in the module instead of copying them in place?)
  warnings.warn(
/opt/conda/envs/diffsensei/lib/python3.11/site-packages/torch/nn/modules/module.py:2400: UserWarning: for layer4.0.downsample.1.bias: copying from a non-meta parameter in the checkpoint to a meta parameter in the current model, which is a no-op. (Did you mean to pass `assign=True` to assign items in the state dictionary to their corresponding key in the module instead of copying them in place?)
  warnings.warn(
/opt/conda/envs/diffsensei/lib/python3.11/site-packages/torch/nn/modules/module.py:2400: UserWarning: for layer4.1.conv1.weight: copying from a non-meta parameter in the checkpoint to a meta parameter in the current model, which is a no-op. (Did you mean to pass `assign=True` to assign items in the state dictionary to their corresponding key in the module instead of copying them in place?)
  warnings.warn(
/opt/conda/envs/diffsensei/lib/python3.11/site-packages/torch/nn/modules/module.py:2400: UserWarning: for layer4.1.bn1.weight: copying from a non-meta parameter in the checkpoint to a meta parameter in the current model, which is a no-op. (Did you mean to pass `assign=True` to assign items in the state dictionary to their corresponding key in the module instead of copying them in place?)
  warnings.warn(
/opt/conda/envs/diffsensei/lib/python3.11/site-packages/torch/nn/modules/module.py:2400: UserWarning: for layer4.1.bn1.bias: copying from a non-meta parameter in the checkpoint to a meta parameter in the current model, which is a no-op. (Did you mean to pass `assign=True` to assign items in the state dictionary to their corresponding key in the module instead of copying them in place?)
  warnings.warn(
/opt/conda/envs/diffsensei/lib/python3.11/site-packages/torch/nn/modules/module.py:2400: UserWarning: for layer4.1.conv2.weight: copying from a non-meta parameter in the checkpoint to a meta parameter in the current model, which is a no-op. (Did you mean to pass `assign=True` to assign items in the state dictionary to their corresponding key in the module instead of copying them in place?)
  warnings.warn(
/opt/conda/envs/diffsensei/lib/python3.11/site-packages/torch/nn/modules/module.py:2400: UserWarning: for layer4.1.bn2.weight: copying from a non-meta parameter in the checkpoint to a meta parameter in the current model, which is a no-op. (Did you mean to pass `assign=True` to assign items in the state dictionary to their corresponding key in the module instead of copying them in place?)
  warnings.warn(
/opt/conda/envs/diffsensei/lib/python3.11/site-packages/torch/nn/modules/module.py:2400: UserWarning: for layer4.1.bn2.bias: copying from a non-meta parameter in the checkpoint to a meta parameter in the current model, which is a no-op. (Did you mean to pass `assign=True` to assign items in the state dictionary to their corresponding key in the module instead of copying them in place?)
  warnings.warn(
/opt/conda/envs/diffsensei/lib/python3.11/site-packages/torch/nn/modules/module.py:2400: UserWarning: for layer4.1.conv3.weight: copying from a non-meta parameter in the checkpoint to a meta parameter in the current model, which is a no-op. (Did you mean to pass `assign=True` to assign items in the state dictionary to their corresponding key in the module instead of copying them in place?)
  warnings.warn(
/opt/conda/envs/diffsensei/lib/python3.11/site-packages/torch/nn/modules/module.py:2400: UserWarning: for layer4.1.bn3.weight: copying from a non-meta parameter in the checkpoint to a meta parameter in the current model, which is a no-op. (Did you mean to pass `assign=True` to assign items in the state dictionary to their corresponding key in the module instead of copying them in place?)
  warnings.warn(
/opt/conda/envs/diffsensei/lib/python3.11/site-packages/torch/nn/modules/module.py:2400: UserWarning: for layer4.1.bn3.bias: copying from a non-meta parameter in the checkpoint to a meta parameter in the current model, which is a no-op. (Did you mean to pass `assign=True` to assign items in the state dictionary to their corresponding key in the module instead of copying them in place?)
  warnings.warn(
/opt/conda/envs/diffsensei/lib/python3.11/site-packages/torch/nn/modules/module.py:2400: UserWarning: for layer4.2.conv1.weight: copying from a non-meta parameter in the checkpoint to a meta parameter in the current model, which is a no-op. (Did you mean to pass `assign=True` to assign items in the state dictionary to their corresponding key in the module instead of copying them in place?)
  warnings.warn(
/opt/conda/envs/diffsensei/lib/python3.11/site-packages/torch/nn/modules/module.py:2400: UserWarning: for layer4.2.bn1.weight: copying from a non-meta parameter in the checkpoint to a meta parameter in the current model, which is a no-op. (Did you mean to pass `assign=True` to assign items in the state dictionary to their corresponding key in the module instead of copying them in place?)
  warnings.warn(
/opt/conda/envs/diffsensei/lib/python3.11/site-packages/torch/nn/modules/module.py:2400: UserWarning: for layer4.2.bn1.bias: copying from a non-meta parameter in the checkpoint to a meta parameter in the current model, which is a no-op. (Did you mean to pass `assign=True` to assign items in the state dictionary to their corresponding key in the module instead of copying them in place?)
  warnings.warn(
/opt/conda/envs/diffsensei/lib/python3.11/site-packages/torch/nn/modules/module.py:2400: UserWarning: for layer4.2.conv2.weight: copying from a non-meta parameter in the checkpoint to a meta parameter in the current model, which is a no-op. (Did you mean to pass `assign=True` to assign items in the state dictionary to their corresponding key in the module instead of copying them in place?)
  warnings.warn(
/opt/conda/envs/diffsensei/lib/python3.11/site-packages/torch/nn/modules/module.py:2400: UserWarning: for layer4.2.bn2.weight: copying from a non-meta parameter in the checkpoint to a meta parameter in the current model, which is a no-op. (Did you mean to pass `assign=True` to assign items in the state dictionary to their corresponding key in the module instead of copying them in place?)
  warnings.warn(
/opt/conda/envs/diffsensei/lib/python3.11/site-packages/torch/nn/modules/module.py:2400: UserWarning: for layer4.2.bn2.bias: copying from a non-meta parameter in the checkpoint to a meta parameter in the current model, which is a no-op. (Did you mean to pass `assign=True` to assign items in the state dictionary to their corresponding key in the module instead of copying them in place?)
  warnings.warn(
/opt/conda/envs/diffsensei/lib/python3.11/site-packages/torch/nn/modules/module.py:2400: UserWarning: for layer4.2.conv3.weight: copying from a non-meta parameter in the checkpoint to a meta parameter in the current model, which is a no-op. (Did you mean to pass `assign=True` to assign items in the state dictionary to their corresponding key in the module instead of copying them in place?)
  warnings.warn(
/opt/conda/envs/diffsensei/lib/python3.11/site-packages/torch/nn/modules/module.py:2400: UserWarning: for layer4.2.bn3.weight: copying from a non-meta parameter in the checkpoint to a meta parameter in the current model, which is a no-op. (Did you mean to pass `assign=True` to assign items in the state dictionary to their corresponding key in the module instead of copying them in place?)
  warnings.warn(
/opt/conda/envs/diffsensei/lib/python3.11/site-packages/torch/nn/modules/module.py:2400: UserWarning: for layer4.2.bn3.bias: copying from a non-meta parameter in the checkpoint to a meta parameter in the current model, which is a no-op. (Did you mean to pass `assign=True` to assign items in the state dictionary to their corresponding key in the module instead of copying them in place?)
  warnings.warn(
Using a slow image processor as `use_fast` is unset and a slow processor was saved with this model. `use_fast=True` will be the default behavior in v4.52, even if the model was saved with a slow processor. This will result in minor differences in outputs. You'll still be able to use a slow processor with `use_fast=False`.
Config of the encoder: <class 'transformers.models.vit.modeling_vit.ViTModel'> is overwritten by shared encoder config: ViTConfig {
  "attention_probs_dropout_prob": 0.0,
  "encoder_stride": 16,
  "hidden_act": "gelu",
  "hidden_dropout_prob": 0.0,
  "hidden_size": 768,
  "image_size": 384,
  "initializer_range": 0.02,
  "intermediate_size": 3072,
  "layer_norm_eps": 1e-12,
  "model_type": "vit",
  "num_attention_heads": 12,
  "num_channels": 3,
  "num_hidden_layers": 12,
  "patch_size": 16,
  "pooler_act": "tanh",
  "pooler_output_size": 768,
  "qkv_bias": false,
  "transformers_version": "4.51.3"
}

Config of the decoder: <class 'transformers.models.trocr.modeling_trocr.TrOCRForCausalLM'> is overwritten by shared decoder config: TrOCRConfig {
  "activation_dropout": 0.0,
  "activation_function": "gelu",
  "add_cross_attention": true,
  "attention_dropout": 0.0,
  "bos_token_id": 0,
  "classifier_dropout": 0.0,
  "cross_attention_hidden_size": 768,
  "d_model": 1024,
  "decoder_attention_heads": 16,
  "decoder_ffn_dim": 4096,
  "decoder_layerdrop": 0.0,
  "decoder_layers": 12,
  "decoder_start_token_id": 2,
  "dropout": 0.1,
  "eos_token_id": 2,
  "init_std": 0.02,
  "is_decoder": true,
  "layernorm_embedding": true,
  "max_position_embeddings": 512,
  "model_type": "trocr",
  "pad_token_id": 1,
  "scale_embedding": false,
  "transformers_version": "4.51.3",
  "use_cache": false,
  "use_learned_position_embeddings": true,
  "vocab_size": 50265
}

/data/DiffSensei-main/layout-generator/src/utils.py:22: FutureWarning: You are using `torch.load` with `weights_only=False` (the current default value), which uses the default pickle module implicitly. It is possible to construct malicious pickle data which will execute arbitrary code during unpickling (See https://github.com/pytorch/pytorch/blob/main/SECURITY.md#untrusted-models for more details). In a future release, the default value for `weights_only` will be flipped to `True`. This limits the functions that could be executed during unpickling. Arbitrary objects will no longer be allowed to be loaded via this mode unless they are explicitly allowlisted by the user via `torch.serialization.add_safe_globals`. We recommend you start setting `weights_only=True` for any use case where you don't have full control of the loaded file. Please open an issue on GitHub for any issues related to this experimental feature.
  checkpoint = torch.load(ckpt_path, map_location='cpu')
/data/DiffSensei-main/layout-generator/src/utils.py:22: FutureWarning: You are using `torch.load` with `weights_only=False` (the current default value), which uses the default pickle module implicitly. It is possible to construct malicious pickle data which will execute arbitrary code during unpickling (See https://github.com/pytorch/pytorch/blob/main/SECURITY.md#untrusted-models for more details). In a future release, the default value for `weights_only` will be flipped to `True`. This limits the functions that could be executed during unpickling. Arbitrary objects will no longer be allowed to be loaded via this mode unless they are explicitly allowlisted by the user via `torch.serialization.add_safe_globals`. We recommend you start setting `weights_only=True` for any use case where you don't have full control of the loaded file. Please open an issue on GitHub for any issues related to this experimental feature.
  checkpoint = torch.load(ckpt_path, map_location='cpu')
/opt/conda/envs/diffsensei/lib/python3.11/site-packages/torch/nn/modules/module.py:2400: UserWarning: for conv1.weight: copying from a non-meta parameter in the checkpoint to a meta parameter in the current model, which is a no-op. (Did you mean to pass `assign=True` to assign items in the state dictionary to their corresponding key in the module instead of copying them in place?)
  warnings.warn(
/opt/conda/envs/diffsensei/lib/python3.11/site-packages/torch/nn/modules/module.py:2400: UserWarning: for bn1.weight: copying from a non-meta parameter in the checkpoint to a meta parameter in the current model, which is a no-op. (Did you mean to pass `assign=True` to assign items in the state dictionary to their corresponding key in the module instead of copying them in place?)
  warnings.warn(
/opt/conda/envs/diffsensei/lib/python3.11/site-packages/torch/nn/modules/module.py:2400: UserWarning: for bn1.bias: copying from a non-meta parameter in the checkpoint to a meta parameter in the current model, which is a no-op. (Did you mean to pass `assign=True` to assign items in the state dictionary to their corresponding key in the module instead of copying them in place?)
  warnings.warn(
/opt/conda/envs/diffsensei/lib/python3.11/site-packages/torch/nn/modules/module.py:2400: UserWarning: for layer1.0.conv1.weight: copying from a non-meta parameter in the checkpoint to a meta parameter in the current model, which is a no-op. (Did you mean to pass `assign=True` to assign items in the state dictionary to their corresponding key in the module instead of copying them in place?)
  warnings.warn(
/opt/conda/envs/diffsensei/lib/python3.11/site-packages/torch/nn/modules/module.py:2400: UserWarning: for layer1.0.bn1.weight: copying from a non-meta parameter in the checkpoint to a meta parameter in the current model, which is a no-op. (Did you mean to pass `assign=True` to assign items in the state dictionary to their corresponding key in the module instead of copying them in place?)
  warnings.warn(
/opt/conda/envs/diffsensei/lib/python3.11/site-packages/torch/nn/modules/module.py:2400: UserWarning: for layer1.0.bn1.bias: copying from a non-meta parameter in the checkpoint to a meta parameter in the current model, which is a no-op. (Did you mean to pass `assign=True` to assign items in the state dictionary to their corresponding key in the module instead of copying them in place?)
  warnings.warn(
/opt/conda/envs/diffsensei/lib/python3.11/site-packages/torch/nn/modules/module.py:2400: UserWarning: for layer1.0.conv2.weight: copying from a non-meta parameter in the checkpoint to a meta parameter in the current model, which is a no-op. (Did you mean to pass `assign=True` to assign items in the state dictionary to their corresponding key in the module instead of copying them in place?)
  warnings.warn(
/opt/conda/envs/diffsensei/lib/python3.11/site-packages/torch/nn/modules/module.py:2400: UserWarning: for layer1.0.bn2.weight: copying from a non-meta parameter in the checkpoint to a meta parameter in the current model, which is a no-op. (Did you mean to pass `assign=True` to assign items in the state dictionary to their corresponding key in the module instead of copying them in place?)
  warnings.warn(
/opt/conda/envs/diffsensei/lib/python3.11/site-packages/torch/nn/modules/module.py:2400: UserWarning: for layer1.0.bn2.bias: copying from a non-meta parameter in the checkpoint to a meta parameter in the current model, which is a no-op. (Did you mean to pass `assign=True` to assign items in the state dictionary to their corresponding key in the module instead of copying them in place?)
  warnings.warn(
/opt/conda/envs/diffsensei/lib/python3.11/site-packages/torch/nn/modules/module.py:2400: UserWarning: for layer1.0.conv3.weight: copying from a non-meta parameter in the checkpoint to a meta parameter in the current model, which is a no-op. (Did you mean to pass `assign=True` to assign items in the state dictionary to their corresponding key in the module instead of copying them in place?)
  warnings.warn(
/opt/conda/envs/diffsensei/lib/python3.11/site-packages/torch/nn/modules/module.py:2400: UserWarning: for layer1.0.bn3.weight: copying from a non-meta parameter in the checkpoint to a meta parameter in the current model, which is a no-op. (Did you mean to pass `assign=True` to assign items in the state dictionary to their corresponding key in the module instead of copying them in place?)
  warnings.warn(
/opt/conda/envs/diffsensei/lib/python3.11/site-packages/torch/nn/modules/module.py:2400: UserWarning: for layer1.0.bn3.bias: copying from a non-meta parameter in the checkpoint to a meta parameter in the current model, which is a no-op. (Did you mean to pass `assign=True` to assign items in the state dictionary to their corresponding key in the module instead of copying them in place?)
  warnings.warn(
/opt/conda/envs/diffsensei/lib/python3.11/site-packages/torch/nn/modules/module.py:2400: UserWarning: for layer1.0.downsample.0.weight: copying from a non-meta parameter in the checkpoint to a meta parameter in the current model, which is a no-op. (Did you mean to pass `assign=True` to assign items in the state dictionary to their corresponding key in the module instead of copying them in place?)
  warnings.warn(
/opt/conda/envs/diffsensei/lib/python3.11/site-packages/torch/nn/modules/module.py:2400: UserWarning: for layer1.0.downsample.1.weight: copying from a non-meta parameter in the checkpoint to a meta parameter in the current model, which is a no-op. (Did you mean to pass `assign=True` to assign items in the state dictionary to their corresponding key in the module instead of copying them in place?)
  warnings.warn(
/opt/conda/envs/diffsensei/lib/python3.11/site-packages/torch/nn/modules/module.py:2400: UserWarning: for layer1.0.downsample.1.bias: copying from a non-meta parameter in the checkpoint to a meta parameter in the current model, which is a no-op. (Did you mean to pass `assign=True` to assign items in the state dictionary to their corresponding key in the module instead of copying them in place?)
  warnings.warn(
/opt/conda/envs/diffsensei/lib/python3.11/site-packages/torch/nn/modules/module.py:2400: UserWarning: for layer1.1.conv1.weight: copying from a non-meta parameter in the checkpoint to a meta parameter in the current model, which is a no-op. (Did you mean to pass `assign=True` to assign items in the state dictionary to their corresponding key in the module instead of copying them in place?)
  warnings.warn(
/opt/conda/envs/diffsensei/lib/python3.11/site-packages/torch/nn/modules/module.py:2400: UserWarning: for layer1.1.bn1.weight: copying from a non-meta parameter in the checkpoint to a meta parameter in the current model, which is a no-op. (Did you mean to pass `assign=True` to assign items in the state dictionary to their corresponding key in the module instead of copying them in place?)
  warnings.warn(
/opt/conda/envs/diffsensei/lib/python3.11/site-packages/torch/nn/modules/module.py:2400: UserWarning: for layer1.1.bn1.bias: copying from a non-meta parameter in the checkpoint to a meta parameter in the current model, which is a no-op. (Did you mean to pass `assign=True` to assign items in the state dictionary to their corresponding key in the module instead of copying them in place?)
  warnings.warn(
/opt/conda/envs/diffsensei/lib/python3.11/site-packages/torch/nn/modules/module.py:2400: UserWarning: for layer1.1.conv2.weight: copying from a non-meta parameter in the checkpoint to a meta parameter in the current model, which is a no-op. (Did you mean to pass `assign=True` to assign items in the state dictionary to their corresponding key in the module instead of copying them in place?)
  warnings.warn(
/opt/conda/envs/diffsensei/lib/python3.11/site-packages/torch/nn/modules/module.py:2400: UserWarning: for layer1.1.bn2.weight: copying from a non-meta parameter in the checkpoint to a meta parameter in the current model, which is a no-op. (Did you mean to pass `assign=True` to assign items in the state dictionary to their corresponding key in the module instead of copying them in place?)
  warnings.warn(
/opt/conda/envs/diffsensei/lib/python3.11/site-packages/torch/nn/modules/module.py:2400: UserWarning: for layer1.1.bn2.bias: copying from a non-meta parameter in the checkpoint to a meta parameter in the current model, which is a no-op. (Did you mean to pass `assign=True` to assign items in the state dictionary to their corresponding key in the module instead of copying them in place?)
  warnings.warn(
/opt/conda/envs/diffsensei/lib/python3.11/site-packages/torch/nn/modules/module.py:2400: UserWarning: for layer1.1.conv3.weight: copying from a non-meta parameter in the checkpoint to a meta parameter in the current model, which is a no-op. (Did you mean to pass `assign=True` to assign items in the state dictionary to their corresponding key in the module instead of copying them in place?)
  warnings.warn(
/opt/conda/envs/diffsensei/lib/python3.11/site-packages/torch/nn/modules/module.py:2400: UserWarning: for layer1.1.bn3.weight: copying from a non-meta parameter in the checkpoint to a meta parameter in the current model, which is a no-op. (Did you mean to pass `assign=True` to assign items in the state dictionary to their corresponding key in the module instead of copying them in place?)
  warnings.warn(
/opt/conda/envs/diffsensei/lib/python3.11/site-packages/torch/nn/modules/module.py:2400: UserWarning: for layer1.1.bn3.bias: copying from a non-meta parameter in the checkpoint to a meta parameter in the current model, which is a no-op. (Did you mean to pass `assign=True` to assign items in the state dictionary to their corresponding key in the module instead of copying them in place?)
  warnings.warn(
/opt/conda/envs/diffsensei/lib/python3.11/site-packages/torch/nn/modules/module.py:2400: UserWarning: for layer1.2.conv1.weight: copying from a non-meta parameter in the checkpoint to a meta parameter in the current model, which is a no-op. (Did you mean to pass `assign=True` to assign items in the state dictionary to their corresponding key in the module instead of copying them in place?)
  warnings.warn(
/opt/conda/envs/diffsensei/lib/python3.11/site-packages/torch/nn/modules/module.py:2400: UserWarning: for layer1.2.bn1.weight: copying from a non-meta parameter in the checkpoint to a meta parameter in the current model, which is a no-op. (Did you mean to pass `assign=True` to assign items in the state dictionary to their corresponding key in the module instead of copying them in place?)
  warnings.warn(
/opt/conda/envs/diffsensei/lib/python3.11/site-packages/torch/nn/modules/module.py:2400: UserWarning: for layer1.2.bn1.bias: copying from a non-meta parameter in the checkpoint to a meta parameter in the current model, which is a no-op. (Did you mean to pass `assign=True` to assign items in the state dictionary to their corresponding key in the module instead of copying them in place?)
  warnings.warn(
/opt/conda/envs/diffsensei/lib/python3.11/site-packages/torch/nn/modules/module.py:2400: UserWarning: for layer1.2.conv2.weight: copying from a non-meta parameter in the checkpoint to a meta parameter in the current model, which is a no-op. (Did you mean to pass `assign=True` to assign items in the state dictionary to their corresponding key in the module instead of copying them in place?)
  warnings.warn(
/opt/conda/envs/diffsensei/lib/python3.11/site-packages/torch/nn/modules/module.py:2400: UserWarning: for layer1.2.bn2.weight: copying from a non-meta parameter in the checkpoint to a meta parameter in the current model, which is a no-op. (Did you mean to pass `assign=True` to assign items in the state dictionary to their corresponding key in the module instead of copying them in place?)
  warnings.warn(
/opt/conda/envs/diffsensei/lib/python3.11/site-packages/torch/nn/modules/module.py:2400: UserWarning: for layer1.2.bn2.bias: copying from a non-meta parameter in the checkpoint to a meta parameter in the current model, which is a no-op. (Did you mean to pass `assign=True` to assign items in the state dictionary to their corresponding key in the module instead of copying them in place?)
  warnings.warn(
/opt/conda/envs/diffsensei/lib/python3.11/site-packages/torch/nn/modules/module.py:2400: UserWarning: for layer1.2.conv3.weight: copying from a non-meta parameter in the checkpoint to a meta parameter in the current model, which is a no-op. (Did you mean to pass `assign=True` to assign items in the state dictionary to their corresponding key in the module instead of copying them in place?)
  warnings.warn(
/opt/conda/envs/diffsensei/lib/python3.11/site-packages/torch/nn/modules/module.py:2400: UserWarning: for layer1.2.bn3.weight: copying from a non-meta parameter in the checkpoint to a meta parameter in the current model, which is a no-op. (Did you mean to pass `assign=True` to assign items in the state dictionary to their corresponding key in the module instead of copying them in place?)
  warnings.warn(
/opt/conda/envs/diffsensei/lib/python3.11/site-packages/torch/nn/modules/module.py:2400: UserWarning: for layer1.2.bn3.bias: copying from a non-meta parameter in the checkpoint to a meta parameter in the current model, which is a no-op. (Did you mean to pass `assign=True` to assign items in the state dictionary to their corresponding key in the module instead of copying them in place?)
  warnings.warn(
/opt/conda/envs/diffsensei/lib/python3.11/site-packages/torch/nn/modules/module.py:2400: UserWarning: for layer2.0.conv1.weight: copying from a non-meta parameter in the checkpoint to a meta parameter in the current model, which is a no-op. (Did you mean to pass `assign=True` to assign items in the state dictionary to their corresponding key in the module instead of copying them in place?)
  warnings.warn(
/opt/conda/envs/diffsensei/lib/python3.11/site-packages/torch/nn/modules/module.py:2400: UserWarning: for layer2.0.bn1.weight: copying from a non-meta parameter in the checkpoint to a meta parameter in the current model, which is a no-op. (Did you mean to pass `assign=True` to assign items in the state dictionary to their corresponding key in the module instead of copying them in place?)
  warnings.warn(
/opt/conda/envs/diffsensei/lib/python3.11/site-packages/torch/nn/modules/module.py:2400: UserWarning: for layer2.0.bn1.bias: copying from a non-meta parameter in the checkpoint to a meta parameter in the current model, which is a no-op. (Did you mean to pass `assign=True` to assign items in the state dictionary to their corresponding key in the module instead of copying them in place?)
  warnings.warn(
/opt/conda/envs/diffsensei/lib/python3.11/site-packages/torch/nn/modules/module.py:2400: UserWarning: for layer2.0.conv2.weight: copying from a non-meta parameter in the checkpoint to a meta parameter in the current model, which is a no-op. (Did you mean to pass `assign=True` to assign items in the state dictionary to their corresponding key in the module instead of copying them in place?)
  warnings.warn(
/opt/conda/envs/diffsensei/lib/python3.11/site-packages/torch/nn/modules/module.py:2400: UserWarning: for layer2.0.bn2.weight: copying from a non-meta parameter in the checkpoint to a meta parameter in the current model, which is a no-op. (Did you mean to pass `assign=True` to assign items in the state dictionary to their corresponding key in the module instead of copying them in place?)
  warnings.warn(
/opt/conda/envs/diffsensei/lib/python3.11/site-packages/torch/nn/modules/module.py:2400: UserWarning: for layer2.0.bn2.bias: copying from a non-meta parameter in the checkpoint to a meta parameter in the current model, which is a no-op. (Did you mean to pass `assign=True` to assign items in the state dictionary to their corresponding key in the module instead of copying them in place?)
  warnings.warn(
/opt/conda/envs/diffsensei/lib/python3.11/site-packages/torch/nn/modules/module.py:2400: UserWarning: for layer2.0.conv3.weight: copying from a non-meta parameter in the checkpoint to a meta parameter in the current model, which is a no-op. (Did you mean to pass `assign=True` to assign items in the state dictionary to their corresponding key in the module instead of copying them in place?)
  warnings.warn(
/opt/conda/envs/diffsensei/lib/python3.11/site-packages/torch/nn/modules/module.py:2400: UserWarning: for layer2.0.bn3.weight: copying from a non-meta parameter in the checkpoint to a meta parameter in the current model, which is a no-op. (Did you mean to pass `assign=True` to assign items in the state dictionary to their corresponding key in the module instead of copying them in place?)
  warnings.warn(
/opt/conda/envs/diffsensei/lib/python3.11/site-packages/torch/nn/modules/module.py:2400: UserWarning: for layer2.0.bn3.bias: copying from a non-meta parameter in the checkpoint to a meta parameter in the current model, which is a no-op. (Did you mean to pass `assign=True` to assign items in the state dictionary to their corresponding key in the module instead of copying them in place?)
  warnings.warn(
/opt/conda/envs/diffsensei/lib/python3.11/site-packages/torch/nn/modules/module.py:2400: UserWarning: for layer2.0.downsample.0.weight: copying from a non-meta parameter in the checkpoint to a meta parameter in the current model, which is a no-op. (Did you mean to pass `assign=True` to assign items in the state dictionary to their corresponding key in the module instead of copying them in place?)
  warnings.warn(
/opt/conda/envs/diffsensei/lib/python3.11/site-packages/torch/nn/modules/module.py:2400: UserWarning: for layer2.0.downsample.1.weight: copying from a non-meta parameter in the checkpoint to a meta parameter in the current model, which is a no-op. (Did you mean to pass `assign=True` to assign items in the state dictionary to their corresponding key in the module instead of copying them in place?)
  warnings.warn(
/opt/conda/envs/diffsensei/lib/python3.11/site-packages/torch/nn/modules/module.py:2400: UserWarning: for layer2.0.downsample.1.bias: copying from a non-meta parameter in the checkpoint to a meta parameter in the current model, which is a no-op. (Did you mean to pass `assign=True` to assign items in the state dictionary to their corresponding key in the module instead of copying them in place?)
  warnings.warn(
/opt/conda/envs/diffsensei/lib/python3.11/site-packages/torch/nn/modules/module.py:2400: UserWarning: for layer2.1.conv1.weight: copying from a non-meta parameter in the checkpoint to a meta parameter in the current model, which is a no-op. (Did you mean to pass `assign=True` to assign items in the state dictionary to their corresponding key in the module instead of copying them in place?)
  warnings.warn(
/opt/conda/envs/diffsensei/lib/python3.11/site-packages/torch/nn/modules/module.py:2400: UserWarning: for layer2.1.bn1.weight: copying from a non-meta parameter in the checkpoint to a meta parameter in the current model, which is a no-op. (Did you mean to pass `assign=True` to assign items in the state dictionary to their corresponding key in the module instead of copying them in place?)
  warnings.warn(
/opt/conda/envs/diffsensei/lib/python3.11/site-packages/torch/nn/modules/module.py:2400: UserWarning: for layer2.1.bn1.bias: copying from a non-meta parameter in the checkpoint to a meta parameter in the current model, which is a no-op. (Did you mean to pass `assign=True` to assign items in the state dictionary to their corresponding key in the module instead of copying them in place?)
  warnings.warn(
/opt/conda/envs/diffsensei/lib/python3.11/site-packages/torch/nn/modules/module.py:2400: UserWarning: for layer2.1.conv2.weight: copying from a non-meta parameter in the checkpoint to a meta parameter in the current model, which is a no-op. (Did you mean to pass `assign=True` to assign items in the state dictionary to their corresponding key in the module instead of copying them in place?)
  warnings.warn(
/opt/conda/envs/diffsensei/lib/python3.11/site-packages/torch/nn/modules/module.py:2400: UserWarning: for layer2.1.bn2.weight: copying from a non-meta parameter in the checkpoint to a meta parameter in the current model, which is a no-op. (Did you mean to pass `assign=True` to assign items in the state dictionary to their corresponding key in the module instead of copying them in place?)
  warnings.warn(
/opt/conda/envs/diffsensei/lib/python3.11/site-packages/torch/nn/modules/module.py:2400: UserWarning: for layer2.1.bn2.bias: copying from a non-meta parameter in the checkpoint to a meta parameter in the current model, which is a no-op. (Did you mean to pass `assign=True` to assign items in the state dictionary to their corresponding key in the module instead of copying them in place?)
  warnings.warn(
/opt/conda/envs/diffsensei/lib/python3.11/site-packages/torch/nn/modules/module.py:2400: UserWarning: for layer2.1.conv3.weight: copying from a non-meta parameter in the checkpoint to a meta parameter in the current model, which is a no-op. (Did you mean to pass `assign=True` to assign items in the state dictionary to their corresponding key in the module instead of copying them in place?)
  warnings.warn(
/opt/conda/envs/diffsensei/lib/python3.11/site-packages/torch/nn/modules/module.py:2400: UserWarning: for layer2.1.bn3.weight: copying from a non-meta parameter in the checkpoint to a meta parameter in the current model, which is a no-op. (Did you mean to pass `assign=True` to assign items in the state dictionary to their corresponding key in the module instead of copying them in place?)
  warnings.warn(
/opt/conda/envs/diffsensei/lib/python3.11/site-packages/torch/nn/modules/module.py:2400: UserWarning: for layer2.1.bn3.bias: copying from a non-meta parameter in the checkpoint to a meta parameter in the current model, which is a no-op. (Did you mean to pass `assign=True` to assign items in the state dictionary to their corresponding key in the module instead of copying them in place?)
  warnings.warn(
/opt/conda/envs/diffsensei/lib/python3.11/site-packages/torch/nn/modules/module.py:2400: UserWarning: for layer2.2.conv1.weight: copying from a non-meta parameter in the checkpoint to a meta parameter in the current model, which is a no-op. (Did you mean to pass `assign=True` to assign items in the state dictionary to their corresponding key in the module instead of copying them in place?)
  warnings.warn(
/opt/conda/envs/diffsensei/lib/python3.11/site-packages/torch/nn/modules/module.py:2400: UserWarning: for layer2.2.bn1.weight: copying from a non-meta parameter in the checkpoint to a meta parameter in the current model, which is a no-op. (Did you mean to pass `assign=True` to assign items in the state dictionary to their corresponding key in the module instead of copying them in place?)
  warnings.warn(
/opt/conda/envs/diffsensei/lib/python3.11/site-packages/torch/nn/modules/module.py:2400: UserWarning: for layer2.2.bn1.bias: copying from a non-meta parameter in the checkpoint to a meta parameter in the current model, which is a no-op. (Did you mean to pass `assign=True` to assign items in the state dictionary to their corresponding key in the module instead of copying them in place?)
  warnings.warn(
/opt/conda/envs/diffsensei/lib/python3.11/site-packages/torch/nn/modules/module.py:2400: UserWarning: for layer2.2.conv2.weight: copying from a non-meta parameter in the checkpoint to a meta parameter in the current model, which is a no-op. (Did you mean to pass `assign=True` to assign items in the state dictionary to their corresponding key in the module instead of copying them in place?)
  warnings.warn(
/opt/conda/envs/diffsensei/lib/python3.11/site-packages/torch/nn/modules/module.py:2400: UserWarning: for layer2.2.bn2.weight: copying from a non-meta parameter in the checkpoint to a meta parameter in the current model, which is a no-op. (Did you mean to pass `assign=True` to assign items in the state dictionary to their corresponding key in the module instead of copying them in place?)
  warnings.warn(
/opt/conda/envs/diffsensei/lib/python3.11/site-packages/torch/nn/modules/module.py:2400: UserWarning: for layer2.2.bn2.bias: copying from a non-meta parameter in the checkpoint to a meta parameter in the current model, which is a no-op. (Did you mean to pass `assign=True` to assign items in the state dictionary to their corresponding key in the module instead of copying them in place?)
  warnings.warn(
/opt/conda/envs/diffsensei/lib/python3.11/site-packages/torch/nn/modules/module.py:2400: UserWarning: for layer2.2.conv3.weight: copying from a non-meta parameter in the checkpoint to a meta parameter in the current model, which is a no-op. (Did you mean to pass `assign=True` to assign items in the state dictionary to their corresponding key in the module instead of copying them in place?)
  warnings.warn(
/opt/conda/envs/diffsensei/lib/python3.11/site-packages/torch/nn/modules/module.py:2400: UserWarning: for layer2.2.bn3.weight: copying from a non-meta parameter in the checkpoint to a meta parameter in the current model, which is a no-op. (Did you mean to pass `assign=True` to assign items in the state dictionary to their corresponding key in the module instead of copying them in place?)
  warnings.warn(
/opt/conda/envs/diffsensei/lib/python3.11/site-packages/torch/nn/modules/module.py:2400: UserWarning: for layer2.2.bn3.bias: copying from a non-meta parameter in the checkpoint to a meta parameter in the current model, which is a no-op. (Did you mean to pass `assign=True` to assign items in the state dictionary to their corresponding key in the module instead of copying them in place?)
  warnings.warn(
/opt/conda/envs/diffsensei/lib/python3.11/site-packages/torch/nn/modules/module.py:2400: UserWarning: for layer2.3.conv1.weight: copying from a non-meta parameter in the checkpoint to a meta parameter in the current model, which is a no-op. (Did you mean to pass `assign=True` to assign items in the state dictionary to their corresponding key in the module instead of copying them in place?)
  warnings.warn(
/opt/conda/envs/diffsensei/lib/python3.11/site-packages/torch/nn/modules/module.py:2400: UserWarning: for layer2.3.bn1.weight: copying from a non-meta parameter in the checkpoint to a meta parameter in the current model, which is a no-op. (Did you mean to pass `assign=True` to assign items in the state dictionary to their corresponding key in the module instead of copying them in place?)
  warnings.warn(
/opt/conda/envs/diffsensei/lib/python3.11/site-packages/torch/nn/modules/module.py:2400: UserWarning: for layer2.3.bn1.bias: copying from a non-meta parameter in the checkpoint to a meta parameter in the current model, which is a no-op. (Did you mean to pass `assign=True` to assign items in the state dictionary to their corresponding key in the module instead of copying them in place?)
  warnings.warn(
/opt/conda/envs/diffsensei/lib/python3.11/site-packages/torch/nn/modules/module.py:2400: UserWarning: for layer2.3.conv2.weight: copying from a non-meta parameter in the checkpoint to a meta parameter in the current model, which is a no-op. (Did you mean to pass `assign=True` to assign items in the state dictionary to their corresponding key in the module instead of copying them in place?)
  warnings.warn(
/opt/conda/envs/diffsensei/lib/python3.11/site-packages/torch/nn/modules/module.py:2400: UserWarning: for layer2.3.bn2.weight: copying from a non-meta parameter in the checkpoint to a meta parameter in the current model, which is a no-op. (Did you mean to pass `assign=True` to assign items in the state dictionary to their corresponding key in the module instead of copying them in place?)
  warnings.warn(
/opt/conda/envs/diffsensei/lib/python3.11/site-packages/torch/nn/modules/module.py:2400: UserWarning: for layer2.3.bn2.bias: copying from a non-meta parameter in the checkpoint to a meta parameter in the current model, which is a no-op. (Did you mean to pass `assign=True` to assign items in the state dictionary to their corresponding key in the module instead of copying them in place?)
  warnings.warn(
/opt/conda/envs/diffsensei/lib/python3.11/site-packages/torch/nn/modules/module.py:2400: UserWarning: for layer2.3.conv3.weight: copying from a non-meta parameter in the checkpoint to a meta parameter in the current model, which is a no-op. (Did you mean to pass `assign=True` to assign items in the state dictionary to their corresponding key in the module instead of copying them in place?)
  warnings.warn(
/opt/conda/envs/diffsensei/lib/python3.11/site-packages/torch/nn/modules/module.py:2400: UserWarning: for layer2.3.bn3.weight: copying from a non-meta parameter in the checkpoint to a meta parameter in the current model, which is a no-op. (Did you mean to pass `assign=True` to assign items in the state dictionary to their corresponding key in the module instead of copying them in place?)
  warnings.warn(
/opt/conda/envs/diffsensei/lib/python3.11/site-packages/torch/nn/modules/module.py:2400: UserWarning: for layer2.3.bn3.bias: copying from a non-meta parameter in the checkpoint to a meta parameter in the current model, which is a no-op. (Did you mean to pass `assign=True` to assign items in the state dictionary to their corresponding key in the module instead of copying them in place?)
  warnings.warn(
/opt/conda/envs/diffsensei/lib/python3.11/site-packages/torch/nn/modules/module.py:2400: UserWarning: for layer3.0.conv1.weight: copying from a non-meta parameter in the checkpoint to a meta parameter in the current model, which is a no-op. (Did you mean to pass `assign=True` to assign items in the state dictionary to their corresponding key in the module instead of copying them in place?)
  warnings.warn(
/opt/conda/envs/diffsensei/lib/python3.11/site-packages/torch/nn/modules/module.py:2400: UserWarning: for layer3.0.bn1.weight: copying from a non-meta parameter in the checkpoint to a meta parameter in the current model, which is a no-op. (Did you mean to pass `assign=True` to assign items in the state dictionary to their corresponding key in the module instead of copying them in place?)
  warnings.warn(
/opt/conda/envs/diffsensei/lib/python3.11/site-packages/torch/nn/modules/module.py:2400: UserWarning: for layer3.0.bn1.bias: copying from a non-meta parameter in the checkpoint to a meta parameter in the current model, which is a no-op. (Did you mean to pass `assign=True` to assign items in the state dictionary to their corresponding key in the module instead of copying them in place?)
  warnings.warn(
/opt/conda/envs/diffsensei/lib/python3.11/site-packages/torch/nn/modules/module.py:2400: UserWarning: for layer3.0.conv2.weight: copying from a non-meta parameter in the checkpoint to a meta parameter in the current model, which is a no-op. (Did you mean to pass `assign=True` to assign items in the state dictionary to their corresponding key in the module instead of copying them in place?)
  warnings.warn(
/opt/conda/envs/diffsensei/lib/python3.11/site-packages/torch/nn/modules/module.py:2400: UserWarning: for layer3.0.bn2.weight: copying from a non-meta parameter in the checkpoint to a meta parameter in the current model, which is a no-op. (Did you mean to pass `assign=True` to assign items in the state dictionary to their corresponding key in the module instead of copying them in place?)
  warnings.warn(
/opt/conda/envs/diffsensei/lib/python3.11/site-packages/torch/nn/modules/module.py:2400: UserWarning: for layer3.0.bn2.bias: copying from a non-meta parameter in the checkpoint to a meta parameter in the current model, which is a no-op. (Did you mean to pass `assign=True` to assign items in the state dictionary to their corresponding key in the module instead of copying them in place?)
  warnings.warn(
/opt/conda/envs/diffsensei/lib/python3.11/site-packages/torch/nn/modules/module.py:2400: UserWarning: for layer3.0.conv3.weight: copying from a non-meta parameter in the checkpoint to a meta parameter in the current model, which is a no-op. (Did you mean to pass `assign=True` to assign items in the state dictionary to their corresponding key in the module instead of copying them in place?)
  warnings.warn(
/opt/conda/envs/diffsensei/lib/python3.11/site-packages/torch/nn/modules/module.py:2400: UserWarning: for layer3.0.bn3.weight: copying from a non-meta parameter in the checkpoint to a meta parameter in the current model, which is a no-op. (Did you mean to pass `assign=True` to assign items in the state dictionary to their corresponding key in the module instead of copying them in place?)
  warnings.warn(
/opt/conda/envs/diffsensei/lib/python3.11/site-packages/torch/nn/modules/module.py:2400: UserWarning: for layer3.0.bn3.bias: copying from a non-meta parameter in the checkpoint to a meta parameter in the current model, which is a no-op. (Did you mean to pass `assign=True` to assign items in the state dictionary to their corresponding key in the module instead of copying them in place?)
  warnings.warn(
/opt/conda/envs/diffsensei/lib/python3.11/site-packages/torch/nn/modules/module.py:2400: UserWarning: for layer3.0.downsample.0.weight: copying from a non-meta parameter in the checkpoint to a meta parameter in the current model, which is a no-op. (Did you mean to pass `assign=True` to assign items in the state dictionary to their corresponding key in the module instead of copying them in place?)
  warnings.warn(
/opt/conda/envs/diffsensei/lib/python3.11/site-packages/torch/nn/modules/module.py:2400: UserWarning: for layer3.0.downsample.1.weight: copying from a non-meta parameter in the checkpoint to a meta parameter in the current model, which is a no-op. (Did you mean to pass `assign=True` to assign items in the state dictionary to their corresponding key in the module instead of copying them in place?)
  warnings.warn(
/opt/conda/envs/diffsensei/lib/python3.11/site-packages/torch/nn/modules/module.py:2400: UserWarning: for layer3.0.downsample.1.bias: copying from a non-meta parameter in the checkpoint to a meta parameter in the current model, which is a no-op. (Did you mean to pass `assign=True` to assign items in the state dictionary to their corresponding key in the module instead of copying them in place?)
  warnings.warn(
/opt/conda/envs/diffsensei/lib/python3.11/site-packages/torch/nn/modules/module.py:2400: UserWarning: for layer3.1.conv1.weight: copying from a non-meta parameter in the checkpoint to a meta parameter in the current model, which is a no-op. (Did you mean to pass `assign=True` to assign items in the state dictionary to their corresponding key in the module instead of copying them in place?)
  warnings.warn(
/opt/conda/envs/diffsensei/lib/python3.11/site-packages/torch/nn/modules/module.py:2400: UserWarning: for layer3.1.bn1.weight: copying from a non-meta parameter in the checkpoint to a meta parameter in the current model, which is a no-op. (Did you mean to pass `assign=True` to assign items in the state dictionary to their corresponding key in the module instead of copying them in place?)
  warnings.warn(
/opt/conda/envs/diffsensei/lib/python3.11/site-packages/torch/nn/modules/module.py:2400: UserWarning: for layer3.1.bn1.bias: copying from a non-meta parameter in the checkpoint to a meta parameter in the current model, which is a no-op. (Did you mean to pass `assign=True` to assign items in the state dictionary to their corresponding key in the module instead of copying them in place?)
  warnings.warn(
/opt/conda/envs/diffsensei/lib/python3.11/site-packages/torch/nn/modules/module.py:2400: UserWarning: for layer3.1.conv2.weight: copying from a non-meta parameter in the checkpoint to a meta parameter in the current model, which is a no-op. (Did you mean to pass `assign=True` to assign items in the state dictionary to their corresponding key in the module instead of copying them in place?)
  warnings.warn(
/opt/conda/envs/diffsensei/lib/python3.11/site-packages/torch/nn/modules/module.py:2400: UserWarning: for layer3.1.bn2.weight: copying from a non-meta parameter in the checkpoint to a meta parameter in the current model, which is a no-op. (Did you mean to pass `assign=True` to assign items in the state dictionary to their corresponding key in the module instead of copying them in place?)
  warnings.warn(
/opt/conda/envs/diffsensei/lib/python3.11/site-packages/torch/nn/modules/module.py:2400: UserWarning: for layer3.1.bn2.bias: copying from a non-meta parameter in the checkpoint to a meta parameter in the current model, which is a no-op. (Did you mean to pass `assign=True` to assign items in the state dictionary to their corresponding key in the module instead of copying them in place?)
  warnings.warn(
/opt/conda/envs/diffsensei/lib/python3.11/site-packages/torch/nn/modules/module.py:2400: UserWarning: for layer3.1.conv3.weight: copying from a non-meta parameter in the checkpoint to a meta parameter in the current model, which is a no-op. (Did you mean to pass `assign=True` to assign items in the state dictionary to their corresponding key in the module instead of copying them in place?)
  warnings.warn(
/opt/conda/envs/diffsensei/lib/python3.11/site-packages/torch/nn/modules/module.py:2400: UserWarning: for layer3.1.bn3.weight: copying from a non-meta parameter in the checkpoint to a meta parameter in the current model, which is a no-op. (Did you mean to pass `assign=True` to assign items in the state dictionary to their corresponding key in the module instead of copying them in place?)
  warnings.warn(
/opt/conda/envs/diffsensei/lib/python3.11/site-packages/torch/nn/modules/module.py:2400: UserWarning: for layer3.1.bn3.bias: copying from a non-meta parameter in the checkpoint to a meta parameter in the current model, which is a no-op. (Did you mean to pass `assign=True` to assign items in the state dictionary to their corresponding key in the module instead of copying them in place?)
  warnings.warn(
/opt/conda/envs/diffsensei/lib/python3.11/site-packages/torch/nn/modules/module.py:2400: UserWarning: for layer3.2.conv1.weight: copying from a non-meta parameter in the checkpoint to a meta parameter in the current model, which is a no-op. (Did you mean to pass `assign=True` to assign items in the state dictionary to their corresponding key in the module instead of copying them in place?)
  warnings.warn(
/opt/conda/envs/diffsensei/lib/python3.11/site-packages/torch/nn/modules/module.py:2400: UserWarning: for layer3.2.bn1.weight: copying from a non-meta parameter in the checkpoint to a meta parameter in the current model, which is a no-op. (Did you mean to pass `assign=True` to assign items in the state dictionary to their corresponding key in the module instead of copying them in place?)
  warnings.warn(
/opt/conda/envs/diffsensei/lib/python3.11/site-packages/torch/nn/modules/module.py:2400: UserWarning: for layer3.2.bn1.bias: copying from a non-meta parameter in the checkpoint to a meta parameter in the current model, which is a no-op. (Did you mean to pass `assign=True` to assign items in the state dictionary to their corresponding key in the module instead of copying them in place?)
  warnings.warn(
/opt/conda/envs/diffsensei/lib/python3.11/site-packages/torch/nn/modules/module.py:2400: UserWarning: for layer3.2.conv2.weight: copying from a non-meta parameter in the checkpoint to a meta parameter in the current model, which is a no-op. (Did you mean to pass `assign=True` to assign items in the state dictionary to their corresponding key in the module instead of copying them in place?)
  warnings.warn(
/opt/conda/envs/diffsensei/lib/python3.11/site-packages/torch/nn/modules/module.py:2400: UserWarning: for layer3.2.bn2.weight: copying from a non-meta parameter in the checkpoint to a meta parameter in the current model, which is a no-op. (Did you mean to pass `assign=True` to assign items in the state dictionary to their corresponding key in the module instead of copying them in place?)
  warnings.warn(
/opt/conda/envs/diffsensei/lib/python3.11/site-packages/torch/nn/modules/module.py:2400: UserWarning: for layer3.2.bn2.bias: copying from a non-meta parameter in the checkpoint to a meta parameter in the current model, which is a no-op. (Did you mean to pass `assign=True` to assign items in the state dictionary to their corresponding key in the module instead of copying them in place?)
  warnings.warn(
/opt/conda/envs/diffsensei/lib/python3.11/site-packages/torch/nn/modules/module.py:2400: UserWarning: for layer3.2.conv3.weight: copying from a non-meta parameter in the checkpoint to a meta parameter in the current model, which is a no-op. (Did you mean to pass `assign=True` to assign items in the state dictionary to their corresponding key in the module instead of copying them in place?)
  warnings.warn(
/opt/conda/envs/diffsensei/lib/python3.11/site-packages/torch/nn/modules/module.py:2400: UserWarning: for layer3.2.bn3.weight: copying from a non-meta parameter in the checkpoint to a meta parameter in the current model, which is a no-op. (Did you mean to pass `assign=True` to assign items in the state dictionary to their corresponding key in the module instead of copying them in place?)
  warnings.warn(
/opt/conda/envs/diffsensei/lib/python3.11/site-packages/torch/nn/modules/module.py:2400: UserWarning: for layer3.2.bn3.bias: copying from a non-meta parameter in the checkpoint to a meta parameter in the current model, which is a no-op. (Did you mean to pass `assign=True` to assign items in the state dictionary to their corresponding key in the module instead of copying them in place?)
  warnings.warn(
/opt/conda/envs/diffsensei/lib/python3.11/site-packages/torch/nn/modules/module.py:2400: UserWarning: for layer3.3.conv1.weight: copying from a non-meta parameter in the checkpoint to a meta parameter in the current model, which is a no-op. (Did you mean to pass `assign=True` to assign items in the state dictionary to their corresponding key in the module instead of copying them in place?)
  warnings.warn(
/opt/conda/envs/diffsensei/lib/python3.11/site-packages/torch/nn/modules/module.py:2400: UserWarning: for layer3.3.bn1.weight: copying from a non-meta parameter in the checkpoint to a meta parameter in the current model, which is a no-op. (Did you mean to pass `assign=True` to assign items in the state dictionary to their corresponding key in the module instead of copying them in place?)
  warnings.warn(
/opt/conda/envs/diffsensei/lib/python3.11/site-packages/torch/nn/modules/module.py:2400: UserWarning: for layer3.3.bn1.bias: copying from a non-meta parameter in the checkpoint to a meta parameter in the current model, which is a no-op. (Did you mean to pass `assign=True` to assign items in the state dictionary to their corresponding key in the module instead of copying them in place?)
  warnings.warn(
/opt/conda/envs/diffsensei/lib/python3.11/site-packages/torch/nn/modules/module.py:2400: UserWarning: for layer3.3.conv2.weight: copying from a non-meta parameter in the checkpoint to a meta parameter in the current model, which is a no-op. (Did you mean to pass `assign=True` to assign items in the state dictionary to their corresponding key in the module instead of copying them in place?)
  warnings.warn(
/opt/conda/envs/diffsensei/lib/python3.11/site-packages/torch/nn/modules/module.py:2400: UserWarning: for layer3.3.bn2.weight: copying from a non-meta parameter in the checkpoint to a meta parameter in the current model, which is a no-op. (Did you mean to pass `assign=True` to assign items in the state dictionary to their corresponding key in the module instead of copying them in place?)
  warnings.warn(
/opt/conda/envs/diffsensei/lib/python3.11/site-packages/torch/nn/modules/module.py:2400: UserWarning: for layer3.3.bn2.bias: copying from a non-meta parameter in the checkpoint to a meta parameter in the current model, which is a no-op. (Did you mean to pass `assign=True` to assign items in the state dictionary to their corresponding key in the module instead of copying them in place?)
  warnings.warn(
/opt/conda/envs/diffsensei/lib/python3.11/site-packages/torch/nn/modules/module.py:2400: UserWarning: for layer3.3.conv3.weight: copying from a non-meta parameter in the checkpoint to a meta parameter in the current model, which is a no-op. (Did you mean to pass `assign=True` to assign items in the state dictionary to their corresponding key in the module instead of copying them in place?)
  warnings.warn(
/opt/conda/envs/diffsensei/lib/python3.11/site-packages/torch/nn/modules/module.py:2400: UserWarning: for layer3.3.bn3.weight: copying from a non-meta parameter in the checkpoint to a meta parameter in the current model, which is a no-op. (Did you mean to pass `assign=True` to assign items in the state dictionary to their corresponding key in the module instead of copying them in place?)
  warnings.warn(
/opt/conda/envs/diffsensei/lib/python3.11/site-packages/torch/nn/modules/module.py:2400: UserWarning: for layer3.3.bn3.bias: copying from a non-meta parameter in the checkpoint to a meta parameter in the current model, which is a no-op. (Did you mean to pass `assign=True` to assign items in the state dictionary to their corresponding key in the module instead of copying them in place?)
  warnings.warn(
/opt/conda/envs/diffsensei/lib/python3.11/site-packages/torch/nn/modules/module.py:2400: UserWarning: for layer3.4.conv1.weight: copying from a non-meta parameter in the checkpoint to a meta parameter in the current model, which is a no-op. (Did you mean to pass `assign=True` to assign items in the state dictionary to their corresponding key in the module instead of copying them in place?)
  warnings.warn(
/opt/conda/envs/diffsensei/lib/python3.11/site-packages/torch/nn/modules/module.py:2400: UserWarning: for layer3.4.bn1.weight: copying from a non-meta parameter in the checkpoint to a meta parameter in the current model, which is a no-op. (Did you mean to pass `assign=True` to assign items in the state dictionary to their corresponding key in the module instead of copying them in place?)
  warnings.warn(
/opt/conda/envs/diffsensei/lib/python3.11/site-packages/torch/nn/modules/module.py:2400: UserWarning: for layer3.4.bn1.bias: copying from a non-meta parameter in the checkpoint to a meta parameter in the current model, which is a no-op. (Did you mean to pass `assign=True` to assign items in the state dictionary to their corresponding key in the module instead of copying them in place?)
  warnings.warn(
/opt/conda/envs/diffsensei/lib/python3.11/site-packages/torch/nn/modules/module.py:2400: UserWarning: for layer3.4.conv2.weight: copying from a non-meta parameter in the checkpoint to a meta parameter in the current model, which is a no-op. (Did you mean to pass `assign=True` to assign items in the state dictionary to their corresponding key in the module instead of copying them in place?)
  warnings.warn(
/opt/conda/envs/diffsensei/lib/python3.11/site-packages/torch/nn/modules/module.py:2400: UserWarning: for layer3.4.bn2.weight: copying from a non-meta parameter in the checkpoint to a meta parameter in the current model, which is a no-op. (Did you mean to pass `assign=True` to assign items in the state dictionary to their corresponding key in the module instead of copying them in place?)
  warnings.warn(
/opt/conda/envs/diffsensei/lib/python3.11/site-packages/torch/nn/modules/module.py:2400: UserWarning: for layer3.4.bn2.bias: copying from a non-meta parameter in the checkpoint to a meta parameter in the current model, which is a no-op. (Did you mean to pass `assign=True` to assign items in the state dictionary to their corresponding key in the module instead of copying them in place?)
  warnings.warn(
/opt/conda/envs/diffsensei/lib/python3.11/site-packages/torch/nn/modules/module.py:2400: UserWarning: for layer3.4.conv3.weight: copying from a non-meta parameter in the checkpoint to a meta parameter in the current model, which is a no-op. (Did you mean to pass `assign=True` to assign items in the state dictionary to their corresponding key in the module instead of copying them in place?)
  warnings.warn(
/opt/conda/envs/diffsensei/lib/python3.11/site-packages/torch/nn/modules/module.py:2400: UserWarning: for layer3.4.bn3.weight: copying from a non-meta parameter in the checkpoint to a meta parameter in the current model, which is a no-op. (Did you mean to pass `assign=True` to assign items in the state dictionary to their corresponding key in the module instead of copying them in place?)
  warnings.warn(
/opt/conda/envs/diffsensei/lib/python3.11/site-packages/torch/nn/modules/module.py:2400: UserWarning: for layer3.4.bn3.bias: copying from a non-meta parameter in the checkpoint to a meta parameter in the current model, which is a no-op. (Did you mean to pass `assign=True` to assign items in the state dictionary to their corresponding key in the module instead of copying them in place?)
  warnings.warn(
/opt/conda/envs/diffsensei/lib/python3.11/site-packages/torch/nn/modules/module.py:2400: UserWarning: for layer3.5.conv1.weight: copying from a non-meta parameter in the checkpoint to a meta parameter in the current model, which is a no-op. (Did you mean to pass `assign=True` to assign items in the state dictionary to their corresponding key in the module instead of copying them in place?)
  warnings.warn(
/opt/conda/envs/diffsensei/lib/python3.11/site-packages/torch/nn/modules/module.py:2400: UserWarning: for layer3.5.bn1.weight: copying from a non-meta parameter in the checkpoint to a meta parameter in the current model, which is a no-op. (Did you mean to pass `assign=True` to assign items in the state dictionary to their corresponding key in the module instead of copying them in place?)
  warnings.warn(
/opt/conda/envs/diffsensei/lib/python3.11/site-packages/torch/nn/modules/module.py:2400: UserWarning: for layer3.5.bn1.bias: copying from a non-meta parameter in the checkpoint to a meta parameter in the current model, which is a no-op. (Did you mean to pass `assign=True` to assign items in the state dictionary to their corresponding key in the module instead of copying them in place?)
  warnings.warn(
/opt/conda/envs/diffsensei/lib/python3.11/site-packages/torch/nn/modules/module.py:2400: UserWarning: for layer3.5.conv2.weight: copying from a non-meta parameter in the checkpoint to a meta parameter in the current model, which is a no-op. (Did you mean to pass `assign=True` to assign items in the state dictionary to their corresponding key in the module instead of copying them in place?)
  warnings.warn(
/opt/conda/envs/diffsensei/lib/python3.11/site-packages/torch/nn/modules/module.py:2400: UserWarning: for layer3.5.bn2.weight: copying from a non-meta parameter in the checkpoint to a meta parameter in the current model, which is a no-op. (Did you mean to pass `assign=True` to assign items in the state dictionary to their corresponding key in the module instead of copying them in place?)
  warnings.warn(
/opt/conda/envs/diffsensei/lib/python3.11/site-packages/torch/nn/modules/module.py:2400: UserWarning: for layer3.5.bn2.bias: copying from a non-meta parameter in the checkpoint to a meta parameter in the current model, which is a no-op. (Did you mean to pass `assign=True` to assign items in the state dictionary to their corresponding key in the module instead of copying them in place?)
  warnings.warn(
/opt/conda/envs/diffsensei/lib/python3.11/site-packages/torch/nn/modules/module.py:2400: UserWarning: for layer3.5.conv3.weight: copying from a non-meta parameter in the checkpoint to a meta parameter in the current model, which is a no-op. (Did you mean to pass `assign=True` to assign items in the state dictionary to their corresponding key in the module instead of copying them in place?)
  warnings.warn(
/opt/conda/envs/diffsensei/lib/python3.11/site-packages/torch/nn/modules/module.py:2400: UserWarning: for layer3.5.bn3.weight: copying from a non-meta parameter in the checkpoint to a meta parameter in the current model, which is a no-op. (Did you mean to pass `assign=True` to assign items in the state dictionary to their corresponding key in the module instead of copying them in place?)
  warnings.warn(
/opt/conda/envs/diffsensei/lib/python3.11/site-packages/torch/nn/modules/module.py:2400: UserWarning: for layer3.5.bn3.bias: copying from a non-meta parameter in the checkpoint to a meta parameter in the current model, which is a no-op. (Did you mean to pass `assign=True` to assign items in the state dictionary to their corresponding key in the module instead of copying them in place?)
  warnings.warn(
/opt/conda/envs/diffsensei/lib/python3.11/site-packages/torch/nn/modules/module.py:2400: UserWarning: for layer4.0.conv1.weight: copying from a non-meta parameter in the checkpoint to a meta parameter in the current model, which is a no-op. (Did you mean to pass `assign=True` to assign items in the state dictionary to their corresponding key in the module instead of copying them in place?)
  warnings.warn(
/opt/conda/envs/diffsensei/lib/python3.11/site-packages/torch/nn/modules/module.py:2400: UserWarning: for layer4.0.bn1.weight: copying from a non-meta parameter in the checkpoint to a meta parameter in the current model, which is a no-op. (Did you mean to pass `assign=True` to assign items in the state dictionary to their corresponding key in the module instead of copying them in place?)
  warnings.warn(
/opt/conda/envs/diffsensei/lib/python3.11/site-packages/torch/nn/modules/module.py:2400: UserWarning: for layer4.0.bn1.bias: copying from a non-meta parameter in the checkpoint to a meta parameter in the current model, which is a no-op. (Did you mean to pass `assign=True` to assign items in the state dictionary to their corresponding key in the module instead of copying them in place?)
  warnings.warn(
/opt/conda/envs/diffsensei/lib/python3.11/site-packages/torch/nn/modules/module.py:2400: UserWarning: for layer4.0.conv2.weight: copying from a non-meta parameter in the checkpoint to a meta parameter in the current model, which is a no-op. (Did you mean to pass `assign=True` to assign items in the state dictionary to their corresponding key in the module instead of copying them in place?)
  warnings.warn(
/opt/conda/envs/diffsensei/lib/python3.11/site-packages/torch/nn/modules/module.py:2400: UserWarning: for layer4.0.bn2.weight: copying from a non-meta parameter in the checkpoint to a meta parameter in the current model, which is a no-op. (Did you mean to pass `assign=True` to assign items in the state dictionary to their corresponding key in the module instead of copying them in place?)
  warnings.warn(
/opt/conda/envs/diffsensei/lib/python3.11/site-packages/torch/nn/modules/module.py:2400: UserWarning: for layer4.0.bn2.bias: copying from a non-meta parameter in the checkpoint to a meta parameter in the current model, which is a no-op. (Did you mean to pass `assign=True` to assign items in the state dictionary to their corresponding key in the module instead of copying them in place?)
  warnings.warn(
/opt/conda/envs/diffsensei/lib/python3.11/site-packages/torch/nn/modules/module.py:2400: UserWarning: for layer4.0.conv3.weight: copying from a non-meta parameter in the checkpoint to a meta parameter in the current model, which is a no-op. (Did you mean to pass `assign=True` to assign items in the state dictionary to their corresponding key in the module instead of copying them in place?)
  warnings.warn(
/opt/conda/envs/diffsensei/lib/python3.11/site-packages/torch/nn/modules/module.py:2400: UserWarning: for layer4.0.bn3.weight: copying from a non-meta parameter in the checkpoint to a meta parameter in the current model, which is a no-op. (Did you mean to pass `assign=True` to assign items in the state dictionary to their corresponding key in the module instead of copying them in place?)
  warnings.warn(
/opt/conda/envs/diffsensei/lib/python3.11/site-packages/torch/nn/modules/module.py:2400: UserWarning: for layer4.0.bn3.bias: copying from a non-meta parameter in the checkpoint to a meta parameter in the current model, which is a no-op. (Did you mean to pass `assign=True` to assign items in the state dictionary to their corresponding key in the module instead of copying them in place?)
  warnings.warn(
/opt/conda/envs/diffsensei/lib/python3.11/site-packages/torch/nn/modules/module.py:2400: UserWarning: for layer4.0.downsample.0.weight: copying from a non-meta parameter in the checkpoint to a meta parameter in the current model, which is a no-op. (Did you mean to pass `assign=True` to assign items in the state dictionary to their corresponding key in the module instead of copying them in place?)
  warnings.warn(
/opt/conda/envs/diffsensei/lib/python3.11/site-packages/torch/nn/modules/module.py:2400: UserWarning: for layer4.0.downsample.1.weight: copying from a non-meta parameter in the checkpoint to a meta parameter in the current model, which is a no-op. (Did you mean to pass `assign=True` to assign items in the state dictionary to their corresponding key in the module instead of copying them in place?)
  warnings.warn(
/opt/conda/envs/diffsensei/lib/python3.11/site-packages/torch/nn/modules/module.py:2400: UserWarning: for layer4.0.downsample.1.bias: copying from a non-meta parameter in the checkpoint to a meta parameter in the current model, which is a no-op. (Did you mean to pass `assign=True` to assign items in the state dictionary to their corresponding key in the module instead of copying them in place?)
  warnings.warn(
/opt/conda/envs/diffsensei/lib/python3.11/site-packages/torch/nn/modules/module.py:2400: UserWarning: for layer4.1.conv1.weight: copying from a non-meta parameter in the checkpoint to a meta parameter in the current model, which is a no-op. (Did you mean to pass `assign=True` to assign items in the state dictionary to their corresponding key in the module instead of copying them in place?)
  warnings.warn(
/data/DiffSensei-main/layout-generator/src/utils.py:22: FutureWarning: You are using `torch.load` with `weights_only=False` (the current default value), which uses the default pickle module implicitly. It is possible to construct malicious pickle data which will execute arbitrary code during unpickling (See https://github.com/pytorch/pytorch/blob/main/SECURITY.md#untrusted-models for more details). In a future release, the default value for `weights_only` will be flipped to `True`. This limits the functions that could be executed during unpickling. Arbitrary objects will no longer be allowed to be loaded via this mode unless they are explicitly allowlisted by the user via `torch.serialization.add_safe_globals`. We recommend you start setting `weights_only=True` for any use case where you don't have full control of the loaded file. Please open an issue on GitHub for any issues related to this experimental feature.
  checkpoint = torch.load(ckpt_path, map_location='cpu')
/opt/conda/envs/diffsensei/lib/python3.11/site-packages/torch/nn/modules/module.py:2400: UserWarning: for layer4.1.bn1.weight: copying from a non-meta parameter in the checkpoint to a meta parameter in the current model, which is a no-op. (Did you mean to pass `assign=True` to assign items in the state dictionary to their corresponding key in the module instead of copying them in place?)
  warnings.warn(
/opt/conda/envs/diffsensei/lib/python3.11/site-packages/torch/nn/modules/module.py:2400: UserWarning: for layer4.1.bn1.bias: copying from a non-meta parameter in the checkpoint to a meta parameter in the current model, which is a no-op. (Did you mean to pass `assign=True` to assign items in the state dictionary to their corresponding key in the module instead of copying them in place?)
  warnings.warn(
/opt/conda/envs/diffsensei/lib/python3.11/site-packages/torch/nn/modules/module.py:2400: UserWarning: for layer4.1.conv2.weight: copying from a non-meta parameter in the checkpoint to a meta parameter in the current model, which is a no-op. (Did you mean to pass `assign=True` to assign items in the state dictionary to their corresponding key in the module instead of copying them in place?)
  warnings.warn(
/opt/conda/envs/diffsensei/lib/python3.11/site-packages/torch/nn/modules/module.py:2400: UserWarning: for layer4.1.bn2.weight: copying from a non-meta parameter in the checkpoint to a meta parameter in the current model, which is a no-op. (Did you mean to pass `assign=True` to assign items in the state dictionary to their corresponding key in the module instead of copying them in place?)
  warnings.warn(
/opt/conda/envs/diffsensei/lib/python3.11/site-packages/torch/nn/modules/module.py:2400: UserWarning: for layer4.1.bn2.bias: copying from a non-meta parameter in the checkpoint to a meta parameter in the current model, which is a no-op. (Did you mean to pass `assign=True` to assign items in the state dictionary to their corresponding key in the module instead of copying them in place?)
  warnings.warn(
/opt/conda/envs/diffsensei/lib/python3.11/site-packages/torch/nn/modules/module.py:2400: UserWarning: for layer4.1.conv3.weight: copying from a non-meta parameter in the checkpoint to a meta parameter in the current model, which is a no-op. (Did you mean to pass `assign=True` to assign items in the state dictionary to their corresponding key in the module instead of copying them in place?)
  warnings.warn(
/opt/conda/envs/diffsensei/lib/python3.11/site-packages/torch/nn/modules/module.py:2400: UserWarning: for layer4.1.bn3.weight: copying from a non-meta parameter in the checkpoint to a meta parameter in the current model, which is a no-op. (Did you mean to pass `assign=True` to assign items in the state dictionary to their corresponding key in the module instead of copying them in place?)
  warnings.warn(
/opt/conda/envs/diffsensei/lib/python3.11/site-packages/torch/nn/modules/module.py:2400: UserWarning: for layer4.1.bn3.bias: copying from a non-meta parameter in the checkpoint to a meta parameter in the current model, which is a no-op. (Did you mean to pass `assign=True` to assign items in the state dictionary to their corresponding key in the module instead of copying them in place?)
  warnings.warn(
/opt/conda/envs/diffsensei/lib/python3.11/site-packages/torch/nn/modules/module.py:2400: UserWarning: for layer4.2.conv1.weight: copying from a non-meta parameter in the checkpoint to a meta parameter in the current model, which is a no-op. (Did you mean to pass `assign=True` to assign items in the state dictionary to their corresponding key in the module instead of copying them in place?)
  warnings.warn(
/opt/conda/envs/diffsensei/lib/python3.11/site-packages/torch/nn/modules/module.py:2400: UserWarning: for layer4.2.bn1.weight: copying from a non-meta parameter in the checkpoint to a meta parameter in the current model, which is a no-op. (Did you mean to pass `assign=True` to assign items in the state dictionary to their corresponding key in the module instead of copying them in place?)
  warnings.warn(
/opt/conda/envs/diffsensei/lib/python3.11/site-packages/torch/nn/modules/module.py:2400: UserWarning: for layer4.2.bn1.bias: copying from a non-meta parameter in the checkpoint to a meta parameter in the current model, which is a no-op. (Did you mean to pass `assign=True` to assign items in the state dictionary to their corresponding key in the module instead of copying them in place?)
  warnings.warn(
/opt/conda/envs/diffsensei/lib/python3.11/site-packages/torch/nn/modules/module.py:2400: UserWarning: for layer4.2.conv2.weight: copying from a non-meta parameter in the checkpoint to a meta parameter in the current model, which is a no-op. (Did you mean to pass `assign=True` to assign items in the state dictionary to their corresponding key in the module instead of copying them in place?)
  warnings.warn(
/opt/conda/envs/diffsensei/lib/python3.11/site-packages/torch/nn/modules/module.py:2400: UserWarning: for layer4.2.bn2.weight: copying from a non-meta parameter in the checkpoint to a meta parameter in the current model, which is a no-op. (Did you mean to pass `assign=True` to assign items in the state dictionary to their corresponding key in the module instead of copying them in place?)
  warnings.warn(
/opt/conda/envs/diffsensei/lib/python3.11/site-packages/torch/nn/modules/module.py:2400: UserWarning: for layer4.2.bn2.bias: copying from a non-meta parameter in the checkpoint to a meta parameter in the current model, which is a no-op. (Did you mean to pass `assign=True` to assign items in the state dictionary to their corresponding key in the module instead of copying them in place?)
  warnings.warn(
/opt/conda/envs/diffsensei/lib/python3.11/site-packages/torch/nn/modules/module.py:2400: UserWarning: for layer4.2.conv3.weight: copying from a non-meta parameter in the checkpoint to a meta parameter in the current model, which is a no-op. (Did you mean to pass `assign=True` to assign items in the state dictionary to their corresponding key in the module instead of copying them in place?)
  warnings.warn(
/opt/conda/envs/diffsensei/lib/python3.11/site-packages/torch/nn/modules/module.py:2400: UserWarning: for layer4.2.bn3.weight: copying from a non-meta parameter in the checkpoint to a meta parameter in the current model, which is a no-op. (Did you mean to pass `assign=True` to assign items in the state dictionary to their corresponding key in the module instead of copying them in place?)
  warnings.warn(
/opt/conda/envs/diffsensei/lib/python3.11/site-packages/torch/nn/modules/module.py:2400: UserWarning: for layer4.2.bn3.bias: copying from a non-meta parameter in the checkpoint to a meta parameter in the current model, which is a no-op. (Did you mean to pass `assign=True` to assign items in the state dictionary to their corresponding key in the module instead of copying them in place?)
  warnings.warn(
/data/DiffSensei-main/layout-generator/src/utils.py:22: FutureWarning: You are using `torch.load` with `weights_only=False` (the current default value), which uses the default pickle module implicitly. It is possible to construct malicious pickle data which will execute arbitrary code during unpickling (See https://github.com/pytorch/pytorch/blob/main/SECURITY.md#untrusted-models for more details). In a future release, the default value for `weights_only` will be flipped to `True`. This limits the functions that could be executed during unpickling. Arbitrary objects will no longer be allowed to be loaded via this mode unless they are explicitly allowlisted by the user via `torch.serialization.add_safe_globals`. We recommend you start setting `weights_only=True` for any use case where you don't have full control of the loaded file. Please open an issue on GitHub for any issues related to this experimental feature.
  checkpoint = torch.load(ckpt_path, map_location='cpu')
[rank2]:[W829 11:12:27.526514352 reducer.cpp:1400] Warning: find_unused_parameters=True was specified in DDP constructor, but did not find any unused parameters in the forward pass. This flag results in an extra traversal of the autograd graph every iteration,  which can adversely affect performance. If your model indeed never has any unused parameters in the forward pass, consider turning this flag off. Note that this warning may be a false positive if your model has flow control causing later iterations to have unused parameters. (function operator())
[rank3]:[W829 11:12:30.359063654 reducer.cpp:1400] Warning: find_unused_parameters=True was specified in DDP constructor, but did not find any unused parameters in the forward pass. This flag results in an extra traversal of the autograd graph every iteration,  which can adversely affect performance. If your model indeed never has any unused parameters in the forward pass, consider turning this flag off. Note that this warning may be a false positive if your model has flow control causing later iterations to have unused parameters. (function operator())
[rank0]:[W829 11:12:31.877625793 reducer.cpp:1400] Warning: find_unused_parameters=True was specified in DDP constructor, but did not find any unused parameters in the forward pass. This flag results in an extra traversal of the autograd graph every iteration,  which can adversely affect performance. If your model indeed never has any unused parameters in the forward pass, consider turning this flag off. Note that this warning may be a false positive if your model has flow control causing later iterations to have unused parameters. (function operator())
[rank1]:[W829 11:12:31.319969108 reducer.cpp:1400] Warning: find_unused_parameters=True was specified in DDP constructor, but did not find any unused parameters in the forward pass. This flag results in an extra traversal of the autograd graph every iteration,  which can adversely affect performance. If your model indeed never has any unused parameters in the forward pass, consider turning this flag off. Note that this warning may be a false positive if your model has flow control causing later iterations to have unused parameters. (function operator())
[global_step 100] avg_loss=226.9892 geom=0.0540  pred=2.3883 style=0.0687
[global_step 200] avg_loss=18.4645 geom=0.0216  pred=2.5259 style=0.0950
[global_step 300] avg_loss=15.7872 geom=0.0095  pred=2.3656 style=0.0711
[global_step 400] avg_loss=8.7743 geom=0.0070  pred=2.3512 style=0.0358
[global_step 500] avg_loss=7.7572 geom=0.0050  pred=2.2235 style=0.0239
[global_step 600] avg_loss=6.4427 geom=0.0045  pred=2.2304 style=0.0273
[global_step 700] avg_loss=5.8782 geom=0.0043  pred=2.1181 style=0.0264
[global_step 800] avg_loss=5.8695 geom=0.0045  pred=2.1260 style=0.0238
[global_step 900] avg_loss=5.8404 geom=0.0034  pred=2.1752 style=0.0205
[global_step 1000] avg_loss=5.7545 geom=0.0033  pred=2.1332 style=0.0254
[global_step 1100] avg_loss=5.8601 geom=0.0036  pred=2.2113 style=0.0172
[global_step 1200] avg_loss=5.7086 geom=0.0034  pred=2.1679 style=0.0238
[global_step 1300] avg_loss=5.6945 geom=0.0029  pred=2.1181 style=0.0283
[global_step 1400] avg_loss=5.4639 geom=0.0045  pred=2.1035 style=0.0170
[global_step 1500] avg_loss=5.5278 geom=0.0023  pred=2.0823 style=0.0217
[global_step 1600] avg_loss=5.5173 geom=0.0025  pred=2.1127 style=0.0245
[global_step 1700] avg_loss=5.3681 geom=0.0044  pred=2.1524 style=0.0128
[global_step 1800] avg_loss=5.4330 geom=0.0028  pred=2.0741 style=0.0230
[global_step 1900] avg_loss=5.6231 geom=0.0028  pred=2.0761 style=0.0414
[global_step 2000] avg_loss=5.3971 geom=0.0013  pred=1.9847 style=0.0309
[global_step 2100] avg_loss=5.4005 geom=0.0017  pred=2.0946 style=0.0252
[global_step 2200] avg_loss=5.3256 geom=0.0041  pred=2.1265 style=0.0176
[global_step 2300] avg_loss=5.3737 geom=0.0016  pred=2.0910 style=0.0254
[global_step 2400] avg_loss=5.3298 geom=0.0034  pred=2.0172 style=0.0237
[global_step 2500] avg_loss=5.3189 geom=0.0027  pred=2.1546 style=0.0211
[global_step 2600] avg_loss=5.4872 geom=0.0022  pred=2.1272 style=0.0211
[global_step 2700] avg_loss=5.3337 geom=0.0034  pred=2.1416 style=0.0282
[global_step 2800] avg_loss=5.4662 geom=0.0041  pred=2.0620 style=0.0210
[global_step 2900] avg_loss=4.7969 geom=0.0025  pred=2.0815 style=0.0187
[global_step 3000] avg_loss=5.3470 geom=0.0030  pred=2.1216 style=0.0251
[global_step 3100] avg_loss=5.3443 geom=0.0038  pred=2.1727 style=0.0170
[global_step 3200] avg_loss=5.3885 geom=0.0019  pred=2.1178 style=0.0272
[global_step 3300] avg_loss=5.4603 geom=0.0027  pred=2.1280 style=0.0232
[global_step 3400] avg_loss=5.3519 geom=0.0033  pred=2.1086 style=0.0309
[global_step 3500] avg_loss=5.3245 geom=0.0027  pred=2.1165 style=0.0242
[global_step 3600] avg_loss=5.2633 geom=0.0016  pred=2.0682 style=0.0220
[global_step 3700] avg_loss=5.2982 geom=0.0022  pred=2.0190 style=0.0181
[global_step 3800] avg_loss=5.1488 geom=0.0033  pred=2.0676 style=0.0163
[global_step 3900] avg_loss=5.2518 geom=0.0018  pred=2.0957 style=0.0346
[global_step 4000] avg_loss=5.3116 geom=0.0025  pred=2.1046 style=0.0289
[global_step 4100] avg_loss=5.3074 geom=0.0020  pred=2.1068 style=0.0311
[global_step 4200] avg_loss=5.2142 geom=0.0030  pred=2.0751 style=0.0209
[global_step 4300] avg_loss=5.1230 geom=0.0021  pred=2.1070 style=0.0212
[global_step 4400] avg_loss=5.2716 geom=0.0018  pred=1.9649 style=0.0199
[global_step 4500] avg_loss=5.2523 geom=0.0025  pred=2.0755 style=0.0224
[global_step 4600] avg_loss=5.2252 geom=0.0026  pred=2.0806 style=0.0225
[global_step 4700] avg_loss=5.2307 geom=0.0040  pred=2.0297 style=0.0214
[global_step 4800] avg_loss=5.3022 geom=0.0032  pred=2.1207 style=0.0303
[global_step 4900] avg_loss=5.2156 geom=0.0021  pred=2.0970 style=0.0219
[global_step 5000] avg_loss=5.3617 geom=0.0028  pred=2.0047 style=0.0188
[global_step 5100] avg_loss=5.2780 geom=0.0021  pred=2.0660 style=0.0348
[global_step 5200] avg_loss=5.4136 geom=0.0028  pred=2.0738 style=0.0196
[global_step 5300] avg_loss=5.2606 geom=0.0039  pred=2.1403 style=0.0176
[global_step 5400] avg_loss=5.3418 geom=0.0035  pred=2.0198 style=0.0243
[global_step 5500] avg_loss=5.3168 geom=0.0023  pred=2.0560 style=0.0262
[global_step 5600] avg_loss=5.2552 geom=0.0031  pred=2.0723 style=0.0231
[global_step 5700] avg_loss=5.1661 geom=0.0036  pred=2.0876 style=0.0235
[global_step 5800] avg_loss=5.4163 geom=0.0046  pred=2.0116 style=0.0189
[global_step 5900] avg_loss=5.3258 geom=0.0027  pred=2.0255 style=0.0308
[global_step 6000] avg_loss=5.1637 geom=0.0029  pred=2.0796 style=0.0228
[global_step 6100] avg_loss=5.2387 geom=0.0034  pred=2.1378 style=0.0232
[global_step 6200] avg_loss=5.3218 geom=0.0037  pred=2.1057 style=0.0332
[global_step 6300] avg_loss=5.2920 geom=0.0022  pred=1.9798 style=0.0222
[global_step 6400] avg_loss=5.2357 geom=0.0033  pred=1.9486 style=0.0261
[global_step 6500] avg_loss=5.1958 geom=0.0023  pred=1.9865 style=0.0299
[global_step 6600] avg_loss=5.2392 geom=0.0029  pred=2.0150 style=0.0176
[global_step 6700] avg_loss=5.2028 geom=0.0018  pred=2.0695 style=0.0202
[global_step 6800] avg_loss=5.2422 geom=0.0022  pred=1.9988 style=0.0149
[global_step 6900] avg_loss=5.2396 geom=0.0023  pred=1.9921 style=0.0269
[global_step 7000] avg_loss=5.2432 geom=0.0025  pred=1.7989 style=0.0240
[global_step 7100] avg_loss=5.2634 geom=0.0027  pred=1.9192 style=0.0267
[global_step 7200] avg_loss=5.0362 geom=0.0028  pred=1.9037 style=0.0258
[global_step 7300] avg_loss=5.2928 geom=0.0037  pred=1.8982 style=0.0295
[global_step 7400] avg_loss=5.2418 geom=0.0022  pred=1.8930 style=0.0251
[global_step 7500] avg_loss=5.2710 geom=0.0024  pred=1.9762 style=0.0316
[global_step 7600] avg_loss=5.2150 geom=0.0023  pred=1.7811 style=0.0288
[global_step 7700] avg_loss=5.1522 geom=0.0023  pred=1.9179 style=0.0268
[global_step 7800] avg_loss=5.1291 geom=0.0026  pred=1.9438 style=0.0261
[global_step 7900] avg_loss=5.1203 geom=0.0028  pred=1.8670 style=0.0230
[global_step 8000] avg_loss=5.1633 geom=0.0032  pred=1.8816 style=0.0206
[global_step 8100] avg_loss=5.0822 geom=0.0034  pred=1.8755 style=0.0238
[global_step 8200] avg_loss=5.1009 geom=0.0025  pred=1.7300 style=0.0236
[global_step 8300] avg_loss=5.0659 geom=0.0026  pred=1.9170 style=0.0218
[global_step 8400] avg_loss=5.1317 geom=0.0027  pred=1.7803 style=0.0238
[global_step 8500] avg_loss=5.1033 geom=0.0032  pred=1.7889 style=0.0171
[global_step 8600] avg_loss=4.9200 geom=0.0034  pred=1.7447 style=0.0135
[global_step 8700] avg_loss=4.9777 geom=0.0032  pred=1.8127 style=0.0209
W0829 23:02:16.862000 1351806 site-packages/torch/distributed/elastic/agent/server/api.py:704] Received 1 death signal, shutting down workers
W0829 23:02:16.871000 1351806 site-packages/torch/distributed/elastic/multiprocessing/api.py:897] Sending process 1351893 closing signal SIGHUP
W0829 23:02:16.873000 1351806 site-packages/torch/distributed/elastic/multiprocessing/api.py:897] Sending process 1351894 closing signal SIGHUP
W0829 23:02:16.874000 1351806 site-packages/torch/distributed/elastic/multiprocessing/api.py:897] Sending process 1351895 closing signal SIGHUP
W0829 23:02:16.876000 1351806 site-packages/torch/distributed/elastic/multiprocessing/api.py:897] Sending process 1351896 closing signal SIGHUP
Traceback (most recent call last):
  File "/opt/conda/envs/diffsensei/bin/accelerate", line 8, in <module>
    sys.exit(main())
             ^^^^^^
  File "/opt/conda/envs/diffsensei/lib/python3.11/site-packages/accelerate/commands/accelerate_cli.py", line 50, in main
    args.func(args)
  File "/opt/conda/envs/diffsensei/lib/python3.11/site-packages/accelerate/commands/launch.py", line 1189, in launch_command
    multi_gpu_launcher(args)
  File "/opt/conda/envs/diffsensei/lib/python3.11/site-packages/accelerate/commands/launch.py", line 815, in multi_gpu_launcher
    distrib_run.run(args)
  File "/opt/conda/envs/diffsensei/lib/python3.11/site-packages/torch/distributed/run.py", line 910, in run
    elastic_launch(
  File "/opt/conda/envs/diffsensei/lib/python3.11/site-packages/torch/distributed/launcher/api.py", line 138, in __call__
    return launch_agent(self._config, self._entrypoint, list(args))
           ^^^^^^^^^^^^^^^^^^^^^^^^^^^^^^^^^^^^^^^^^^^^^^^^^^^^^^^^
  File "/opt/conda/envs/diffsensei/lib/python3.11/site-packages/torch/distributed/launcher/api.py", line 260, in launch_agent
    result = agent.run()
             ^^^^^^^^^^^
  File "/opt/conda/envs/diffsensei/lib/python3.11/site-packages/torch/distributed/elastic/metrics/api.py", line 137, in wrapper
    result = f(*args, **kwargs)
             ^^^^^^^^^^^^^^^^^^
  File "/opt/conda/envs/diffsensei/lib/python3.11/site-packages/torch/distributed/elastic/agent/server/api.py", line 696, in run
    result = self._invoke_run(role)
             ^^^^^^^^^^^^^^^^^^^^^^
  File "/opt/conda/envs/diffsensei/lib/python3.11/site-packages/torch/distributed/elastic/agent/server/api.py", line 855, in _invoke_run
    time.sleep(monitor_interval)
  File "/opt/conda/envs/diffsensei/lib/python3.11/site-packages/torch/distributed/elastic/multiprocessing/api.py", line 84, in _terminate_process_handler
    raise SignalException(f"Process {os.getpid()} got signal: {sigval}", sigval=sigval)
torch.distributed.elastic.multiprocessing.api.SignalException: Process 1351806 got signal: 1
