nohup: ignoring input
[rank0]:[W830 23:14:33.922704449 ProcessGroupNCCL.cpp:4115] [PG ID 0 PG GUID 0 Rank 0]  using GPU 0 to perform barrier as devices used by this process are currently unknown. This can potentially cause a hang if this rank to GPU mapping is incorrect.Specify device_ids in barrier() to force use of a particular device,or call init_process_group() with a device_id.
[rank1]:[W830 23:14:33.954457955 ProcessGroupNCCL.cpp:4115] [PG ID 0 PG GUID 0 Rank 1]  using GPU 1 to perform barrier as devices used by this process are currently unknown. This can potentially cause a hang if this rank to GPU mapping is incorrect.Specify device_ids in barrier() to force use of a particular device,or call init_process_group() with a device_id.
[rank2]:[W830 23:14:33.957482648 ProcessGroupNCCL.cpp:4115] [PG ID 0 PG GUID 0 Rank 2]  using GPU 2 to perform barrier as devices used by this process are currently unknown. This can potentially cause a hang if this rank to GPU mapping is incorrect.Specify device_ids in barrier() to force use of a particular device,or call init_process_group() with a device_id.
[rank3]:[W830 23:14:33.968119066 ProcessGroupNCCL.cpp:4115] [PG ID 0 PG GUID 0 Rank 3]  using GPU 3 to perform barrier as devices used by this process are currently unknown. This can potentially cause a hang if this rank to GPU mapping is incorrect.Specify device_ids in barrier() to force use of a particular device,or call init_process_group() with a device_id.
Using a slow image processor as `use_fast` is unset and a slow processor was saved with this model. `use_fast=True` will be the default behavior in v4.52, even if the model was saved with a slow processor. This will result in minor differences in outputs. You'll still be able to use a slow processor with `use_fast=False`.
Using a slow image processor as `use_fast` is unset and a slow processor was saved with this model. `use_fast=True` will be the default behavior in v4.52, even if the model was saved with a slow processor. This will result in minor differences in outputs. You'll still be able to use a slow processor with `use_fast=False`.
Using a slow image processor as `use_fast` is unset and a slow processor was saved with this model. `use_fast=True` will be the default behavior in v4.52, even if the model was saved with a slow processor. This will result in minor differences in outputs. You'll still be able to use a slow processor with `use_fast=False`.
Config of the encoder: <class 'transformers.models.vit.modeling_vit.ViTModel'> is overwritten by shared encoder config: ViTConfig {
  "attention_probs_dropout_prob": 0.0,
  "encoder_stride": 16,
  "hidden_act": "gelu",
  "hidden_dropout_prob": 0.0,
  "hidden_size": 768,
  "image_size": 384,
  "initializer_range": 0.02,
  "intermediate_size": 3072,
  "layer_norm_eps": 1e-12,
  "model_type": "vit",
  "num_attention_heads": 12,
  "num_channels": 3,
  "num_hidden_layers": 12,
  "patch_size": 16,
  "pooler_act": "tanh",
  "pooler_output_size": 768,
  "qkv_bias": false,
  "transformers_version": "4.51.3"
}

Config of the decoder: <class 'transformers.models.trocr.modeling_trocr.TrOCRForCausalLM'> is overwritten by shared decoder config: TrOCRConfig {
  "activation_dropout": 0.0,
  "activation_function": "gelu",
  "add_cross_attention": true,
  "attention_dropout": 0.0,
  "bos_token_id": 0,
  "classifier_dropout": 0.0,
  "cross_attention_hidden_size": 768,
  "d_model": 1024,
  "decoder_attention_heads": 16,
  "decoder_ffn_dim": 4096,
  "decoder_layerdrop": 0.0,
  "decoder_layers": 12,
  "decoder_start_token_id": 2,
  "dropout": 0.1,
  "eos_token_id": 2,
  "init_std": 0.02,
  "is_decoder": true,
  "layernorm_embedding": true,
  "max_position_embeddings": 512,
  "model_type": "trocr",
  "pad_token_id": 1,
  "scale_embedding": false,
  "transformers_version": "4.51.3",
  "use_cache": false,
  "use_learned_position_embeddings": true,
  "vocab_size": 50265
}

Config of the encoder: <class 'transformers.models.vit.modeling_vit.ViTModel'> is overwritten by shared encoder config: ViTConfig {
  "attention_probs_dropout_prob": 0.0,
  "encoder_stride": 16,
  "hidden_act": "gelu",
  "hidden_dropout_prob": 0.0,
  "hidden_size": 768,
  "image_size": 384,
  "initializer_range": 0.02,
  "intermediate_size": 3072,
  "layer_norm_eps": 1e-12,
  "model_type": "vit",
  "num_attention_heads": 12,
  "num_channels": 3,
  "num_hidden_layers": 12,
  "patch_size": 16,
  "pooler_act": "tanh",
  "pooler_output_size": 768,
  "qkv_bias": false,
  "transformers_version": "4.51.3"
}

Config of the decoder: <class 'transformers.models.trocr.modeling_trocr.TrOCRForCausalLM'> is overwritten by shared decoder config: TrOCRConfig {
  "activation_dropout": 0.0,
  "activation_function": "gelu",
  "add_cross_attention": true,
  "attention_dropout": 0.0,
  "bos_token_id": 0,
  "classifier_dropout": 0.0,
  "cross_attention_hidden_size": 768,
  "d_model": 1024,
  "decoder_attention_heads": 16,
  "decoder_ffn_dim": 4096,
  "decoder_layerdrop": 0.0,
  "decoder_layers": 12,
  "decoder_start_token_id": 2,
  "dropout": 0.1,
  "eos_token_id": 2,
  "init_std": 0.02,
  "is_decoder": true,
  "layernorm_embedding": true,
  "max_position_embeddings": 512,
  "model_type": "trocr",
  "pad_token_id": 1,
  "scale_embedding": false,
  "transformers_version": "4.51.3",
  "use_cache": false,
  "use_learned_position_embeddings": true,
  "vocab_size": 50265
}

/opt/conda/envs/diffsensei/lib/python3.11/site-packages/torch/nn/modules/module.py:2400: UserWarning: for conv1.weight: copying from a non-meta parameter in the checkpoint to a meta parameter in the current model, which is a no-op. (Did you mean to pass `assign=True` to assign items in the state dictionary to their corresponding key in the module instead of copying them in place?)
  warnings.warn(
/opt/conda/envs/diffsensei/lib/python3.11/site-packages/torch/nn/modules/module.py:2400: UserWarning: for bn1.weight: copying from a non-meta parameter in the checkpoint to a meta parameter in the current model, which is a no-op. (Did you mean to pass `assign=True` to assign items in the state dictionary to their corresponding key in the module instead of copying them in place?)
  warnings.warn(
/opt/conda/envs/diffsensei/lib/python3.11/site-packages/torch/nn/modules/module.py:2400: UserWarning: for bn1.bias: copying from a non-meta parameter in the checkpoint to a meta parameter in the current model, which is a no-op. (Did you mean to pass `assign=True` to assign items in the state dictionary to their corresponding key in the module instead of copying them in place?)
  warnings.warn(
/opt/conda/envs/diffsensei/lib/python3.11/site-packages/torch/nn/modules/module.py:2400: UserWarning: for layer1.0.conv1.weight: copying from a non-meta parameter in the checkpoint to a meta parameter in the current model, which is a no-op. (Did you mean to pass `assign=True` to assign items in the state dictionary to their corresponding key in the module instead of copying them in place?)
  warnings.warn(
/opt/conda/envs/diffsensei/lib/python3.11/site-packages/torch/nn/modules/module.py:2400: UserWarning: for layer1.0.bn1.weight: copying from a non-meta parameter in the checkpoint to a meta parameter in the current model, which is a no-op. (Did you mean to pass `assign=True` to assign items in the state dictionary to their corresponding key in the module instead of copying them in place?)
  warnings.warn(
/opt/conda/envs/diffsensei/lib/python3.11/site-packages/torch/nn/modules/module.py:2400: UserWarning: for layer1.0.bn1.bias: copying from a non-meta parameter in the checkpoint to a meta parameter in the current model, which is a no-op. (Did you mean to pass `assign=True` to assign items in the state dictionary to their corresponding key in the module instead of copying them in place?)
  warnings.warn(
/opt/conda/envs/diffsensei/lib/python3.11/site-packages/torch/nn/modules/module.py:2400: UserWarning: for layer1.0.conv2.weight: copying from a non-meta parameter in the checkpoint to a meta parameter in the current model, which is a no-op. (Did you mean to pass `assign=True` to assign items in the state dictionary to their corresponding key in the module instead of copying them in place?)
  warnings.warn(
/opt/conda/envs/diffsensei/lib/python3.11/site-packages/torch/nn/modules/module.py:2400: UserWarning: for layer1.0.bn2.weight: copying from a non-meta parameter in the checkpoint to a meta parameter in the current model, which is a no-op. (Did you mean to pass `assign=True` to assign items in the state dictionary to their corresponding key in the module instead of copying them in place?)
  warnings.warn(
/opt/conda/envs/diffsensei/lib/python3.11/site-packages/torch/nn/modules/module.py:2400: UserWarning: for layer1.0.bn2.bias: copying from a non-meta parameter in the checkpoint to a meta parameter in the current model, which is a no-op. (Did you mean to pass `assign=True` to assign items in the state dictionary to their corresponding key in the module instead of copying them in place?)
  warnings.warn(
/opt/conda/envs/diffsensei/lib/python3.11/site-packages/torch/nn/modules/module.py:2400: UserWarning: for layer1.0.conv3.weight: copying from a non-meta parameter in the checkpoint to a meta parameter in the current model, which is a no-op. (Did you mean to pass `assign=True` to assign items in the state dictionary to their corresponding key in the module instead of copying them in place?)
  warnings.warn(
/opt/conda/envs/diffsensei/lib/python3.11/site-packages/torch/nn/modules/module.py:2400: UserWarning: for layer1.0.bn3.weight: copying from a non-meta parameter in the checkpoint to a meta parameter in the current model, which is a no-op. (Did you mean to pass `assign=True` to assign items in the state dictionary to their corresponding key in the module instead of copying them in place?)
  warnings.warn(
/opt/conda/envs/diffsensei/lib/python3.11/site-packages/torch/nn/modules/module.py:2400: UserWarning: for layer1.0.bn3.bias: copying from a non-meta parameter in the checkpoint to a meta parameter in the current model, which is a no-op. (Did you mean to pass `assign=True` to assign items in the state dictionary to their corresponding key in the module instead of copying them in place?)
  warnings.warn(
/opt/conda/envs/diffsensei/lib/python3.11/site-packages/torch/nn/modules/module.py:2400: UserWarning: for layer1.0.downsample.0.weight: copying from a non-meta parameter in the checkpoint to a meta parameter in the current model, which is a no-op. (Did you mean to pass `assign=True` to assign items in the state dictionary to their corresponding key in the module instead of copying them in place?)
  warnings.warn(
/opt/conda/envs/diffsensei/lib/python3.11/site-packages/torch/nn/modules/module.py:2400: UserWarning: for layer1.0.downsample.1.weight: copying from a non-meta parameter in the checkpoint to a meta parameter in the current model, which is a no-op. (Did you mean to pass `assign=True` to assign items in the state dictionary to their corresponding key in the module instead of copying them in place?)
  warnings.warn(
/opt/conda/envs/diffsensei/lib/python3.11/site-packages/torch/nn/modules/module.py:2400: UserWarning: for layer1.0.downsample.1.bias: copying from a non-meta parameter in the checkpoint to a meta parameter in the current model, which is a no-op. (Did you mean to pass `assign=True` to assign items in the state dictionary to their corresponding key in the module instead of copying them in place?)
  warnings.warn(
/opt/conda/envs/diffsensei/lib/python3.11/site-packages/torch/nn/modules/module.py:2400: UserWarning: for layer1.1.conv1.weight: copying from a non-meta parameter in the checkpoint to a meta parameter in the current model, which is a no-op. (Did you mean to pass `assign=True` to assign items in the state dictionary to their corresponding key in the module instead of copying them in place?)
  warnings.warn(
/opt/conda/envs/diffsensei/lib/python3.11/site-packages/torch/nn/modules/module.py:2400: UserWarning: for layer1.1.bn1.weight: copying from a non-meta parameter in the checkpoint to a meta parameter in the current model, which is a no-op. (Did you mean to pass `assign=True` to assign items in the state dictionary to their corresponding key in the module instead of copying them in place?)
  warnings.warn(
/opt/conda/envs/diffsensei/lib/python3.11/site-packages/torch/nn/modules/module.py:2400: UserWarning: for layer1.1.bn1.bias: copying from a non-meta parameter in the checkpoint to a meta parameter in the current model, which is a no-op. (Did you mean to pass `assign=True` to assign items in the state dictionary to their corresponding key in the module instead of copying them in place?)
  warnings.warn(
/opt/conda/envs/diffsensei/lib/python3.11/site-packages/torch/nn/modules/module.py:2400: UserWarning: for layer1.1.conv2.weight: copying from a non-meta parameter in the checkpoint to a meta parameter in the current model, which is a no-op. (Did you mean to pass `assign=True` to assign items in the state dictionary to their corresponding key in the module instead of copying them in place?)
  warnings.warn(
/opt/conda/envs/diffsensei/lib/python3.11/site-packages/torch/nn/modules/module.py:2400: UserWarning: for layer1.1.bn2.weight: copying from a non-meta parameter in the checkpoint to a meta parameter in the current model, which is a no-op. (Did you mean to pass `assign=True` to assign items in the state dictionary to their corresponding key in the module instead of copying them in place?)
  warnings.warn(
/opt/conda/envs/diffsensei/lib/python3.11/site-packages/torch/nn/modules/module.py:2400: UserWarning: for layer1.1.bn2.bias: copying from a non-meta parameter in the checkpoint to a meta parameter in the current model, which is a no-op. (Did you mean to pass `assign=True` to assign items in the state dictionary to their corresponding key in the module instead of copying them in place?)
  warnings.warn(
/opt/conda/envs/diffsensei/lib/python3.11/site-packages/torch/nn/modules/module.py:2400: UserWarning: for layer1.1.conv3.weight: copying from a non-meta parameter in the checkpoint to a meta parameter in the current model, which is a no-op. (Did you mean to pass `assign=True` to assign items in the state dictionary to their corresponding key in the module instead of copying them in place?)
  warnings.warn(
/opt/conda/envs/diffsensei/lib/python3.11/site-packages/torch/nn/modules/module.py:2400: UserWarning: for layer1.1.bn3.weight: copying from a non-meta parameter in the checkpoint to a meta parameter in the current model, which is a no-op. (Did you mean to pass `assign=True` to assign items in the state dictionary to their corresponding key in the module instead of copying them in place?)
  warnings.warn(
/opt/conda/envs/diffsensei/lib/python3.11/site-packages/torch/nn/modules/module.py:2400: UserWarning: for layer1.1.bn3.bias: copying from a non-meta parameter in the checkpoint to a meta parameter in the current model, which is a no-op. (Did you mean to pass `assign=True` to assign items in the state dictionary to their corresponding key in the module instead of copying them in place?)
  warnings.warn(
/opt/conda/envs/diffsensei/lib/python3.11/site-packages/torch/nn/modules/module.py:2400: UserWarning: for layer1.2.conv1.weight: copying from a non-meta parameter in the checkpoint to a meta parameter in the current model, which is a no-op. (Did you mean to pass `assign=True` to assign items in the state dictionary to their corresponding key in the module instead of copying them in place?)
  warnings.warn(
/opt/conda/envs/diffsensei/lib/python3.11/site-packages/torch/nn/modules/module.py:2400: UserWarning: for layer1.2.bn1.weight: copying from a non-meta parameter in the checkpoint to a meta parameter in the current model, which is a no-op. (Did you mean to pass `assign=True` to assign items in the state dictionary to their corresponding key in the module instead of copying them in place?)
  warnings.warn(
/opt/conda/envs/diffsensei/lib/python3.11/site-packages/torch/nn/modules/module.py:2400: UserWarning: for layer1.2.bn1.bias: copying from a non-meta parameter in the checkpoint to a meta parameter in the current model, which is a no-op. (Did you mean to pass `assign=True` to assign items in the state dictionary to their corresponding key in the module instead of copying them in place?)
  warnings.warn(
/opt/conda/envs/diffsensei/lib/python3.11/site-packages/torch/nn/modules/module.py:2400: UserWarning: for layer1.2.conv2.weight: copying from a non-meta parameter in the checkpoint to a meta parameter in the current model, which is a no-op. (Did you mean to pass `assign=True` to assign items in the state dictionary to their corresponding key in the module instead of copying them in place?)
  warnings.warn(
/opt/conda/envs/diffsensei/lib/python3.11/site-packages/torch/nn/modules/module.py:2400: UserWarning: for layer1.2.bn2.weight: copying from a non-meta parameter in the checkpoint to a meta parameter in the current model, which is a no-op. (Did you mean to pass `assign=True` to assign items in the state dictionary to their corresponding key in the module instead of copying them in place?)
  warnings.warn(
/opt/conda/envs/diffsensei/lib/python3.11/site-packages/torch/nn/modules/module.py:2400: UserWarning: for layer1.2.bn2.bias: copying from a non-meta parameter in the checkpoint to a meta parameter in the current model, which is a no-op. (Did you mean to pass `assign=True` to assign items in the state dictionary to their corresponding key in the module instead of copying them in place?)
  warnings.warn(
/opt/conda/envs/diffsensei/lib/python3.11/site-packages/torch/nn/modules/module.py:2400: UserWarning: for layer1.2.conv3.weight: copying from a non-meta parameter in the checkpoint to a meta parameter in the current model, which is a no-op. (Did you mean to pass `assign=True` to assign items in the state dictionary to their corresponding key in the module instead of copying them in place?)
  warnings.warn(
/opt/conda/envs/diffsensei/lib/python3.11/site-packages/torch/nn/modules/module.py:2400: UserWarning: for layer1.2.bn3.weight: copying from a non-meta parameter in the checkpoint to a meta parameter in the current model, which is a no-op. (Did you mean to pass `assign=True` to assign items in the state dictionary to their corresponding key in the module instead of copying them in place?)
  warnings.warn(
/opt/conda/envs/diffsensei/lib/python3.11/site-packages/torch/nn/modules/module.py:2400: UserWarning: for layer1.2.bn3.bias: copying from a non-meta parameter in the checkpoint to a meta parameter in the current model, which is a no-op. (Did you mean to pass `assign=True` to assign items in the state dictionary to their corresponding key in the module instead of copying them in place?)
  warnings.warn(
/opt/conda/envs/diffsensei/lib/python3.11/site-packages/torch/nn/modules/module.py:2400: UserWarning: for layer2.0.conv1.weight: copying from a non-meta parameter in the checkpoint to a meta parameter in the current model, which is a no-op. (Did you mean to pass `assign=True` to assign items in the state dictionary to their corresponding key in the module instead of copying them in place?)
  warnings.warn(
/opt/conda/envs/diffsensei/lib/python3.11/site-packages/torch/nn/modules/module.py:2400: UserWarning: for layer2.0.bn1.weight: copying from a non-meta parameter in the checkpoint to a meta parameter in the current model, which is a no-op. (Did you mean to pass `assign=True` to assign items in the state dictionary to their corresponding key in the module instead of copying them in place?)
  warnings.warn(
/opt/conda/envs/diffsensei/lib/python3.11/site-packages/torch/nn/modules/module.py:2400: UserWarning: for layer2.0.bn1.bias: copying from a non-meta parameter in the checkpoint to a meta parameter in the current model, which is a no-op. (Did you mean to pass `assign=True` to assign items in the state dictionary to their corresponding key in the module instead of copying them in place?)
  warnings.warn(
/opt/conda/envs/diffsensei/lib/python3.11/site-packages/torch/nn/modules/module.py:2400: UserWarning: for layer2.0.conv2.weight: copying from a non-meta parameter in the checkpoint to a meta parameter in the current model, which is a no-op. (Did you mean to pass `assign=True` to assign items in the state dictionary to their corresponding key in the module instead of copying them in place?)
  warnings.warn(
/opt/conda/envs/diffsensei/lib/python3.11/site-packages/torch/nn/modules/module.py:2400: UserWarning: for layer2.0.bn2.weight: copying from a non-meta parameter in the checkpoint to a meta parameter in the current model, which is a no-op. (Did you mean to pass `assign=True` to assign items in the state dictionary to their corresponding key in the module instead of copying them in place?)
  warnings.warn(
/opt/conda/envs/diffsensei/lib/python3.11/site-packages/torch/nn/modules/module.py:2400: UserWarning: for layer2.0.bn2.bias: copying from a non-meta parameter in the checkpoint to a meta parameter in the current model, which is a no-op. (Did you mean to pass `assign=True` to assign items in the state dictionary to their corresponding key in the module instead of copying them in place?)
  warnings.warn(
/opt/conda/envs/diffsensei/lib/python3.11/site-packages/torch/nn/modules/module.py:2400: UserWarning: for layer2.0.conv3.weight: copying from a non-meta parameter in the checkpoint to a meta parameter in the current model, which is a no-op. (Did you mean to pass `assign=True` to assign items in the state dictionary to their corresponding key in the module instead of copying them in place?)
  warnings.warn(
/opt/conda/envs/diffsensei/lib/python3.11/site-packages/torch/nn/modules/module.py:2400: UserWarning: for layer2.0.bn3.weight: copying from a non-meta parameter in the checkpoint to a meta parameter in the current model, which is a no-op. (Did you mean to pass `assign=True` to assign items in the state dictionary to their corresponding key in the module instead of copying them in place?)
  warnings.warn(
/opt/conda/envs/diffsensei/lib/python3.11/site-packages/torch/nn/modules/module.py:2400: UserWarning: for layer2.0.bn3.bias: copying from a non-meta parameter in the checkpoint to a meta parameter in the current model, which is a no-op. (Did you mean to pass `assign=True` to assign items in the state dictionary to their corresponding key in the module instead of copying them in place?)
  warnings.warn(
/opt/conda/envs/diffsensei/lib/python3.11/site-packages/torch/nn/modules/module.py:2400: UserWarning: for layer2.0.downsample.0.weight: copying from a non-meta parameter in the checkpoint to a meta parameter in the current model, which is a no-op. (Did you mean to pass `assign=True` to assign items in the state dictionary to their corresponding key in the module instead of copying them in place?)
  warnings.warn(
/opt/conda/envs/diffsensei/lib/python3.11/site-packages/torch/nn/modules/module.py:2400: UserWarning: for layer2.0.downsample.1.weight: copying from a non-meta parameter in the checkpoint to a meta parameter in the current model, which is a no-op. (Did you mean to pass `assign=True` to assign items in the state dictionary to their corresponding key in the module instead of copying them in place?)
  warnings.warn(
/opt/conda/envs/diffsensei/lib/python3.11/site-packages/torch/nn/modules/module.py:2400: UserWarning: for layer2.0.downsample.1.bias: copying from a non-meta parameter in the checkpoint to a meta parameter in the current model, which is a no-op. (Did you mean to pass `assign=True` to assign items in the state dictionary to their corresponding key in the module instead of copying them in place?)
  warnings.warn(
/opt/conda/envs/diffsensei/lib/python3.11/site-packages/torch/nn/modules/module.py:2400: UserWarning: for layer2.1.conv1.weight: copying from a non-meta parameter in the checkpoint to a meta parameter in the current model, which is a no-op. (Did you mean to pass `assign=True` to assign items in the state dictionary to their corresponding key in the module instead of copying them in place?)
  warnings.warn(
/opt/conda/envs/diffsensei/lib/python3.11/site-packages/torch/nn/modules/module.py:2400: UserWarning: for layer2.1.bn1.weight: copying from a non-meta parameter in the checkpoint to a meta parameter in the current model, which is a no-op. (Did you mean to pass `assign=True` to assign items in the state dictionary to their corresponding key in the module instead of copying them in place?)
  warnings.warn(
/opt/conda/envs/diffsensei/lib/python3.11/site-packages/torch/nn/modules/module.py:2400: UserWarning: for layer2.1.bn1.bias: copying from a non-meta parameter in the checkpoint to a meta parameter in the current model, which is a no-op. (Did you mean to pass `assign=True` to assign items in the state dictionary to their corresponding key in the module instead of copying them in place?)
  warnings.warn(
/opt/conda/envs/diffsensei/lib/python3.11/site-packages/torch/nn/modules/module.py:2400: UserWarning: for layer2.1.conv2.weight: copying from a non-meta parameter in the checkpoint to a meta parameter in the current model, which is a no-op. (Did you mean to pass `assign=True` to assign items in the state dictionary to their corresponding key in the module instead of copying them in place?)
  warnings.warn(
/opt/conda/envs/diffsensei/lib/python3.11/site-packages/torch/nn/modules/module.py:2400: UserWarning: for layer2.1.bn2.weight: copying from a non-meta parameter in the checkpoint to a meta parameter in the current model, which is a no-op. (Did you mean to pass `assign=True` to assign items in the state dictionary to their corresponding key in the module instead of copying them in place?)
  warnings.warn(
/opt/conda/envs/diffsensei/lib/python3.11/site-packages/torch/nn/modules/module.py:2400: UserWarning: for layer2.1.bn2.bias: copying from a non-meta parameter in the checkpoint to a meta parameter in the current model, which is a no-op. (Did you mean to pass `assign=True` to assign items in the state dictionary to their corresponding key in the module instead of copying them in place?)
  warnings.warn(
/opt/conda/envs/diffsensei/lib/python3.11/site-packages/torch/nn/modules/module.py:2400: UserWarning: for layer2.1.conv3.weight: copying from a non-meta parameter in the checkpoint to a meta parameter in the current model, which is a no-op. (Did you mean to pass `assign=True` to assign items in the state dictionary to their corresponding key in the module instead of copying them in place?)
  warnings.warn(
/opt/conda/envs/diffsensei/lib/python3.11/site-packages/torch/nn/modules/module.py:2400: UserWarning: for layer2.1.bn3.weight: copying from a non-meta parameter in the checkpoint to a meta parameter in the current model, which is a no-op. (Did you mean to pass `assign=True` to assign items in the state dictionary to their corresponding key in the module instead of copying them in place?)
  warnings.warn(
/opt/conda/envs/diffsensei/lib/python3.11/site-packages/torch/nn/modules/module.py:2400: UserWarning: for layer2.1.bn3.bias: copying from a non-meta parameter in the checkpoint to a meta parameter in the current model, which is a no-op. (Did you mean to pass `assign=True` to assign items in the state dictionary to their corresponding key in the module instead of copying them in place?)
  warnings.warn(
/opt/conda/envs/diffsensei/lib/python3.11/site-packages/torch/nn/modules/module.py:2400: UserWarning: for layer2.2.conv1.weight: copying from a non-meta parameter in the checkpoint to a meta parameter in the current model, which is a no-op. (Did you mean to pass `assign=True` to assign items in the state dictionary to their corresponding key in the module instead of copying them in place?)
  warnings.warn(
/opt/conda/envs/diffsensei/lib/python3.11/site-packages/torch/nn/modules/module.py:2400: UserWarning: for layer2.2.bn1.weight: copying from a non-meta parameter in the checkpoint to a meta parameter in the current model, which is a no-op. (Did you mean to pass `assign=True` to assign items in the state dictionary to their corresponding key in the module instead of copying them in place?)
  warnings.warn(
/opt/conda/envs/diffsensei/lib/python3.11/site-packages/torch/nn/modules/module.py:2400: UserWarning: for layer2.2.bn1.bias: copying from a non-meta parameter in the checkpoint to a meta parameter in the current model, which is a no-op. (Did you mean to pass `assign=True` to assign items in the state dictionary to their corresponding key in the module instead of copying them in place?)
  warnings.warn(
/opt/conda/envs/diffsensei/lib/python3.11/site-packages/torch/nn/modules/module.py:2400: UserWarning: for layer2.2.conv2.weight: copying from a non-meta parameter in the checkpoint to a meta parameter in the current model, which is a no-op. (Did you mean to pass `assign=True` to assign items in the state dictionary to their corresponding key in the module instead of copying them in place?)
  warnings.warn(
/opt/conda/envs/diffsensei/lib/python3.11/site-packages/torch/nn/modules/module.py:2400: UserWarning: for layer2.2.bn2.weight: copying from a non-meta parameter in the checkpoint to a meta parameter in the current model, which is a no-op. (Did you mean to pass `assign=True` to assign items in the state dictionary to their corresponding key in the module instead of copying them in place?)
  warnings.warn(
/opt/conda/envs/diffsensei/lib/python3.11/site-packages/torch/nn/modules/module.py:2400: UserWarning: for layer2.2.bn2.bias: copying from a non-meta parameter in the checkpoint to a meta parameter in the current model, which is a no-op. (Did you mean to pass `assign=True` to assign items in the state dictionary to their corresponding key in the module instead of copying them in place?)
  warnings.warn(
/opt/conda/envs/diffsensei/lib/python3.11/site-packages/torch/nn/modules/module.py:2400: UserWarning: for layer2.2.conv3.weight: copying from a non-meta parameter in the checkpoint to a meta parameter in the current model, which is a no-op. (Did you mean to pass `assign=True` to assign items in the state dictionary to their corresponding key in the module instead of copying them in place?)
  warnings.warn(
/opt/conda/envs/diffsensei/lib/python3.11/site-packages/torch/nn/modules/module.py:2400: UserWarning: for layer2.2.bn3.weight: copying from a non-meta parameter in the checkpoint to a meta parameter in the current model, which is a no-op. (Did you mean to pass `assign=True` to assign items in the state dictionary to their corresponding key in the module instead of copying them in place?)
  warnings.warn(
/opt/conda/envs/diffsensei/lib/python3.11/site-packages/torch/nn/modules/module.py:2400: UserWarning: for layer2.2.bn3.bias: copying from a non-meta parameter in the checkpoint to a meta parameter in the current model, which is a no-op. (Did you mean to pass `assign=True` to assign items in the state dictionary to their corresponding key in the module instead of copying them in place?)
  warnings.warn(
/opt/conda/envs/diffsensei/lib/python3.11/site-packages/torch/nn/modules/module.py:2400: UserWarning: for layer2.3.conv1.weight: copying from a non-meta parameter in the checkpoint to a meta parameter in the current model, which is a no-op. (Did you mean to pass `assign=True` to assign items in the state dictionary to their corresponding key in the module instead of copying them in place?)
  warnings.warn(
/opt/conda/envs/diffsensei/lib/python3.11/site-packages/torch/nn/modules/module.py:2400: UserWarning: for layer2.3.bn1.weight: copying from a non-meta parameter in the checkpoint to a meta parameter in the current model, which is a no-op. (Did you mean to pass `assign=True` to assign items in the state dictionary to their corresponding key in the module instead of copying them in place?)
  warnings.warn(
/opt/conda/envs/diffsensei/lib/python3.11/site-packages/torch/nn/modules/module.py:2400: UserWarning: for layer2.3.bn1.bias: copying from a non-meta parameter in the checkpoint to a meta parameter in the current model, which is a no-op. (Did you mean to pass `assign=True` to assign items in the state dictionary to their corresponding key in the module instead of copying them in place?)
  warnings.warn(
/opt/conda/envs/diffsensei/lib/python3.11/site-packages/torch/nn/modules/module.py:2400: UserWarning: for layer2.3.conv2.weight: copying from a non-meta parameter in the checkpoint to a meta parameter in the current model, which is a no-op. (Did you mean to pass `assign=True` to assign items in the state dictionary to their corresponding key in the module instead of copying them in place?)
  warnings.warn(
/opt/conda/envs/diffsensei/lib/python3.11/site-packages/torch/nn/modules/module.py:2400: UserWarning: for layer2.3.bn2.weight: copying from a non-meta parameter in the checkpoint to a meta parameter in the current model, which is a no-op. (Did you mean to pass `assign=True` to assign items in the state dictionary to their corresponding key in the module instead of copying them in place?)
  warnings.warn(
/opt/conda/envs/diffsensei/lib/python3.11/site-packages/torch/nn/modules/module.py:2400: UserWarning: for layer2.3.bn2.bias: copying from a non-meta parameter in the checkpoint to a meta parameter in the current model, which is a no-op. (Did you mean to pass `assign=True` to assign items in the state dictionary to their corresponding key in the module instead of copying them in place?)
  warnings.warn(
/opt/conda/envs/diffsensei/lib/python3.11/site-packages/torch/nn/modules/module.py:2400: UserWarning: for layer2.3.conv3.weight: copying from a non-meta parameter in the checkpoint to a meta parameter in the current model, which is a no-op. (Did you mean to pass `assign=True` to assign items in the state dictionary to their corresponding key in the module instead of copying them in place?)
  warnings.warn(
/opt/conda/envs/diffsensei/lib/python3.11/site-packages/torch/nn/modules/module.py:2400: UserWarning: for layer2.3.bn3.weight: copying from a non-meta parameter in the checkpoint to a meta parameter in the current model, which is a no-op. (Did you mean to pass `assign=True` to assign items in the state dictionary to their corresponding key in the module instead of copying them in place?)
  warnings.warn(
/opt/conda/envs/diffsensei/lib/python3.11/site-packages/torch/nn/modules/module.py:2400: UserWarning: for layer2.3.bn3.bias: copying from a non-meta parameter in the checkpoint to a meta parameter in the current model, which is a no-op. (Did you mean to pass `assign=True` to assign items in the state dictionary to their corresponding key in the module instead of copying them in place?)
  warnings.warn(
/opt/conda/envs/diffsensei/lib/python3.11/site-packages/torch/nn/modules/module.py:2400: UserWarning: for layer3.0.conv1.weight: copying from a non-meta parameter in the checkpoint to a meta parameter in the current model, which is a no-op. (Did you mean to pass `assign=True` to assign items in the state dictionary to their corresponding key in the module instead of copying them in place?)
  warnings.warn(
/opt/conda/envs/diffsensei/lib/python3.11/site-packages/torch/nn/modules/module.py:2400: UserWarning: for layer3.0.bn1.weight: copying from a non-meta parameter in the checkpoint to a meta parameter in the current model, which is a no-op. (Did you mean to pass `assign=True` to assign items in the state dictionary to their corresponding key in the module instead of copying them in place?)
  warnings.warn(
/opt/conda/envs/diffsensei/lib/python3.11/site-packages/torch/nn/modules/module.py:2400: UserWarning: for layer3.0.bn1.bias: copying from a non-meta parameter in the checkpoint to a meta parameter in the current model, which is a no-op. (Did you mean to pass `assign=True` to assign items in the state dictionary to their corresponding key in the module instead of copying them in place?)
  warnings.warn(
/opt/conda/envs/diffsensei/lib/python3.11/site-packages/torch/nn/modules/module.py:2400: UserWarning: for layer3.0.conv2.weight: copying from a non-meta parameter in the checkpoint to a meta parameter in the current model, which is a no-op. (Did you mean to pass `assign=True` to assign items in the state dictionary to their corresponding key in the module instead of copying them in place?)
  warnings.warn(
/opt/conda/envs/diffsensei/lib/python3.11/site-packages/torch/nn/modules/module.py:2400: UserWarning: for layer3.0.bn2.weight: copying from a non-meta parameter in the checkpoint to a meta parameter in the current model, which is a no-op. (Did you mean to pass `assign=True` to assign items in the state dictionary to their corresponding key in the module instead of copying them in place?)
  warnings.warn(
/opt/conda/envs/diffsensei/lib/python3.11/site-packages/torch/nn/modules/module.py:2400: UserWarning: for layer3.0.bn2.bias: copying from a non-meta parameter in the checkpoint to a meta parameter in the current model, which is a no-op. (Did you mean to pass `assign=True` to assign items in the state dictionary to their corresponding key in the module instead of copying them in place?)
  warnings.warn(
/opt/conda/envs/diffsensei/lib/python3.11/site-packages/torch/nn/modules/module.py:2400: UserWarning: for layer3.0.conv3.weight: copying from a non-meta parameter in the checkpoint to a meta parameter in the current model, which is a no-op. (Did you mean to pass `assign=True` to assign items in the state dictionary to their corresponding key in the module instead of copying them in place?)
  warnings.warn(
/opt/conda/envs/diffsensei/lib/python3.11/site-packages/torch/nn/modules/module.py:2400: UserWarning: for layer3.0.bn3.weight: copying from a non-meta parameter in the checkpoint to a meta parameter in the current model, which is a no-op. (Did you mean to pass `assign=True` to assign items in the state dictionary to their corresponding key in the module instead of copying them in place?)
  warnings.warn(
/opt/conda/envs/diffsensei/lib/python3.11/site-packages/torch/nn/modules/module.py:2400: UserWarning: for layer3.0.bn3.bias: copying from a non-meta parameter in the checkpoint to a meta parameter in the current model, which is a no-op. (Did you mean to pass `assign=True` to assign items in the state dictionary to their corresponding key in the module instead of copying them in place?)
  warnings.warn(
/opt/conda/envs/diffsensei/lib/python3.11/site-packages/torch/nn/modules/module.py:2400: UserWarning: for layer3.0.downsample.0.weight: copying from a non-meta parameter in the checkpoint to a meta parameter in the current model, which is a no-op. (Did you mean to pass `assign=True` to assign items in the state dictionary to their corresponding key in the module instead of copying them in place?)
  warnings.warn(
/opt/conda/envs/diffsensei/lib/python3.11/site-packages/torch/nn/modules/module.py:2400: UserWarning: for layer3.0.downsample.1.weight: copying from a non-meta parameter in the checkpoint to a meta parameter in the current model, which is a no-op. (Did you mean to pass `assign=True` to assign items in the state dictionary to their corresponding key in the module instead of copying them in place?)
  warnings.warn(
/opt/conda/envs/diffsensei/lib/python3.11/site-packages/torch/nn/modules/module.py:2400: UserWarning: for layer3.0.downsample.1.bias: copying from a non-meta parameter in the checkpoint to a meta parameter in the current model, which is a no-op. (Did you mean to pass `assign=True` to assign items in the state dictionary to their corresponding key in the module instead of copying them in place?)
  warnings.warn(
/opt/conda/envs/diffsensei/lib/python3.11/site-packages/torch/nn/modules/module.py:2400: UserWarning: for layer3.1.conv1.weight: copying from a non-meta parameter in the checkpoint to a meta parameter in the current model, which is a no-op. (Did you mean to pass `assign=True` to assign items in the state dictionary to their corresponding key in the module instead of copying them in place?)
  warnings.warn(
/opt/conda/envs/diffsensei/lib/python3.11/site-packages/torch/nn/modules/module.py:2400: UserWarning: for layer3.1.bn1.weight: copying from a non-meta parameter in the checkpoint to a meta parameter in the current model, which is a no-op. (Did you mean to pass `assign=True` to assign items in the state dictionary to their corresponding key in the module instead of copying them in place?)
  warnings.warn(
/opt/conda/envs/diffsensei/lib/python3.11/site-packages/torch/nn/modules/module.py:2400: UserWarning: for layer3.1.bn1.bias: copying from a non-meta parameter in the checkpoint to a meta parameter in the current model, which is a no-op. (Did you mean to pass `assign=True` to assign items in the state dictionary to their corresponding key in the module instead of copying them in place?)
  warnings.warn(
/opt/conda/envs/diffsensei/lib/python3.11/site-packages/torch/nn/modules/module.py:2400: UserWarning: for layer3.1.conv2.weight: copying from a non-meta parameter in the checkpoint to a meta parameter in the current model, which is a no-op. (Did you mean to pass `assign=True` to assign items in the state dictionary to their corresponding key in the module instead of copying them in place?)
  warnings.warn(
/opt/conda/envs/diffsensei/lib/python3.11/site-packages/torch/nn/modules/module.py:2400: UserWarning: for layer3.1.bn2.weight: copying from a non-meta parameter in the checkpoint to a meta parameter in the current model, which is a no-op. (Did you mean to pass `assign=True` to assign items in the state dictionary to their corresponding key in the module instead of copying them in place?)
  warnings.warn(
/opt/conda/envs/diffsensei/lib/python3.11/site-packages/torch/nn/modules/module.py:2400: UserWarning: for layer3.1.bn2.bias: copying from a non-meta parameter in the checkpoint to a meta parameter in the current model, which is a no-op. (Did you mean to pass `assign=True` to assign items in the state dictionary to their corresponding key in the module instead of copying them in place?)
  warnings.warn(
/opt/conda/envs/diffsensei/lib/python3.11/site-packages/torch/nn/modules/module.py:2400: UserWarning: for layer3.1.conv3.weight: copying from a non-meta parameter in the checkpoint to a meta parameter in the current model, which is a no-op. (Did you mean to pass `assign=True` to assign items in the state dictionary to their corresponding key in the module instead of copying them in place?)
  warnings.warn(
/opt/conda/envs/diffsensei/lib/python3.11/site-packages/torch/nn/modules/module.py:2400: UserWarning: for layer3.1.bn3.weight: copying from a non-meta parameter in the checkpoint to a meta parameter in the current model, which is a no-op. (Did you mean to pass `assign=True` to assign items in the state dictionary to their corresponding key in the module instead of copying them in place?)
  warnings.warn(
/opt/conda/envs/diffsensei/lib/python3.11/site-packages/torch/nn/modules/module.py:2400: UserWarning: for layer3.1.bn3.bias: copying from a non-meta parameter in the checkpoint to a meta parameter in the current model, which is a no-op. (Did you mean to pass `assign=True` to assign items in the state dictionary to their corresponding key in the module instead of copying them in place?)
  warnings.warn(
/opt/conda/envs/diffsensei/lib/python3.11/site-packages/torch/nn/modules/module.py:2400: UserWarning: for layer3.2.conv1.weight: copying from a non-meta parameter in the checkpoint to a meta parameter in the current model, which is a no-op. (Did you mean to pass `assign=True` to assign items in the state dictionary to their corresponding key in the module instead of copying them in place?)
  warnings.warn(
/opt/conda/envs/diffsensei/lib/python3.11/site-packages/torch/nn/modules/module.py:2400: UserWarning: for layer3.2.bn1.weight: copying from a non-meta parameter in the checkpoint to a meta parameter in the current model, which is a no-op. (Did you mean to pass `assign=True` to assign items in the state dictionary to their corresponding key in the module instead of copying them in place?)
  warnings.warn(
/opt/conda/envs/diffsensei/lib/python3.11/site-packages/torch/nn/modules/module.py:2400: UserWarning: for layer3.2.bn1.bias: copying from a non-meta parameter in the checkpoint to a meta parameter in the current model, which is a no-op. (Did you mean to pass `assign=True` to assign items in the state dictionary to their corresponding key in the module instead of copying them in place?)
  warnings.warn(
/opt/conda/envs/diffsensei/lib/python3.11/site-packages/torch/nn/modules/module.py:2400: UserWarning: for layer3.2.conv2.weight: copying from a non-meta parameter in the checkpoint to a meta parameter in the current model, which is a no-op. (Did you mean to pass `assign=True` to assign items in the state dictionary to their corresponding key in the module instead of copying them in place?)
  warnings.warn(
/opt/conda/envs/diffsensei/lib/python3.11/site-packages/torch/nn/modules/module.py:2400: UserWarning: for layer3.2.bn2.weight: copying from a non-meta parameter in the checkpoint to a meta parameter in the current model, which is a no-op. (Did you mean to pass `assign=True` to assign items in the state dictionary to their corresponding key in the module instead of copying them in place?)
  warnings.warn(
/opt/conda/envs/diffsensei/lib/python3.11/site-packages/torch/nn/modules/module.py:2400: UserWarning: for layer3.2.bn2.bias: copying from a non-meta parameter in the checkpoint to a meta parameter in the current model, which is a no-op. (Did you mean to pass `assign=True` to assign items in the state dictionary to their corresponding key in the module instead of copying them in place?)
  warnings.warn(
/opt/conda/envs/diffsensei/lib/python3.11/site-packages/torch/nn/modules/module.py:2400: UserWarning: for layer3.2.conv3.weight: copying from a non-meta parameter in the checkpoint to a meta parameter in the current model, which is a no-op. (Did you mean to pass `assign=True` to assign items in the state dictionary to their corresponding key in the module instead of copying them in place?)
  warnings.warn(
/opt/conda/envs/diffsensei/lib/python3.11/site-packages/torch/nn/modules/module.py:2400: UserWarning: for layer3.2.bn3.weight: copying from a non-meta parameter in the checkpoint to a meta parameter in the current model, which is a no-op. (Did you mean to pass `assign=True` to assign items in the state dictionary to their corresponding key in the module instead of copying them in place?)
  warnings.warn(
/opt/conda/envs/diffsensei/lib/python3.11/site-packages/torch/nn/modules/module.py:2400: UserWarning: for layer3.2.bn3.bias: copying from a non-meta parameter in the checkpoint to a meta parameter in the current model, which is a no-op. (Did you mean to pass `assign=True` to assign items in the state dictionary to their corresponding key in the module instead of copying them in place?)
  warnings.warn(
/opt/conda/envs/diffsensei/lib/python3.11/site-packages/torch/nn/modules/module.py:2400: UserWarning: for layer3.3.conv1.weight: copying from a non-meta parameter in the checkpoint to a meta parameter in the current model, which is a no-op. (Did you mean to pass `assign=True` to assign items in the state dictionary to their corresponding key in the module instead of copying them in place?)
  warnings.warn(
/opt/conda/envs/diffsensei/lib/python3.11/site-packages/torch/nn/modules/module.py:2400: UserWarning: for layer3.3.bn1.weight: copying from a non-meta parameter in the checkpoint to a meta parameter in the current model, which is a no-op. (Did you mean to pass `assign=True` to assign items in the state dictionary to their corresponding key in the module instead of copying them in place?)
  warnings.warn(
/opt/conda/envs/diffsensei/lib/python3.11/site-packages/torch/nn/modules/module.py:2400: UserWarning: for layer3.3.bn1.bias: copying from a non-meta parameter in the checkpoint to a meta parameter in the current model, which is a no-op. (Did you mean to pass `assign=True` to assign items in the state dictionary to their corresponding key in the module instead of copying them in place?)
  warnings.warn(
/opt/conda/envs/diffsensei/lib/python3.11/site-packages/torch/nn/modules/module.py:2400: UserWarning: for layer3.3.conv2.weight: copying from a non-meta parameter in the checkpoint to a meta parameter in the current model, which is a no-op. (Did you mean to pass `assign=True` to assign items in the state dictionary to their corresponding key in the module instead of copying them in place?)
  warnings.warn(
/opt/conda/envs/diffsensei/lib/python3.11/site-packages/torch/nn/modules/module.py:2400: UserWarning: for layer3.3.bn2.weight: copying from a non-meta parameter in the checkpoint to a meta parameter in the current model, which is a no-op. (Did you mean to pass `assign=True` to assign items in the state dictionary to their corresponding key in the module instead of copying them in place?)
  warnings.warn(
/opt/conda/envs/diffsensei/lib/python3.11/site-packages/torch/nn/modules/module.py:2400: UserWarning: for layer3.3.bn2.bias: copying from a non-meta parameter in the checkpoint to a meta parameter in the current model, which is a no-op. (Did you mean to pass `assign=True` to assign items in the state dictionary to their corresponding key in the module instead of copying them in place?)
  warnings.warn(
/opt/conda/envs/diffsensei/lib/python3.11/site-packages/torch/nn/modules/module.py:2400: UserWarning: for layer3.3.conv3.weight: copying from a non-meta parameter in the checkpoint to a meta parameter in the current model, which is a no-op. (Did you mean to pass `assign=True` to assign items in the state dictionary to their corresponding key in the module instead of copying them in place?)
  warnings.warn(
/opt/conda/envs/diffsensei/lib/python3.11/site-packages/torch/nn/modules/module.py:2400: UserWarning: for layer3.3.bn3.weight: copying from a non-meta parameter in the checkpoint to a meta parameter in the current model, which is a no-op. (Did you mean to pass `assign=True` to assign items in the state dictionary to their corresponding key in the module instead of copying them in place?)
  warnings.warn(
/opt/conda/envs/diffsensei/lib/python3.11/site-packages/torch/nn/modules/module.py:2400: UserWarning: for layer3.3.bn3.bias: copying from a non-meta parameter in the checkpoint to a meta parameter in the current model, which is a no-op. (Did you mean to pass `assign=True` to assign items in the state dictionary to their corresponding key in the module instead of copying them in place?)
  warnings.warn(
/opt/conda/envs/diffsensei/lib/python3.11/site-packages/torch/nn/modules/module.py:2400: UserWarning: for layer3.4.conv1.weight: copying from a non-meta parameter in the checkpoint to a meta parameter in the current model, which is a no-op. (Did you mean to pass `assign=True` to assign items in the state dictionary to their corresponding key in the module instead of copying them in place?)
  warnings.warn(
/opt/conda/envs/diffsensei/lib/python3.11/site-packages/torch/nn/modules/module.py:2400: UserWarning: for layer3.4.bn1.weight: copying from a non-meta parameter in the checkpoint to a meta parameter in the current model, which is a no-op. (Did you mean to pass `assign=True` to assign items in the state dictionary to their corresponding key in the module instead of copying them in place?)
  warnings.warn(
/opt/conda/envs/diffsensei/lib/python3.11/site-packages/torch/nn/modules/module.py:2400: UserWarning: for layer3.4.bn1.bias: copying from a non-meta parameter in the checkpoint to a meta parameter in the current model, which is a no-op. (Did you mean to pass `assign=True` to assign items in the state dictionary to their corresponding key in the module instead of copying them in place?)
  warnings.warn(
/opt/conda/envs/diffsensei/lib/python3.11/site-packages/torch/nn/modules/module.py:2400: UserWarning: for layer3.4.conv2.weight: copying from a non-meta parameter in the checkpoint to a meta parameter in the current model, which is a no-op. (Did you mean to pass `assign=True` to assign items in the state dictionary to their corresponding key in the module instead of copying them in place?)
  warnings.warn(
/opt/conda/envs/diffsensei/lib/python3.11/site-packages/torch/nn/modules/module.py:2400: UserWarning: for layer3.4.bn2.weight: copying from a non-meta parameter in the checkpoint to a meta parameter in the current model, which is a no-op. (Did you mean to pass `assign=True` to assign items in the state dictionary to their corresponding key in the module instead of copying them in place?)
  warnings.warn(
/opt/conda/envs/diffsensei/lib/python3.11/site-packages/torch/nn/modules/module.py:2400: UserWarning: for layer3.4.bn2.bias: copying from a non-meta parameter in the checkpoint to a meta parameter in the current model, which is a no-op. (Did you mean to pass `assign=True` to assign items in the state dictionary to their corresponding key in the module instead of copying them in place?)
  warnings.warn(
/opt/conda/envs/diffsensei/lib/python3.11/site-packages/torch/nn/modules/module.py:2400: UserWarning: for layer3.4.conv3.weight: copying from a non-meta parameter in the checkpoint to a meta parameter in the current model, which is a no-op. (Did you mean to pass `assign=True` to assign items in the state dictionary to their corresponding key in the module instead of copying them in place?)
  warnings.warn(
/opt/conda/envs/diffsensei/lib/python3.11/site-packages/torch/nn/modules/module.py:2400: UserWarning: for layer3.4.bn3.weight: copying from a non-meta parameter in the checkpoint to a meta parameter in the current model, which is a no-op. (Did you mean to pass `assign=True` to assign items in the state dictionary to their corresponding key in the module instead of copying them in place?)
  warnings.warn(
/opt/conda/envs/diffsensei/lib/python3.11/site-packages/torch/nn/modules/module.py:2400: UserWarning: for layer3.4.bn3.bias: copying from a non-meta parameter in the checkpoint to a meta parameter in the current model, which is a no-op. (Did you mean to pass `assign=True` to assign items in the state dictionary to their corresponding key in the module instead of copying them in place?)
  warnings.warn(
/opt/conda/envs/diffsensei/lib/python3.11/site-packages/torch/nn/modules/module.py:2400: UserWarning: for layer3.5.conv1.weight: copying from a non-meta parameter in the checkpoint to a meta parameter in the current model, which is a no-op. (Did you mean to pass `assign=True` to assign items in the state dictionary to their corresponding key in the module instead of copying them in place?)
  warnings.warn(
/opt/conda/envs/diffsensei/lib/python3.11/site-packages/torch/nn/modules/module.py:2400: UserWarning: for layer3.5.bn1.weight: copying from a non-meta parameter in the checkpoint to a meta parameter in the current model, which is a no-op. (Did you mean to pass `assign=True` to assign items in the state dictionary to their corresponding key in the module instead of copying them in place?)
  warnings.warn(
/opt/conda/envs/diffsensei/lib/python3.11/site-packages/torch/nn/modules/module.py:2400: UserWarning: for layer3.5.bn1.bias: copying from a non-meta parameter in the checkpoint to a meta parameter in the current model, which is a no-op. (Did you mean to pass `assign=True` to assign items in the state dictionary to their corresponding key in the module instead of copying them in place?)
  warnings.warn(
/opt/conda/envs/diffsensei/lib/python3.11/site-packages/torch/nn/modules/module.py:2400: UserWarning: for layer3.5.conv2.weight: copying from a non-meta parameter in the checkpoint to a meta parameter in the current model, which is a no-op. (Did you mean to pass `assign=True` to assign items in the state dictionary to their corresponding key in the module instead of copying them in place?)
  warnings.warn(
/opt/conda/envs/diffsensei/lib/python3.11/site-packages/torch/nn/modules/module.py:2400: UserWarning: for layer3.5.bn2.weight: copying from a non-meta parameter in the checkpoint to a meta parameter in the current model, which is a no-op. (Did you mean to pass `assign=True` to assign items in the state dictionary to their corresponding key in the module instead of copying them in place?)
  warnings.warn(
/opt/conda/envs/diffsensei/lib/python3.11/site-packages/torch/nn/modules/module.py:2400: UserWarning: for layer3.5.bn2.bias: copying from a non-meta parameter in the checkpoint to a meta parameter in the current model, which is a no-op. (Did you mean to pass `assign=True` to assign items in the state dictionary to their corresponding key in the module instead of copying them in place?)
  warnings.warn(
/opt/conda/envs/diffsensei/lib/python3.11/site-packages/torch/nn/modules/module.py:2400: UserWarning: for layer3.5.conv3.weight: copying from a non-meta parameter in the checkpoint to a meta parameter in the current model, which is a no-op. (Did you mean to pass `assign=True` to assign items in the state dictionary to their corresponding key in the module instead of copying them in place?)
  warnings.warn(
/opt/conda/envs/diffsensei/lib/python3.11/site-packages/torch/nn/modules/module.py:2400: UserWarning: for layer3.5.bn3.weight: copying from a non-meta parameter in the checkpoint to a meta parameter in the current model, which is a no-op. (Did you mean to pass `assign=True` to assign items in the state dictionary to their corresponding key in the module instead of copying them in place?)
  warnings.warn(
/opt/conda/envs/diffsensei/lib/python3.11/site-packages/torch/nn/modules/module.py:2400: UserWarning: for layer3.5.bn3.bias: copying from a non-meta parameter in the checkpoint to a meta parameter in the current model, which is a no-op. (Did you mean to pass `assign=True` to assign items in the state dictionary to their corresponding key in the module instead of copying them in place?)
  warnings.warn(
/opt/conda/envs/diffsensei/lib/python3.11/site-packages/torch/nn/modules/module.py:2400: UserWarning: for layer4.0.conv1.weight: copying from a non-meta parameter in the checkpoint to a meta parameter in the current model, which is a no-op. (Did you mean to pass `assign=True` to assign items in the state dictionary to their corresponding key in the module instead of copying them in place?)
  warnings.warn(
/opt/conda/envs/diffsensei/lib/python3.11/site-packages/torch/nn/modules/module.py:2400: UserWarning: for layer4.0.bn1.weight: copying from a non-meta parameter in the checkpoint to a meta parameter in the current model, which is a no-op. (Did you mean to pass `assign=True` to assign items in the state dictionary to their corresponding key in the module instead of copying them in place?)
  warnings.warn(
/opt/conda/envs/diffsensei/lib/python3.11/site-packages/torch/nn/modules/module.py:2400: UserWarning: for layer4.0.bn1.bias: copying from a non-meta parameter in the checkpoint to a meta parameter in the current model, which is a no-op. (Did you mean to pass `assign=True` to assign items in the state dictionary to their corresponding key in the module instead of copying them in place?)
  warnings.warn(
/opt/conda/envs/diffsensei/lib/python3.11/site-packages/torch/nn/modules/module.py:2400: UserWarning: for layer4.0.conv2.weight: copying from a non-meta parameter in the checkpoint to a meta parameter in the current model, which is a no-op. (Did you mean to pass `assign=True` to assign items in the state dictionary to their corresponding key in the module instead of copying them in place?)
  warnings.warn(
/opt/conda/envs/diffsensei/lib/python3.11/site-packages/torch/nn/modules/module.py:2400: UserWarning: for layer4.0.bn2.weight: copying from a non-meta parameter in the checkpoint to a meta parameter in the current model, which is a no-op. (Did you mean to pass `assign=True` to assign items in the state dictionary to their corresponding key in the module instead of copying them in place?)
  warnings.warn(
/opt/conda/envs/diffsensei/lib/python3.11/site-packages/torch/nn/modules/module.py:2400: UserWarning: for layer4.0.bn2.bias: copying from a non-meta parameter in the checkpoint to a meta parameter in the current model, which is a no-op. (Did you mean to pass `assign=True` to assign items in the state dictionary to their corresponding key in the module instead of copying them in place?)
  warnings.warn(
/opt/conda/envs/diffsensei/lib/python3.11/site-packages/torch/nn/modules/module.py:2400: UserWarning: for layer4.0.conv3.weight: copying from a non-meta parameter in the checkpoint to a meta parameter in the current model, which is a no-op. (Did you mean to pass `assign=True` to assign items in the state dictionary to their corresponding key in the module instead of copying them in place?)
  warnings.warn(
/opt/conda/envs/diffsensei/lib/python3.11/site-packages/torch/nn/modules/module.py:2400: UserWarning: for layer4.0.bn3.weight: copying from a non-meta parameter in the checkpoint to a meta parameter in the current model, which is a no-op. (Did you mean to pass `assign=True` to assign items in the state dictionary to their corresponding key in the module instead of copying them in place?)
  warnings.warn(
/opt/conda/envs/diffsensei/lib/python3.11/site-packages/torch/nn/modules/module.py:2400: UserWarning: for layer4.0.bn3.bias: copying from a non-meta parameter in the checkpoint to a meta parameter in the current model, which is a no-op. (Did you mean to pass `assign=True` to assign items in the state dictionary to their corresponding key in the module instead of copying them in place?)
  warnings.warn(
/opt/conda/envs/diffsensei/lib/python3.11/site-packages/torch/nn/modules/module.py:2400: UserWarning: for layer4.0.downsample.0.weight: copying from a non-meta parameter in the checkpoint to a meta parameter in the current model, which is a no-op. (Did you mean to pass `assign=True` to assign items in the state dictionary to their corresponding key in the module instead of copying them in place?)
  warnings.warn(
/opt/conda/envs/diffsensei/lib/python3.11/site-packages/torch/nn/modules/module.py:2400: UserWarning: for layer4.0.downsample.1.weight: copying from a non-meta parameter in the checkpoint to a meta parameter in the current model, which is a no-op. (Did you mean to pass `assign=True` to assign items in the state dictionary to their corresponding key in the module instead of copying them in place?)
  warnings.warn(
/opt/conda/envs/diffsensei/lib/python3.11/site-packages/torch/nn/modules/module.py:2400: UserWarning: for layer4.0.downsample.1.bias: copying from a non-meta parameter in the checkpoint to a meta parameter in the current model, which is a no-op. (Did you mean to pass `assign=True` to assign items in the state dictionary to their corresponding key in the module instead of copying them in place?)
  warnings.warn(
/opt/conda/envs/diffsensei/lib/python3.11/site-packages/torch/nn/modules/module.py:2400: UserWarning: for layer4.1.conv1.weight: copying from a non-meta parameter in the checkpoint to a meta parameter in the current model, which is a no-op. (Did you mean to pass `assign=True` to assign items in the state dictionary to their corresponding key in the module instead of copying them in place?)
  warnings.warn(
/opt/conda/envs/diffsensei/lib/python3.11/site-packages/torch/nn/modules/module.py:2400: UserWarning: for layer4.1.bn1.weight: copying from a non-meta parameter in the checkpoint to a meta parameter in the current model, which is a no-op. (Did you mean to pass `assign=True` to assign items in the state dictionary to their corresponding key in the module instead of copying them in place?)
  warnings.warn(
/opt/conda/envs/diffsensei/lib/python3.11/site-packages/torch/nn/modules/module.py:2400: UserWarning: for layer4.1.bn1.bias: copying from a non-meta parameter in the checkpoint to a meta parameter in the current model, which is a no-op. (Did you mean to pass `assign=True` to assign items in the state dictionary to their corresponding key in the module instead of copying them in place?)
  warnings.warn(
/opt/conda/envs/diffsensei/lib/python3.11/site-packages/torch/nn/modules/module.py:2400: UserWarning: for layer4.1.conv2.weight: copying from a non-meta parameter in the checkpoint to a meta parameter in the current model, which is a no-op. (Did you mean to pass `assign=True` to assign items in the state dictionary to their corresponding key in the module instead of copying them in place?)
  warnings.warn(
/opt/conda/envs/diffsensei/lib/python3.11/site-packages/torch/nn/modules/module.py:2400: UserWarning: for layer4.1.bn2.weight: copying from a non-meta parameter in the checkpoint to a meta parameter in the current model, which is a no-op. (Did you mean to pass `assign=True` to assign items in the state dictionary to their corresponding key in the module instead of copying them in place?)
  warnings.warn(
/opt/conda/envs/diffsensei/lib/python3.11/site-packages/torch/nn/modules/module.py:2400: UserWarning: for layer4.1.bn2.bias: copying from a non-meta parameter in the checkpoint to a meta parameter in the current model, which is a no-op. (Did you mean to pass `assign=True` to assign items in the state dictionary to their corresponding key in the module instead of copying them in place?)
  warnings.warn(
/opt/conda/envs/diffsensei/lib/python3.11/site-packages/torch/nn/modules/module.py:2400: UserWarning: for layer4.1.conv3.weight: copying from a non-meta parameter in the checkpoint to a meta parameter in the current model, which is a no-op. (Did you mean to pass `assign=True` to assign items in the state dictionary to their corresponding key in the module instead of copying them in place?)
  warnings.warn(
/opt/conda/envs/diffsensei/lib/python3.11/site-packages/torch/nn/modules/module.py:2400: UserWarning: for layer4.1.bn3.weight: copying from a non-meta parameter in the checkpoint to a meta parameter in the current model, which is a no-op. (Did you mean to pass `assign=True` to assign items in the state dictionary to their corresponding key in the module instead of copying them in place?)
  warnings.warn(
/opt/conda/envs/diffsensei/lib/python3.11/site-packages/torch/nn/modules/module.py:2400: UserWarning: for layer4.1.bn3.bias: copying from a non-meta parameter in the checkpoint to a meta parameter in the current model, which is a no-op. (Did you mean to pass `assign=True` to assign items in the state dictionary to their corresponding key in the module instead of copying them in place?)
  warnings.warn(
/opt/conda/envs/diffsensei/lib/python3.11/site-packages/torch/nn/modules/module.py:2400: UserWarning: for layer4.2.conv1.weight: copying from a non-meta parameter in the checkpoint to a meta parameter in the current model, which is a no-op. (Did you mean to pass `assign=True` to assign items in the state dictionary to their corresponding key in the module instead of copying them in place?)
  warnings.warn(
/opt/conda/envs/diffsensei/lib/python3.11/site-packages/torch/nn/modules/module.py:2400: UserWarning: for layer4.2.bn1.weight: copying from a non-meta parameter in the checkpoint to a meta parameter in the current model, which is a no-op. (Did you mean to pass `assign=True` to assign items in the state dictionary to their corresponding key in the module instead of copying them in place?)
  warnings.warn(
/opt/conda/envs/diffsensei/lib/python3.11/site-packages/torch/nn/modules/module.py:2400: UserWarning: for layer4.2.bn1.bias: copying from a non-meta parameter in the checkpoint to a meta parameter in the current model, which is a no-op. (Did you mean to pass `assign=True` to assign items in the state dictionary to their corresponding key in the module instead of copying them in place?)
  warnings.warn(
/opt/conda/envs/diffsensei/lib/python3.11/site-packages/torch/nn/modules/module.py:2400: UserWarning: for layer4.2.conv2.weight: copying from a non-meta parameter in the checkpoint to a meta parameter in the current model, which is a no-op. (Did you mean to pass `assign=True` to assign items in the state dictionary to their corresponding key in the module instead of copying them in place?)
  warnings.warn(
/opt/conda/envs/diffsensei/lib/python3.11/site-packages/torch/nn/modules/module.py:2400: UserWarning: for layer4.2.bn2.weight: copying from a non-meta parameter in the checkpoint to a meta parameter in the current model, which is a no-op. (Did you mean to pass `assign=True` to assign items in the state dictionary to their corresponding key in the module instead of copying them in place?)
  warnings.warn(
/opt/conda/envs/diffsensei/lib/python3.11/site-packages/torch/nn/modules/module.py:2400: UserWarning: for layer4.2.bn2.bias: copying from a non-meta parameter in the checkpoint to a meta parameter in the current model, which is a no-op. (Did you mean to pass `assign=True` to assign items in the state dictionary to their corresponding key in the module instead of copying them in place?)
  warnings.warn(
/opt/conda/envs/diffsensei/lib/python3.11/site-packages/torch/nn/modules/module.py:2400: UserWarning: for layer4.2.conv3.weight: copying from a non-meta parameter in the checkpoint to a meta parameter in the current model, which is a no-op. (Did you mean to pass `assign=True` to assign items in the state dictionary to their corresponding key in the module instead of copying them in place?)
  warnings.warn(
/opt/conda/envs/diffsensei/lib/python3.11/site-packages/torch/nn/modules/module.py:2400: UserWarning: for layer4.2.bn3.weight: copying from a non-meta parameter in the checkpoint to a meta parameter in the current model, which is a no-op. (Did you mean to pass `assign=True` to assign items in the state dictionary to their corresponding key in the module instead of copying them in place?)
  warnings.warn(
/opt/conda/envs/diffsensei/lib/python3.11/site-packages/torch/nn/modules/module.py:2400: UserWarning: for layer4.2.bn3.bias: copying from a non-meta parameter in the checkpoint to a meta parameter in the current model, which is a no-op. (Did you mean to pass `assign=True` to assign items in the state dictionary to their corresponding key in the module instead of copying them in place?)
  warnings.warn(
/opt/conda/envs/diffsensei/lib/python3.11/site-packages/torch/nn/modules/module.py:2400: UserWarning: for conv1.weight: copying from a non-meta parameter in the checkpoint to a meta parameter in the current model, which is a no-op. (Did you mean to pass `assign=True` to assign items in the state dictionary to their corresponding key in the module instead of copying them in place?)
  warnings.warn(
/opt/conda/envs/diffsensei/lib/python3.11/site-packages/torch/nn/modules/module.py:2400: UserWarning: for bn1.weight: copying from a non-meta parameter in the checkpoint to a meta parameter in the current model, which is a no-op. (Did you mean to pass `assign=True` to assign items in the state dictionary to their corresponding key in the module instead of copying them in place?)
  warnings.warn(
/opt/conda/envs/diffsensei/lib/python3.11/site-packages/torch/nn/modules/module.py:2400: UserWarning: for bn1.bias: copying from a non-meta parameter in the checkpoint to a meta parameter in the current model, which is a no-op. (Did you mean to pass `assign=True` to assign items in the state dictionary to their corresponding key in the module instead of copying them in place?)
  warnings.warn(
/opt/conda/envs/diffsensei/lib/python3.11/site-packages/torch/nn/modules/module.py:2400: UserWarning: for layer1.0.conv1.weight: copying from a non-meta parameter in the checkpoint to a meta parameter in the current model, which is a no-op. (Did you mean to pass `assign=True` to assign items in the state dictionary to their corresponding key in the module instead of copying them in place?)
  warnings.warn(
/opt/conda/envs/diffsensei/lib/python3.11/site-packages/torch/nn/modules/module.py:2400: UserWarning: for layer1.0.bn1.weight: copying from a non-meta parameter in the checkpoint to a meta parameter in the current model, which is a no-op. (Did you mean to pass `assign=True` to assign items in the state dictionary to their corresponding key in the module instead of copying them in place?)
  warnings.warn(
/opt/conda/envs/diffsensei/lib/python3.11/site-packages/torch/nn/modules/module.py:2400: UserWarning: for layer1.0.bn1.bias: copying from a non-meta parameter in the checkpoint to a meta parameter in the current model, which is a no-op. (Did you mean to pass `assign=True` to assign items in the state dictionary to their corresponding key in the module instead of copying them in place?)
  warnings.warn(
/opt/conda/envs/diffsensei/lib/python3.11/site-packages/torch/nn/modules/module.py:2400: UserWarning: for layer1.0.conv2.weight: copying from a non-meta parameter in the checkpoint to a meta parameter in the current model, which is a no-op. (Did you mean to pass `assign=True` to assign items in the state dictionary to their corresponding key in the module instead of copying them in place?)
  warnings.warn(
/opt/conda/envs/diffsensei/lib/python3.11/site-packages/torch/nn/modules/module.py:2400: UserWarning: for layer1.0.bn2.weight: copying from a non-meta parameter in the checkpoint to a meta parameter in the current model, which is a no-op. (Did you mean to pass `assign=True` to assign items in the state dictionary to their corresponding key in the module instead of copying them in place?)
  warnings.warn(
/opt/conda/envs/diffsensei/lib/python3.11/site-packages/torch/nn/modules/module.py:2400: UserWarning: for layer1.0.bn2.bias: copying from a non-meta parameter in the checkpoint to a meta parameter in the current model, which is a no-op. (Did you mean to pass `assign=True` to assign items in the state dictionary to their corresponding key in the module instead of copying them in place?)
  warnings.warn(
/opt/conda/envs/diffsensei/lib/python3.11/site-packages/torch/nn/modules/module.py:2400: UserWarning: for layer1.0.conv3.weight: copying from a non-meta parameter in the checkpoint to a meta parameter in the current model, which is a no-op. (Did you mean to pass `assign=True` to assign items in the state dictionary to their corresponding key in the module instead of copying them in place?)
  warnings.warn(
/opt/conda/envs/diffsensei/lib/python3.11/site-packages/torch/nn/modules/module.py:2400: UserWarning: for layer1.0.bn3.weight: copying from a non-meta parameter in the checkpoint to a meta parameter in the current model, which is a no-op. (Did you mean to pass `assign=True` to assign items in the state dictionary to their corresponding key in the module instead of copying them in place?)
  warnings.warn(
/opt/conda/envs/diffsensei/lib/python3.11/site-packages/torch/nn/modules/module.py:2400: UserWarning: for layer1.0.bn3.bias: copying from a non-meta parameter in the checkpoint to a meta parameter in the current model, which is a no-op. (Did you mean to pass `assign=True` to assign items in the state dictionary to their corresponding key in the module instead of copying them in place?)
  warnings.warn(
/opt/conda/envs/diffsensei/lib/python3.11/site-packages/torch/nn/modules/module.py:2400: UserWarning: for layer1.0.downsample.0.weight: copying from a non-meta parameter in the checkpoint to a meta parameter in the current model, which is a no-op. (Did you mean to pass `assign=True` to assign items in the state dictionary to their corresponding key in the module instead of copying them in place?)
  warnings.warn(
/opt/conda/envs/diffsensei/lib/python3.11/site-packages/torch/nn/modules/module.py:2400: UserWarning: for layer1.0.downsample.1.weight: copying from a non-meta parameter in the checkpoint to a meta parameter in the current model, which is a no-op. (Did you mean to pass `assign=True` to assign items in the state dictionary to their corresponding key in the module instead of copying them in place?)
  warnings.warn(
/opt/conda/envs/diffsensei/lib/python3.11/site-packages/torch/nn/modules/module.py:2400: UserWarning: for layer1.0.downsample.1.bias: copying from a non-meta parameter in the checkpoint to a meta parameter in the current model, which is a no-op. (Did you mean to pass `assign=True` to assign items in the state dictionary to their corresponding key in the module instead of copying them in place?)
  warnings.warn(
/opt/conda/envs/diffsensei/lib/python3.11/site-packages/torch/nn/modules/module.py:2400: UserWarning: for layer1.1.conv1.weight: copying from a non-meta parameter in the checkpoint to a meta parameter in the current model, which is a no-op. (Did you mean to pass `assign=True` to assign items in the state dictionary to their corresponding key in the module instead of copying them in place?)
  warnings.warn(
/opt/conda/envs/diffsensei/lib/python3.11/site-packages/torch/nn/modules/module.py:2400: UserWarning: for layer1.1.bn1.weight: copying from a non-meta parameter in the checkpoint to a meta parameter in the current model, which is a no-op. (Did you mean to pass `assign=True` to assign items in the state dictionary to their corresponding key in the module instead of copying them in place?)
  warnings.warn(
/opt/conda/envs/diffsensei/lib/python3.11/site-packages/torch/nn/modules/module.py:2400: UserWarning: for layer1.1.bn1.bias: copying from a non-meta parameter in the checkpoint to a meta parameter in the current model, which is a no-op. (Did you mean to pass `assign=True` to assign items in the state dictionary to their corresponding key in the module instead of copying them in place?)
  warnings.warn(
/opt/conda/envs/diffsensei/lib/python3.11/site-packages/torch/nn/modules/module.py:2400: UserWarning: for layer1.1.conv2.weight: copying from a non-meta parameter in the checkpoint to a meta parameter in the current model, which is a no-op. (Did you mean to pass `assign=True` to assign items in the state dictionary to their corresponding key in the module instead of copying them in place?)
  warnings.warn(
/opt/conda/envs/diffsensei/lib/python3.11/site-packages/torch/nn/modules/module.py:2400: UserWarning: for layer1.1.bn2.weight: copying from a non-meta parameter in the checkpoint to a meta parameter in the current model, which is a no-op. (Did you mean to pass `assign=True` to assign items in the state dictionary to their corresponding key in the module instead of copying them in place?)
  warnings.warn(
/opt/conda/envs/diffsensei/lib/python3.11/site-packages/torch/nn/modules/module.py:2400: UserWarning: for layer1.1.bn2.bias: copying from a non-meta parameter in the checkpoint to a meta parameter in the current model, which is a no-op. (Did you mean to pass `assign=True` to assign items in the state dictionary to their corresponding key in the module instead of copying them in place?)
  warnings.warn(
/opt/conda/envs/diffsensei/lib/python3.11/site-packages/torch/nn/modules/module.py:2400: UserWarning: for layer1.1.conv3.weight: copying from a non-meta parameter in the checkpoint to a meta parameter in the current model, which is a no-op. (Did you mean to pass `assign=True` to assign items in the state dictionary to their corresponding key in the module instead of copying them in place?)
  warnings.warn(
/opt/conda/envs/diffsensei/lib/python3.11/site-packages/torch/nn/modules/module.py:2400: UserWarning: for layer1.1.bn3.weight: copying from a non-meta parameter in the checkpoint to a meta parameter in the current model, which is a no-op. (Did you mean to pass `assign=True` to assign items in the state dictionary to their corresponding key in the module instead of copying them in place?)
  warnings.warn(
/opt/conda/envs/diffsensei/lib/python3.11/site-packages/torch/nn/modules/module.py:2400: UserWarning: for layer1.1.bn3.bias: copying from a non-meta parameter in the checkpoint to a meta parameter in the current model, which is a no-op. (Did you mean to pass `assign=True` to assign items in the state dictionary to their corresponding key in the module instead of copying them in place?)
  warnings.warn(
/opt/conda/envs/diffsensei/lib/python3.11/site-packages/torch/nn/modules/module.py:2400: UserWarning: for layer1.2.conv1.weight: copying from a non-meta parameter in the checkpoint to a meta parameter in the current model, which is a no-op. (Did you mean to pass `assign=True` to assign items in the state dictionary to their corresponding key in the module instead of copying them in place?)
  warnings.warn(
/opt/conda/envs/diffsensei/lib/python3.11/site-packages/torch/nn/modules/module.py:2400: UserWarning: for layer1.2.bn1.weight: copying from a non-meta parameter in the checkpoint to a meta parameter in the current model, which is a no-op. (Did you mean to pass `assign=True` to assign items in the state dictionary to their corresponding key in the module instead of copying them in place?)
  warnings.warn(
/opt/conda/envs/diffsensei/lib/python3.11/site-packages/torch/nn/modules/module.py:2400: UserWarning: for layer1.2.bn1.bias: copying from a non-meta parameter in the checkpoint to a meta parameter in the current model, which is a no-op. (Did you mean to pass `assign=True` to assign items in the state dictionary to their corresponding key in the module instead of copying them in place?)
  warnings.warn(
/opt/conda/envs/diffsensei/lib/python3.11/site-packages/torch/nn/modules/module.py:2400: UserWarning: for layer1.2.conv2.weight: copying from a non-meta parameter in the checkpoint to a meta parameter in the current model, which is a no-op. (Did you mean to pass `assign=True` to assign items in the state dictionary to their corresponding key in the module instead of copying them in place?)
  warnings.warn(
/opt/conda/envs/diffsensei/lib/python3.11/site-packages/torch/nn/modules/module.py:2400: UserWarning: for layer1.2.bn2.weight: copying from a non-meta parameter in the checkpoint to a meta parameter in the current model, which is a no-op. (Did you mean to pass `assign=True` to assign items in the state dictionary to their corresponding key in the module instead of copying them in place?)
  warnings.warn(
/opt/conda/envs/diffsensei/lib/python3.11/site-packages/torch/nn/modules/module.py:2400: UserWarning: for layer1.2.bn2.bias: copying from a non-meta parameter in the checkpoint to a meta parameter in the current model, which is a no-op. (Did you mean to pass `assign=True` to assign items in the state dictionary to their corresponding key in the module instead of copying them in place?)
  warnings.warn(
/opt/conda/envs/diffsensei/lib/python3.11/site-packages/torch/nn/modules/module.py:2400: UserWarning: for layer1.2.conv3.weight: copying from a non-meta parameter in the checkpoint to a meta parameter in the current model, which is a no-op. (Did you mean to pass `assign=True` to assign items in the state dictionary to their corresponding key in the module instead of copying them in place?)
  warnings.warn(
/opt/conda/envs/diffsensei/lib/python3.11/site-packages/torch/nn/modules/module.py:2400: UserWarning: for layer1.2.bn3.weight: copying from a non-meta parameter in the checkpoint to a meta parameter in the current model, which is a no-op. (Did you mean to pass `assign=True` to assign items in the state dictionary to their corresponding key in the module instead of copying them in place?)
  warnings.warn(
/opt/conda/envs/diffsensei/lib/python3.11/site-packages/torch/nn/modules/module.py:2400: UserWarning: for layer1.2.bn3.bias: copying from a non-meta parameter in the checkpoint to a meta parameter in the current model, which is a no-op. (Did you mean to pass `assign=True` to assign items in the state dictionary to their corresponding key in the module instead of copying them in place?)
  warnings.warn(
/opt/conda/envs/diffsensei/lib/python3.11/site-packages/torch/nn/modules/module.py:2400: UserWarning: for layer2.0.conv1.weight: copying from a non-meta parameter in the checkpoint to a meta parameter in the current model, which is a no-op. (Did you mean to pass `assign=True` to assign items in the state dictionary to their corresponding key in the module instead of copying them in place?)
  warnings.warn(
/opt/conda/envs/diffsensei/lib/python3.11/site-packages/torch/nn/modules/module.py:2400: UserWarning: for layer2.0.bn1.weight: copying from a non-meta parameter in the checkpoint to a meta parameter in the current model, which is a no-op. (Did you mean to pass `assign=True` to assign items in the state dictionary to their corresponding key in the module instead of copying them in place?)
  warnings.warn(
/opt/conda/envs/diffsensei/lib/python3.11/site-packages/torch/nn/modules/module.py:2400: UserWarning: for layer2.0.bn1.bias: copying from a non-meta parameter in the checkpoint to a meta parameter in the current model, which is a no-op. (Did you mean to pass `assign=True` to assign items in the state dictionary to their corresponding key in the module instead of copying them in place?)
  warnings.warn(
/opt/conda/envs/diffsensei/lib/python3.11/site-packages/torch/nn/modules/module.py:2400: UserWarning: for layer2.0.conv2.weight: copying from a non-meta parameter in the checkpoint to a meta parameter in the current model, which is a no-op. (Did you mean to pass `assign=True` to assign items in the state dictionary to their corresponding key in the module instead of copying them in place?)
  warnings.warn(
/opt/conda/envs/diffsensei/lib/python3.11/site-packages/torch/nn/modules/module.py:2400: UserWarning: for layer2.0.bn2.weight: copying from a non-meta parameter in the checkpoint to a meta parameter in the current model, which is a no-op. (Did you mean to pass `assign=True` to assign items in the state dictionary to their corresponding key in the module instead of copying them in place?)
  warnings.warn(
/opt/conda/envs/diffsensei/lib/python3.11/site-packages/torch/nn/modules/module.py:2400: UserWarning: for layer2.0.bn2.bias: copying from a non-meta parameter in the checkpoint to a meta parameter in the current model, which is a no-op. (Did you mean to pass `assign=True` to assign items in the state dictionary to their corresponding key in the module instead of copying them in place?)
  warnings.warn(
/opt/conda/envs/diffsensei/lib/python3.11/site-packages/torch/nn/modules/module.py:2400: UserWarning: for layer2.0.conv3.weight: copying from a non-meta parameter in the checkpoint to a meta parameter in the current model, which is a no-op. (Did you mean to pass `assign=True` to assign items in the state dictionary to their corresponding key in the module instead of copying them in place?)
  warnings.warn(
/opt/conda/envs/diffsensei/lib/python3.11/site-packages/torch/nn/modules/module.py:2400: UserWarning: for layer2.0.bn3.weight: copying from a non-meta parameter in the checkpoint to a meta parameter in the current model, which is a no-op. (Did you mean to pass `assign=True` to assign items in the state dictionary to their corresponding key in the module instead of copying them in place?)
  warnings.warn(
/opt/conda/envs/diffsensei/lib/python3.11/site-packages/torch/nn/modules/module.py:2400: UserWarning: for layer2.0.bn3.bias: copying from a non-meta parameter in the checkpoint to a meta parameter in the current model, which is a no-op. (Did you mean to pass `assign=True` to assign items in the state dictionary to their corresponding key in the module instead of copying them in place?)
  warnings.warn(
/opt/conda/envs/diffsensei/lib/python3.11/site-packages/torch/nn/modules/module.py:2400: UserWarning: for layer2.0.downsample.0.weight: copying from a non-meta parameter in the checkpoint to a meta parameter in the current model, which is a no-op. (Did you mean to pass `assign=True` to assign items in the state dictionary to their corresponding key in the module instead of copying them in place?)
  warnings.warn(
/opt/conda/envs/diffsensei/lib/python3.11/site-packages/torch/nn/modules/module.py:2400: UserWarning: for layer2.0.downsample.1.weight: copying from a non-meta parameter in the checkpoint to a meta parameter in the current model, which is a no-op. (Did you mean to pass `assign=True` to assign items in the state dictionary to their corresponding key in the module instead of copying them in place?)
  warnings.warn(
/opt/conda/envs/diffsensei/lib/python3.11/site-packages/torch/nn/modules/module.py:2400: UserWarning: for layer2.0.downsample.1.bias: copying from a non-meta parameter in the checkpoint to a meta parameter in the current model, which is a no-op. (Did you mean to pass `assign=True` to assign items in the state dictionary to their corresponding key in the module instead of copying them in place?)
  warnings.warn(
/opt/conda/envs/diffsensei/lib/python3.11/site-packages/torch/nn/modules/module.py:2400: UserWarning: for layer2.1.conv1.weight: copying from a non-meta parameter in the checkpoint to a meta parameter in the current model, which is a no-op. (Did you mean to pass `assign=True` to assign items in the state dictionary to their corresponding key in the module instead of copying them in place?)
  warnings.warn(
/opt/conda/envs/diffsensei/lib/python3.11/site-packages/torch/nn/modules/module.py:2400: UserWarning: for layer2.1.bn1.weight: copying from a non-meta parameter in the checkpoint to a meta parameter in the current model, which is a no-op. (Did you mean to pass `assign=True` to assign items in the state dictionary to their corresponding key in the module instead of copying them in place?)
  warnings.warn(
/opt/conda/envs/diffsensei/lib/python3.11/site-packages/torch/nn/modules/module.py:2400: UserWarning: for layer2.1.bn1.bias: copying from a non-meta parameter in the checkpoint to a meta parameter in the current model, which is a no-op. (Did you mean to pass `assign=True` to assign items in the state dictionary to their corresponding key in the module instead of copying them in place?)
  warnings.warn(
/opt/conda/envs/diffsensei/lib/python3.11/site-packages/torch/nn/modules/module.py:2400: UserWarning: for layer2.1.conv2.weight: copying from a non-meta parameter in the checkpoint to a meta parameter in the current model, which is a no-op. (Did you mean to pass `assign=True` to assign items in the state dictionary to their corresponding key in the module instead of copying them in place?)
  warnings.warn(
/opt/conda/envs/diffsensei/lib/python3.11/site-packages/torch/nn/modules/module.py:2400: UserWarning: for layer2.1.bn2.weight: copying from a non-meta parameter in the checkpoint to a meta parameter in the current model, which is a no-op. (Did you mean to pass `assign=True` to assign items in the state dictionary to their corresponding key in the module instead of copying them in place?)
  warnings.warn(
/opt/conda/envs/diffsensei/lib/python3.11/site-packages/torch/nn/modules/module.py:2400: UserWarning: for layer2.1.bn2.bias: copying from a non-meta parameter in the checkpoint to a meta parameter in the current model, which is a no-op. (Did you mean to pass `assign=True` to assign items in the state dictionary to their corresponding key in the module instead of copying them in place?)
  warnings.warn(
/opt/conda/envs/diffsensei/lib/python3.11/site-packages/torch/nn/modules/module.py:2400: UserWarning: for layer2.1.conv3.weight: copying from a non-meta parameter in the checkpoint to a meta parameter in the current model, which is a no-op. (Did you mean to pass `assign=True` to assign items in the state dictionary to their corresponding key in the module instead of copying them in place?)
  warnings.warn(
/opt/conda/envs/diffsensei/lib/python3.11/site-packages/torch/nn/modules/module.py:2400: UserWarning: for layer2.1.bn3.weight: copying from a non-meta parameter in the checkpoint to a meta parameter in the current model, which is a no-op. (Did you mean to pass `assign=True` to assign items in the state dictionary to their corresponding key in the module instead of copying them in place?)
  warnings.warn(
/opt/conda/envs/diffsensei/lib/python3.11/site-packages/torch/nn/modules/module.py:2400: UserWarning: for layer2.1.bn3.bias: copying from a non-meta parameter in the checkpoint to a meta parameter in the current model, which is a no-op. (Did you mean to pass `assign=True` to assign items in the state dictionary to their corresponding key in the module instead of copying them in place?)
  warnings.warn(
/opt/conda/envs/diffsensei/lib/python3.11/site-packages/torch/nn/modules/module.py:2400: UserWarning: for layer2.2.conv1.weight: copying from a non-meta parameter in the checkpoint to a meta parameter in the current model, which is a no-op. (Did you mean to pass `assign=True` to assign items in the state dictionary to their corresponding key in the module instead of copying them in place?)
  warnings.warn(
/opt/conda/envs/diffsensei/lib/python3.11/site-packages/torch/nn/modules/module.py:2400: UserWarning: for layer2.2.bn1.weight: copying from a non-meta parameter in the checkpoint to a meta parameter in the current model, which is a no-op. (Did you mean to pass `assign=True` to assign items in the state dictionary to their corresponding key in the module instead of copying them in place?)
  warnings.warn(
/opt/conda/envs/diffsensei/lib/python3.11/site-packages/torch/nn/modules/module.py:2400: UserWarning: for layer2.2.bn1.bias: copying from a non-meta parameter in the checkpoint to a meta parameter in the current model, which is a no-op. (Did you mean to pass `assign=True` to assign items in the state dictionary to their corresponding key in the module instead of copying them in place?)
  warnings.warn(
/opt/conda/envs/diffsensei/lib/python3.11/site-packages/torch/nn/modules/module.py:2400: UserWarning: for layer2.2.conv2.weight: copying from a non-meta parameter in the checkpoint to a meta parameter in the current model, which is a no-op. (Did you mean to pass `assign=True` to assign items in the state dictionary to their corresponding key in the module instead of copying them in place?)
  warnings.warn(
/opt/conda/envs/diffsensei/lib/python3.11/site-packages/torch/nn/modules/module.py:2400: UserWarning: for layer2.2.bn2.weight: copying from a non-meta parameter in the checkpoint to a meta parameter in the current model, which is a no-op. (Did you mean to pass `assign=True` to assign items in the state dictionary to their corresponding key in the module instead of copying them in place?)
  warnings.warn(
/opt/conda/envs/diffsensei/lib/python3.11/site-packages/torch/nn/modules/module.py:2400: UserWarning: for layer2.2.bn2.bias: copying from a non-meta parameter in the checkpoint to a meta parameter in the current model, which is a no-op. (Did you mean to pass `assign=True` to assign items in the state dictionary to their corresponding key in the module instead of copying them in place?)
  warnings.warn(
/opt/conda/envs/diffsensei/lib/python3.11/site-packages/torch/nn/modules/module.py:2400: UserWarning: for layer2.2.conv3.weight: copying from a non-meta parameter in the checkpoint to a meta parameter in the current model, which is a no-op. (Did you mean to pass `assign=True` to assign items in the state dictionary to their corresponding key in the module instead of copying them in place?)
  warnings.warn(
/opt/conda/envs/diffsensei/lib/python3.11/site-packages/torch/nn/modules/module.py:2400: UserWarning: for layer2.2.bn3.weight: copying from a non-meta parameter in the checkpoint to a meta parameter in the current model, which is a no-op. (Did you mean to pass `assign=True` to assign items in the state dictionary to their corresponding key in the module instead of copying them in place?)
  warnings.warn(
/opt/conda/envs/diffsensei/lib/python3.11/site-packages/torch/nn/modules/module.py:2400: UserWarning: for layer2.2.bn3.bias: copying from a non-meta parameter in the checkpoint to a meta parameter in the current model, which is a no-op. (Did you mean to pass `assign=True` to assign items in the state dictionary to their corresponding key in the module instead of copying them in place?)
  warnings.warn(
/opt/conda/envs/diffsensei/lib/python3.11/site-packages/torch/nn/modules/module.py:2400: UserWarning: for layer2.3.conv1.weight: copying from a non-meta parameter in the checkpoint to a meta parameter in the current model, which is a no-op. (Did you mean to pass `assign=True` to assign items in the state dictionary to their corresponding key in the module instead of copying them in place?)
  warnings.warn(
/opt/conda/envs/diffsensei/lib/python3.11/site-packages/torch/nn/modules/module.py:2400: UserWarning: for layer2.3.bn1.weight: copying from a non-meta parameter in the checkpoint to a meta parameter in the current model, which is a no-op. (Did you mean to pass `assign=True` to assign items in the state dictionary to their corresponding key in the module instead of copying them in place?)
  warnings.warn(
/opt/conda/envs/diffsensei/lib/python3.11/site-packages/torch/nn/modules/module.py:2400: UserWarning: for layer2.3.bn1.bias: copying from a non-meta parameter in the checkpoint to a meta parameter in the current model, which is a no-op. (Did you mean to pass `assign=True` to assign items in the state dictionary to their corresponding key in the module instead of copying them in place?)
  warnings.warn(
/opt/conda/envs/diffsensei/lib/python3.11/site-packages/torch/nn/modules/module.py:2400: UserWarning: for layer2.3.conv2.weight: copying from a non-meta parameter in the checkpoint to a meta parameter in the current model, which is a no-op. (Did you mean to pass `assign=True` to assign items in the state dictionary to their corresponding key in the module instead of copying them in place?)
  warnings.warn(
/opt/conda/envs/diffsensei/lib/python3.11/site-packages/torch/nn/modules/module.py:2400: UserWarning: for layer2.3.bn2.weight: copying from a non-meta parameter in the checkpoint to a meta parameter in the current model, which is a no-op. (Did you mean to pass `assign=True` to assign items in the state dictionary to their corresponding key in the module instead of copying them in place?)
  warnings.warn(
/opt/conda/envs/diffsensei/lib/python3.11/site-packages/torch/nn/modules/module.py:2400: UserWarning: for layer2.3.bn2.bias: copying from a non-meta parameter in the checkpoint to a meta parameter in the current model, which is a no-op. (Did you mean to pass `assign=True` to assign items in the state dictionary to their corresponding key in the module instead of copying them in place?)
  warnings.warn(
/opt/conda/envs/diffsensei/lib/python3.11/site-packages/torch/nn/modules/module.py:2400: UserWarning: for layer2.3.conv3.weight: copying from a non-meta parameter in the checkpoint to a meta parameter in the current model, which is a no-op. (Did you mean to pass `assign=True` to assign items in the state dictionary to their corresponding key in the module instead of copying them in place?)
  warnings.warn(
/opt/conda/envs/diffsensei/lib/python3.11/site-packages/torch/nn/modules/module.py:2400: UserWarning: for layer2.3.bn3.weight: copying from a non-meta parameter in the checkpoint to a meta parameter in the current model, which is a no-op. (Did you mean to pass `assign=True` to assign items in the state dictionary to their corresponding key in the module instead of copying them in place?)
  warnings.warn(
/opt/conda/envs/diffsensei/lib/python3.11/site-packages/torch/nn/modules/module.py:2400: UserWarning: for layer2.3.bn3.bias: copying from a non-meta parameter in the checkpoint to a meta parameter in the current model, which is a no-op. (Did you mean to pass `assign=True` to assign items in the state dictionary to their corresponding key in the module instead of copying them in place?)
  warnings.warn(
/opt/conda/envs/diffsensei/lib/python3.11/site-packages/torch/nn/modules/module.py:2400: UserWarning: for layer3.0.conv1.weight: copying from a non-meta parameter in the checkpoint to a meta parameter in the current model, which is a no-op. (Did you mean to pass `assign=True` to assign items in the state dictionary to their corresponding key in the module instead of copying them in place?)
  warnings.warn(
/opt/conda/envs/diffsensei/lib/python3.11/site-packages/torch/nn/modules/module.py:2400: UserWarning: for layer3.0.bn1.weight: copying from a non-meta parameter in the checkpoint to a meta parameter in the current model, which is a no-op. (Did you mean to pass `assign=True` to assign items in the state dictionary to their corresponding key in the module instead of copying them in place?)
  warnings.warn(
/opt/conda/envs/diffsensei/lib/python3.11/site-packages/torch/nn/modules/module.py:2400: UserWarning: for layer3.0.bn1.bias: copying from a non-meta parameter in the checkpoint to a meta parameter in the current model, which is a no-op. (Did you mean to pass `assign=True` to assign items in the state dictionary to their corresponding key in the module instead of copying them in place?)
  warnings.warn(
/opt/conda/envs/diffsensei/lib/python3.11/site-packages/torch/nn/modules/module.py:2400: UserWarning: for layer3.0.conv2.weight: copying from a non-meta parameter in the checkpoint to a meta parameter in the current model, which is a no-op. (Did you mean to pass `assign=True` to assign items in the state dictionary to their corresponding key in the module instead of copying them in place?)
  warnings.warn(
/opt/conda/envs/diffsensei/lib/python3.11/site-packages/torch/nn/modules/module.py:2400: UserWarning: for layer3.0.bn2.weight: copying from a non-meta parameter in the checkpoint to a meta parameter in the current model, which is a no-op. (Did you mean to pass `assign=True` to assign items in the state dictionary to their corresponding key in the module instead of copying them in place?)
  warnings.warn(
/opt/conda/envs/diffsensei/lib/python3.11/site-packages/torch/nn/modules/module.py:2400: UserWarning: for layer3.0.bn2.bias: copying from a non-meta parameter in the checkpoint to a meta parameter in the current model, which is a no-op. (Did you mean to pass `assign=True` to assign items in the state dictionary to their corresponding key in the module instead of copying them in place?)
  warnings.warn(
/opt/conda/envs/diffsensei/lib/python3.11/site-packages/torch/nn/modules/module.py:2400: UserWarning: for layer3.0.conv3.weight: copying from a non-meta parameter in the checkpoint to a meta parameter in the current model, which is a no-op. (Did you mean to pass `assign=True` to assign items in the state dictionary to their corresponding key in the module instead of copying them in place?)
  warnings.warn(
/opt/conda/envs/diffsensei/lib/python3.11/site-packages/torch/nn/modules/module.py:2400: UserWarning: for layer3.0.bn3.weight: copying from a non-meta parameter in the checkpoint to a meta parameter in the current model, which is a no-op. (Did you mean to pass `assign=True` to assign items in the state dictionary to their corresponding key in the module instead of copying them in place?)
  warnings.warn(
/opt/conda/envs/diffsensei/lib/python3.11/site-packages/torch/nn/modules/module.py:2400: UserWarning: for layer3.0.bn3.bias: copying from a non-meta parameter in the checkpoint to a meta parameter in the current model, which is a no-op. (Did you mean to pass `assign=True` to assign items in the state dictionary to their corresponding key in the module instead of copying them in place?)
  warnings.warn(
/opt/conda/envs/diffsensei/lib/python3.11/site-packages/torch/nn/modules/module.py:2400: UserWarning: for layer3.0.downsample.0.weight: copying from a non-meta parameter in the checkpoint to a meta parameter in the current model, which is a no-op. (Did you mean to pass `assign=True` to assign items in the state dictionary to their corresponding key in the module instead of copying them in place?)
  warnings.warn(
/opt/conda/envs/diffsensei/lib/python3.11/site-packages/torch/nn/modules/module.py:2400: UserWarning: for layer3.0.downsample.1.weight: copying from a non-meta parameter in the checkpoint to a meta parameter in the current model, which is a no-op. (Did you mean to pass `assign=True` to assign items in the state dictionary to their corresponding key in the module instead of copying them in place?)
  warnings.warn(
/opt/conda/envs/diffsensei/lib/python3.11/site-packages/torch/nn/modules/module.py:2400: UserWarning: for layer3.0.downsample.1.bias: copying from a non-meta parameter in the checkpoint to a meta parameter in the current model, which is a no-op. (Did you mean to pass `assign=True` to assign items in the state dictionary to their corresponding key in the module instead of copying them in place?)
  warnings.warn(
/opt/conda/envs/diffsensei/lib/python3.11/site-packages/torch/nn/modules/module.py:2400: UserWarning: for layer3.1.conv1.weight: copying from a non-meta parameter in the checkpoint to a meta parameter in the current model, which is a no-op. (Did you mean to pass `assign=True` to assign items in the state dictionary to their corresponding key in the module instead of copying them in place?)
  warnings.warn(
/opt/conda/envs/diffsensei/lib/python3.11/site-packages/torch/nn/modules/module.py:2400: UserWarning: for layer3.1.bn1.weight: copying from a non-meta parameter in the checkpoint to a meta parameter in the current model, which is a no-op. (Did you mean to pass `assign=True` to assign items in the state dictionary to their corresponding key in the module instead of copying them in place?)
  warnings.warn(
/opt/conda/envs/diffsensei/lib/python3.11/site-packages/torch/nn/modules/module.py:2400: UserWarning: for layer3.1.bn1.bias: copying from a non-meta parameter in the checkpoint to a meta parameter in the current model, which is a no-op. (Did you mean to pass `assign=True` to assign items in the state dictionary to their corresponding key in the module instead of copying them in place?)
  warnings.warn(
/opt/conda/envs/diffsensei/lib/python3.11/site-packages/torch/nn/modules/module.py:2400: UserWarning: for layer3.1.conv2.weight: copying from a non-meta parameter in the checkpoint to a meta parameter in the current model, which is a no-op. (Did you mean to pass `assign=True` to assign items in the state dictionary to their corresponding key in the module instead of copying them in place?)
  warnings.warn(
/opt/conda/envs/diffsensei/lib/python3.11/site-packages/torch/nn/modules/module.py:2400: UserWarning: for layer3.1.bn2.weight: copying from a non-meta parameter in the checkpoint to a meta parameter in the current model, which is a no-op. (Did you mean to pass `assign=True` to assign items in the state dictionary to their corresponding key in the module instead of copying them in place?)
  warnings.warn(
/opt/conda/envs/diffsensei/lib/python3.11/site-packages/torch/nn/modules/module.py:2400: UserWarning: for layer3.1.bn2.bias: copying from a non-meta parameter in the checkpoint to a meta parameter in the current model, which is a no-op. (Did you mean to pass `assign=True` to assign items in the state dictionary to their corresponding key in the module instead of copying them in place?)
  warnings.warn(
/opt/conda/envs/diffsensei/lib/python3.11/site-packages/torch/nn/modules/module.py:2400: UserWarning: for layer3.1.conv3.weight: copying from a non-meta parameter in the checkpoint to a meta parameter in the current model, which is a no-op. (Did you mean to pass `assign=True` to assign items in the state dictionary to their corresponding key in the module instead of copying them in place?)
  warnings.warn(
/opt/conda/envs/diffsensei/lib/python3.11/site-packages/torch/nn/modules/module.py:2400: UserWarning: for layer3.1.bn3.weight: copying from a non-meta parameter in the checkpoint to a meta parameter in the current model, which is a no-op. (Did you mean to pass `assign=True` to assign items in the state dictionary to their corresponding key in the module instead of copying them in place?)
  warnings.warn(
/opt/conda/envs/diffsensei/lib/python3.11/site-packages/torch/nn/modules/module.py:2400: UserWarning: for layer3.1.bn3.bias: copying from a non-meta parameter in the checkpoint to a meta parameter in the current model, which is a no-op. (Did you mean to pass `assign=True` to assign items in the state dictionary to their corresponding key in the module instead of copying them in place?)
  warnings.warn(
/opt/conda/envs/diffsensei/lib/python3.11/site-packages/torch/nn/modules/module.py:2400: UserWarning: for layer3.2.conv1.weight: copying from a non-meta parameter in the checkpoint to a meta parameter in the current model, which is a no-op. (Did you mean to pass `assign=True` to assign items in the state dictionary to their corresponding key in the module instead of copying them in place?)
  warnings.warn(
/opt/conda/envs/diffsensei/lib/python3.11/site-packages/torch/nn/modules/module.py:2400: UserWarning: for layer3.2.bn1.weight: copying from a non-meta parameter in the checkpoint to a meta parameter in the current model, which is a no-op. (Did you mean to pass `assign=True` to assign items in the state dictionary to their corresponding key in the module instead of copying them in place?)
  warnings.warn(
/opt/conda/envs/diffsensei/lib/python3.11/site-packages/torch/nn/modules/module.py:2400: UserWarning: for layer3.2.bn1.bias: copying from a non-meta parameter in the checkpoint to a meta parameter in the current model, which is a no-op. (Did you mean to pass `assign=True` to assign items in the state dictionary to their corresponding key in the module instead of copying them in place?)
  warnings.warn(
/opt/conda/envs/diffsensei/lib/python3.11/site-packages/torch/nn/modules/module.py:2400: UserWarning: for layer3.2.conv2.weight: copying from a non-meta parameter in the checkpoint to a meta parameter in the current model, which is a no-op. (Did you mean to pass `assign=True` to assign items in the state dictionary to their corresponding key in the module instead of copying them in place?)
  warnings.warn(
/opt/conda/envs/diffsensei/lib/python3.11/site-packages/torch/nn/modules/module.py:2400: UserWarning: for layer3.2.bn2.weight: copying from a non-meta parameter in the checkpoint to a meta parameter in the current model, which is a no-op. (Did you mean to pass `assign=True` to assign items in the state dictionary to their corresponding key in the module instead of copying them in place?)
  warnings.warn(
/opt/conda/envs/diffsensei/lib/python3.11/site-packages/torch/nn/modules/module.py:2400: UserWarning: for layer3.2.bn2.bias: copying from a non-meta parameter in the checkpoint to a meta parameter in the current model, which is a no-op. (Did you mean to pass `assign=True` to assign items in the state dictionary to their corresponding key in the module instead of copying them in place?)
  warnings.warn(
/opt/conda/envs/diffsensei/lib/python3.11/site-packages/torch/nn/modules/module.py:2400: UserWarning: for layer3.2.conv3.weight: copying from a non-meta parameter in the checkpoint to a meta parameter in the current model, which is a no-op. (Did you mean to pass `assign=True` to assign items in the state dictionary to their corresponding key in the module instead of copying them in place?)
  warnings.warn(
/opt/conda/envs/diffsensei/lib/python3.11/site-packages/torch/nn/modules/module.py:2400: UserWarning: for layer3.2.bn3.weight: copying from a non-meta parameter in the checkpoint to a meta parameter in the current model, which is a no-op. (Did you mean to pass `assign=True` to assign items in the state dictionary to their corresponding key in the module instead of copying them in place?)
  warnings.warn(
/opt/conda/envs/diffsensei/lib/python3.11/site-packages/torch/nn/modules/module.py:2400: UserWarning: for layer3.2.bn3.bias: copying from a non-meta parameter in the checkpoint to a meta parameter in the current model, which is a no-op. (Did you mean to pass `assign=True` to assign items in the state dictionary to their corresponding key in the module instead of copying them in place?)
  warnings.warn(
/opt/conda/envs/diffsensei/lib/python3.11/site-packages/torch/nn/modules/module.py:2400: UserWarning: for layer3.3.conv1.weight: copying from a non-meta parameter in the checkpoint to a meta parameter in the current model, which is a no-op. (Did you mean to pass `assign=True` to assign items in the state dictionary to their corresponding key in the module instead of copying them in place?)
  warnings.warn(
/opt/conda/envs/diffsensei/lib/python3.11/site-packages/torch/nn/modules/module.py:2400: UserWarning: for layer3.3.bn1.weight: copying from a non-meta parameter in the checkpoint to a meta parameter in the current model, which is a no-op. (Did you mean to pass `assign=True` to assign items in the state dictionary to their corresponding key in the module instead of copying them in place?)
  warnings.warn(
/opt/conda/envs/diffsensei/lib/python3.11/site-packages/torch/nn/modules/module.py:2400: UserWarning: for layer3.3.bn1.bias: copying from a non-meta parameter in the checkpoint to a meta parameter in the current model, which is a no-op. (Did you mean to pass `assign=True` to assign items in the state dictionary to their corresponding key in the module instead of copying them in place?)
  warnings.warn(
/opt/conda/envs/diffsensei/lib/python3.11/site-packages/torch/nn/modules/module.py:2400: UserWarning: for layer3.3.conv2.weight: copying from a non-meta parameter in the checkpoint to a meta parameter in the current model, which is a no-op. (Did you mean to pass `assign=True` to assign items in the state dictionary to their corresponding key in the module instead of copying them in place?)
  warnings.warn(
/opt/conda/envs/diffsensei/lib/python3.11/site-packages/torch/nn/modules/module.py:2400: UserWarning: for layer3.3.bn2.weight: copying from a non-meta parameter in the checkpoint to a meta parameter in the current model, which is a no-op. (Did you mean to pass `assign=True` to assign items in the state dictionary to their corresponding key in the module instead of copying them in place?)
  warnings.warn(
/opt/conda/envs/diffsensei/lib/python3.11/site-packages/torch/nn/modules/module.py:2400: UserWarning: for layer3.3.bn2.bias: copying from a non-meta parameter in the checkpoint to a meta parameter in the current model, which is a no-op. (Did you mean to pass `assign=True` to assign items in the state dictionary to their corresponding key in the module instead of copying them in place?)
  warnings.warn(
/opt/conda/envs/diffsensei/lib/python3.11/site-packages/torch/nn/modules/module.py:2400: UserWarning: for layer3.3.conv3.weight: copying from a non-meta parameter in the checkpoint to a meta parameter in the current model, which is a no-op. (Did you mean to pass `assign=True` to assign items in the state dictionary to their corresponding key in the module instead of copying them in place?)
  warnings.warn(
/opt/conda/envs/diffsensei/lib/python3.11/site-packages/torch/nn/modules/module.py:2400: UserWarning: for layer3.3.bn3.weight: copying from a non-meta parameter in the checkpoint to a meta parameter in the current model, which is a no-op. (Did you mean to pass `assign=True` to assign items in the state dictionary to their corresponding key in the module instead of copying them in place?)
  warnings.warn(
/opt/conda/envs/diffsensei/lib/python3.11/site-packages/torch/nn/modules/module.py:2400: UserWarning: for layer3.3.bn3.bias: copying from a non-meta parameter in the checkpoint to a meta parameter in the current model, which is a no-op. (Did you mean to pass `assign=True` to assign items in the state dictionary to their corresponding key in the module instead of copying them in place?)
  warnings.warn(
/opt/conda/envs/diffsensei/lib/python3.11/site-packages/torch/nn/modules/module.py:2400: UserWarning: for layer3.4.conv1.weight: copying from a non-meta parameter in the checkpoint to a meta parameter in the current model, which is a no-op. (Did you mean to pass `assign=True` to assign items in the state dictionary to their corresponding key in the module instead of copying them in place?)
  warnings.warn(
/opt/conda/envs/diffsensei/lib/python3.11/site-packages/torch/nn/modules/module.py:2400: UserWarning: for layer3.4.bn1.weight: copying from a non-meta parameter in the checkpoint to a meta parameter in the current model, which is a no-op. (Did you mean to pass `assign=True` to assign items in the state dictionary to their corresponding key in the module instead of copying them in place?)
  warnings.warn(
/opt/conda/envs/diffsensei/lib/python3.11/site-packages/torch/nn/modules/module.py:2400: UserWarning: for layer3.4.bn1.bias: copying from a non-meta parameter in the checkpoint to a meta parameter in the current model, which is a no-op. (Did you mean to pass `assign=True` to assign items in the state dictionary to their corresponding key in the module instead of copying them in place?)
  warnings.warn(
/opt/conda/envs/diffsensei/lib/python3.11/site-packages/torch/nn/modules/module.py:2400: UserWarning: for layer3.4.conv2.weight: copying from a non-meta parameter in the checkpoint to a meta parameter in the current model, which is a no-op. (Did you mean to pass `assign=True` to assign items in the state dictionary to their corresponding key in the module instead of copying them in place?)
  warnings.warn(
/opt/conda/envs/diffsensei/lib/python3.11/site-packages/torch/nn/modules/module.py:2400: UserWarning: for layer3.4.bn2.weight: copying from a non-meta parameter in the checkpoint to a meta parameter in the current model, which is a no-op. (Did you mean to pass `assign=True` to assign items in the state dictionary to their corresponding key in the module instead of copying them in place?)
  warnings.warn(
/opt/conda/envs/diffsensei/lib/python3.11/site-packages/torch/nn/modules/module.py:2400: UserWarning: for layer3.4.bn2.bias: copying from a non-meta parameter in the checkpoint to a meta parameter in the current model, which is a no-op. (Did you mean to pass `assign=True` to assign items in the state dictionary to their corresponding key in the module instead of copying them in place?)
  warnings.warn(
/opt/conda/envs/diffsensei/lib/python3.11/site-packages/torch/nn/modules/module.py:2400: UserWarning: for layer3.4.conv3.weight: copying from a non-meta parameter in the checkpoint to a meta parameter in the current model, which is a no-op. (Did you mean to pass `assign=True` to assign items in the state dictionary to their corresponding key in the module instead of copying them in place?)
  warnings.warn(
/opt/conda/envs/diffsensei/lib/python3.11/site-packages/torch/nn/modules/module.py:2400: UserWarning: for layer3.4.bn3.weight: copying from a non-meta parameter in the checkpoint to a meta parameter in the current model, which is a no-op. (Did you mean to pass `assign=True` to assign items in the state dictionary to their corresponding key in the module instead of copying them in place?)
  warnings.warn(
/opt/conda/envs/diffsensei/lib/python3.11/site-packages/torch/nn/modules/module.py:2400: UserWarning: for layer3.4.bn3.bias: copying from a non-meta parameter in the checkpoint to a meta parameter in the current model, which is a no-op. (Did you mean to pass `assign=True` to assign items in the state dictionary to their corresponding key in the module instead of copying them in place?)
  warnings.warn(
/opt/conda/envs/diffsensei/lib/python3.11/site-packages/torch/nn/modules/module.py:2400: UserWarning: for layer3.5.conv1.weight: copying from a non-meta parameter in the checkpoint to a meta parameter in the current model, which is a no-op. (Did you mean to pass `assign=True` to assign items in the state dictionary to their corresponding key in the module instead of copying them in place?)
  warnings.warn(
/opt/conda/envs/diffsensei/lib/python3.11/site-packages/torch/nn/modules/module.py:2400: UserWarning: for layer3.5.bn1.weight: copying from a non-meta parameter in the checkpoint to a meta parameter in the current model, which is a no-op. (Did you mean to pass `assign=True` to assign items in the state dictionary to their corresponding key in the module instead of copying them in place?)
  warnings.warn(
/opt/conda/envs/diffsensei/lib/python3.11/site-packages/torch/nn/modules/module.py:2400: UserWarning: for layer3.5.bn1.bias: copying from a non-meta parameter in the checkpoint to a meta parameter in the current model, which is a no-op. (Did you mean to pass `assign=True` to assign items in the state dictionary to their corresponding key in the module instead of copying them in place?)
  warnings.warn(
/opt/conda/envs/diffsensei/lib/python3.11/site-packages/torch/nn/modules/module.py:2400: UserWarning: for layer3.5.conv2.weight: copying from a non-meta parameter in the checkpoint to a meta parameter in the current model, which is a no-op. (Did you mean to pass `assign=True` to assign items in the state dictionary to their corresponding key in the module instead of copying them in place?)
  warnings.warn(
/opt/conda/envs/diffsensei/lib/python3.11/site-packages/torch/nn/modules/module.py:2400: UserWarning: for layer3.5.bn2.weight: copying from a non-meta parameter in the checkpoint to a meta parameter in the current model, which is a no-op. (Did you mean to pass `assign=True` to assign items in the state dictionary to their corresponding key in the module instead of copying them in place?)
  warnings.warn(
/opt/conda/envs/diffsensei/lib/python3.11/site-packages/torch/nn/modules/module.py:2400: UserWarning: for layer3.5.bn2.bias: copying from a non-meta parameter in the checkpoint to a meta parameter in the current model, which is a no-op. (Did you mean to pass `assign=True` to assign items in the state dictionary to their corresponding key in the module instead of copying them in place?)
  warnings.warn(
/opt/conda/envs/diffsensei/lib/python3.11/site-packages/torch/nn/modules/module.py:2400: UserWarning: for layer3.5.conv3.weight: copying from a non-meta parameter in the checkpoint to a meta parameter in the current model, which is a no-op. (Did you mean to pass `assign=True` to assign items in the state dictionary to their corresponding key in the module instead of copying them in place?)
  warnings.warn(
/opt/conda/envs/diffsensei/lib/python3.11/site-packages/torch/nn/modules/module.py:2400: UserWarning: for layer3.5.bn3.weight: copying from a non-meta parameter in the checkpoint to a meta parameter in the current model, which is a no-op. (Did you mean to pass `assign=True` to assign items in the state dictionary to their corresponding key in the module instead of copying them in place?)
  warnings.warn(
/opt/conda/envs/diffsensei/lib/python3.11/site-packages/torch/nn/modules/module.py:2400: UserWarning: for layer3.5.bn3.bias: copying from a non-meta parameter in the checkpoint to a meta parameter in the current model, which is a no-op. (Did you mean to pass `assign=True` to assign items in the state dictionary to their corresponding key in the module instead of copying them in place?)
  warnings.warn(
/opt/conda/envs/diffsensei/lib/python3.11/site-packages/torch/nn/modules/module.py:2400: UserWarning: for layer4.0.conv1.weight: copying from a non-meta parameter in the checkpoint to a meta parameter in the current model, which is a no-op. (Did you mean to pass `assign=True` to assign items in the state dictionary to their corresponding key in the module instead of copying them in place?)
  warnings.warn(
/opt/conda/envs/diffsensei/lib/python3.11/site-packages/torch/nn/modules/module.py:2400: UserWarning: for layer4.0.bn1.weight: copying from a non-meta parameter in the checkpoint to a meta parameter in the current model, which is a no-op. (Did you mean to pass `assign=True` to assign items in the state dictionary to their corresponding key in the module instead of copying them in place?)
  warnings.warn(
/opt/conda/envs/diffsensei/lib/python3.11/site-packages/torch/nn/modules/module.py:2400: UserWarning: for layer4.0.bn1.bias: copying from a non-meta parameter in the checkpoint to a meta parameter in the current model, which is a no-op. (Did you mean to pass `assign=True` to assign items in the state dictionary to their corresponding key in the module instead of copying them in place?)
  warnings.warn(
/opt/conda/envs/diffsensei/lib/python3.11/site-packages/torch/nn/modules/module.py:2400: UserWarning: for layer4.0.conv2.weight: copying from a non-meta parameter in the checkpoint to a meta parameter in the current model, which is a no-op. (Did you mean to pass `assign=True` to assign items in the state dictionary to their corresponding key in the module instead of copying them in place?)
  warnings.warn(
/opt/conda/envs/diffsensei/lib/python3.11/site-packages/torch/nn/modules/module.py:2400: UserWarning: for layer4.0.bn2.weight: copying from a non-meta parameter in the checkpoint to a meta parameter in the current model, which is a no-op. (Did you mean to pass `assign=True` to assign items in the state dictionary to their corresponding key in the module instead of copying them in place?)
  warnings.warn(
/opt/conda/envs/diffsensei/lib/python3.11/site-packages/torch/nn/modules/module.py:2400: UserWarning: for layer4.0.bn2.bias: copying from a non-meta parameter in the checkpoint to a meta parameter in the current model, which is a no-op. (Did you mean to pass `assign=True` to assign items in the state dictionary to their corresponding key in the module instead of copying them in place?)
  warnings.warn(
/opt/conda/envs/diffsensei/lib/python3.11/site-packages/torch/nn/modules/module.py:2400: UserWarning: for layer4.0.conv3.weight: copying from a non-meta parameter in the checkpoint to a meta parameter in the current model, which is a no-op. (Did you mean to pass `assign=True` to assign items in the state dictionary to their corresponding key in the module instead of copying them in place?)
  warnings.warn(
/opt/conda/envs/diffsensei/lib/python3.11/site-packages/torch/nn/modules/module.py:2400: UserWarning: for layer4.0.bn3.weight: copying from a non-meta parameter in the checkpoint to a meta parameter in the current model, which is a no-op. (Did you mean to pass `assign=True` to assign items in the state dictionary to their corresponding key in the module instead of copying them in place?)
  warnings.warn(
/opt/conda/envs/diffsensei/lib/python3.11/site-packages/torch/nn/modules/module.py:2400: UserWarning: for layer4.0.bn3.bias: copying from a non-meta parameter in the checkpoint to a meta parameter in the current model, which is a no-op. (Did you mean to pass `assign=True` to assign items in the state dictionary to their corresponding key in the module instead of copying them in place?)
  warnings.warn(
/opt/conda/envs/diffsensei/lib/python3.11/site-packages/torch/nn/modules/module.py:2400: UserWarning: for layer4.0.downsample.0.weight: copying from a non-meta parameter in the checkpoint to a meta parameter in the current model, which is a no-op. (Did you mean to pass `assign=True` to assign items in the state dictionary to their corresponding key in the module instead of copying them in place?)
  warnings.warn(
/opt/conda/envs/diffsensei/lib/python3.11/site-packages/torch/nn/modules/module.py:2400: UserWarning: for layer4.0.downsample.1.weight: copying from a non-meta parameter in the checkpoint to a meta parameter in the current model, which is a no-op. (Did you mean to pass `assign=True` to assign items in the state dictionary to their corresponding key in the module instead of copying them in place?)
  warnings.warn(
/opt/conda/envs/diffsensei/lib/python3.11/site-packages/torch/nn/modules/module.py:2400: UserWarning: for layer4.0.downsample.1.bias: copying from a non-meta parameter in the checkpoint to a meta parameter in the current model, which is a no-op. (Did you mean to pass `assign=True` to assign items in the state dictionary to their corresponding key in the module instead of copying them in place?)
  warnings.warn(
/opt/conda/envs/diffsensei/lib/python3.11/site-packages/torch/nn/modules/module.py:2400: UserWarning: for layer4.1.conv1.weight: copying from a non-meta parameter in the checkpoint to a meta parameter in the current model, which is a no-op. (Did you mean to pass `assign=True` to assign items in the state dictionary to their corresponding key in the module instead of copying them in place?)
  warnings.warn(
/opt/conda/envs/diffsensei/lib/python3.11/site-packages/torch/nn/modules/module.py:2400: UserWarning: for layer4.1.bn1.weight: copying from a non-meta parameter in the checkpoint to a meta parameter in the current model, which is a no-op. (Did you mean to pass `assign=True` to assign items in the state dictionary to their corresponding key in the module instead of copying them in place?)
  warnings.warn(
/opt/conda/envs/diffsensei/lib/python3.11/site-packages/torch/nn/modules/module.py:2400: UserWarning: for layer4.1.bn1.bias: copying from a non-meta parameter in the checkpoint to a meta parameter in the current model, which is a no-op. (Did you mean to pass `assign=True` to assign items in the state dictionary to their corresponding key in the module instead of copying them in place?)
  warnings.warn(
/opt/conda/envs/diffsensei/lib/python3.11/site-packages/torch/nn/modules/module.py:2400: UserWarning: for layer4.1.conv2.weight: copying from a non-meta parameter in the checkpoint to a meta parameter in the current model, which is a no-op. (Did you mean to pass `assign=True` to assign items in the state dictionary to their corresponding key in the module instead of copying them in place?)
  warnings.warn(
/opt/conda/envs/diffsensei/lib/python3.11/site-packages/torch/nn/modules/module.py:2400: UserWarning: for layer4.1.bn2.weight: copying from a non-meta parameter in the checkpoint to a meta parameter in the current model, which is a no-op. (Did you mean to pass `assign=True` to assign items in the state dictionary to their corresponding key in the module instead of copying them in place?)
  warnings.warn(
/opt/conda/envs/diffsensei/lib/python3.11/site-packages/torch/nn/modules/module.py:2400: UserWarning: for layer4.1.bn2.bias: copying from a non-meta parameter in the checkpoint to a meta parameter in the current model, which is a no-op. (Did you mean to pass `assign=True` to assign items in the state dictionary to their corresponding key in the module instead of copying them in place?)
  warnings.warn(
/opt/conda/envs/diffsensei/lib/python3.11/site-packages/torch/nn/modules/module.py:2400: UserWarning: for layer4.1.conv3.weight: copying from a non-meta parameter in the checkpoint to a meta parameter in the current model, which is a no-op. (Did you mean to pass `assign=True` to assign items in the state dictionary to their corresponding key in the module instead of copying them in place?)
  warnings.warn(
/opt/conda/envs/diffsensei/lib/python3.11/site-packages/torch/nn/modules/module.py:2400: UserWarning: for layer4.1.bn3.weight: copying from a non-meta parameter in the checkpoint to a meta parameter in the current model, which is a no-op. (Did you mean to pass `assign=True` to assign items in the state dictionary to their corresponding key in the module instead of copying them in place?)
  warnings.warn(
/opt/conda/envs/diffsensei/lib/python3.11/site-packages/torch/nn/modules/module.py:2400: UserWarning: for layer4.1.bn3.bias: copying from a non-meta parameter in the checkpoint to a meta parameter in the current model, which is a no-op. (Did you mean to pass `assign=True` to assign items in the state dictionary to their corresponding key in the module instead of copying them in place?)
  warnings.warn(
/opt/conda/envs/diffsensei/lib/python3.11/site-packages/torch/nn/modules/module.py:2400: UserWarning: for layer4.2.conv1.weight: copying from a non-meta parameter in the checkpoint to a meta parameter in the current model, which is a no-op. (Did you mean to pass `assign=True` to assign items in the state dictionary to their corresponding key in the module instead of copying them in place?)
  warnings.warn(
/opt/conda/envs/diffsensei/lib/python3.11/site-packages/torch/nn/modules/module.py:2400: UserWarning: for layer4.2.bn1.weight: copying from a non-meta parameter in the checkpoint to a meta parameter in the current model, which is a no-op. (Did you mean to pass `assign=True` to assign items in the state dictionary to their corresponding key in the module instead of copying them in place?)
  warnings.warn(
/opt/conda/envs/diffsensei/lib/python3.11/site-packages/torch/nn/modules/module.py:2400: UserWarning: for layer4.2.bn1.bias: copying from a non-meta parameter in the checkpoint to a meta parameter in the current model, which is a no-op. (Did you mean to pass `assign=True` to assign items in the state dictionary to their corresponding key in the module instead of copying them in place?)
  warnings.warn(
/opt/conda/envs/diffsensei/lib/python3.11/site-packages/torch/nn/modules/module.py:2400: UserWarning: for layer4.2.conv2.weight: copying from a non-meta parameter in the checkpoint to a meta parameter in the current model, which is a no-op. (Did you mean to pass `assign=True` to assign items in the state dictionary to their corresponding key in the module instead of copying them in place?)
  warnings.warn(
/opt/conda/envs/diffsensei/lib/python3.11/site-packages/torch/nn/modules/module.py:2400: UserWarning: for layer4.2.bn2.weight: copying from a non-meta parameter in the checkpoint to a meta parameter in the current model, which is a no-op. (Did you mean to pass `assign=True` to assign items in the state dictionary to their corresponding key in the module instead of copying them in place?)
  warnings.warn(
/opt/conda/envs/diffsensei/lib/python3.11/site-packages/torch/nn/modules/module.py:2400: UserWarning: for layer4.2.bn2.bias: copying from a non-meta parameter in the checkpoint to a meta parameter in the current model, which is a no-op. (Did you mean to pass `assign=True` to assign items in the state dictionary to their corresponding key in the module instead of copying them in place?)
  warnings.warn(
/opt/conda/envs/diffsensei/lib/python3.11/site-packages/torch/nn/modules/module.py:2400: UserWarning: for layer4.2.conv3.weight: copying from a non-meta parameter in the checkpoint to a meta parameter in the current model, which is a no-op. (Did you mean to pass `assign=True` to assign items in the state dictionary to their corresponding key in the module instead of copying them in place?)
  warnings.warn(
/opt/conda/envs/diffsensei/lib/python3.11/site-packages/torch/nn/modules/module.py:2400: UserWarning: for layer4.2.bn3.weight: copying from a non-meta parameter in the checkpoint to a meta parameter in the current model, which is a no-op. (Did you mean to pass `assign=True` to assign items in the state dictionary to their corresponding key in the module instead of copying them in place?)
  warnings.warn(
/opt/conda/envs/diffsensei/lib/python3.11/site-packages/torch/nn/modules/module.py:2400: UserWarning: for layer4.2.bn3.bias: copying from a non-meta parameter in the checkpoint to a meta parameter in the current model, which is a no-op. (Did you mean to pass `assign=True` to assign items in the state dictionary to their corresponding key in the module instead of copying them in place?)
  warnings.warn(
Config of the encoder: <class 'transformers.models.vit.modeling_vit.ViTModel'> is overwritten by shared encoder config: ViTConfig {
  "attention_probs_dropout_prob": 0.0,
  "encoder_stride": 16,
  "hidden_act": "gelu",
  "hidden_dropout_prob": 0.0,
  "hidden_size": 768,
  "image_size": 384,
  "initializer_range": 0.02,
  "intermediate_size": 3072,
  "layer_norm_eps": 1e-12,
  "model_type": "vit",
  "num_attention_heads": 12,
  "num_channels": 3,
  "num_hidden_layers": 12,
  "patch_size": 16,
  "pooler_act": "tanh",
  "pooler_output_size": 768,
  "qkv_bias": false,
  "transformers_version": "4.51.3"
}

Config of the decoder: <class 'transformers.models.trocr.modeling_trocr.TrOCRForCausalLM'> is overwritten by shared decoder config: TrOCRConfig {
  "activation_dropout": 0.0,
  "activation_function": "gelu",
  "add_cross_attention": true,
  "attention_dropout": 0.0,
  "bos_token_id": 0,
  "classifier_dropout": 0.0,
  "cross_attention_hidden_size": 768,
  "d_model": 1024,
  "decoder_attention_heads": 16,
  "decoder_ffn_dim": 4096,
  "decoder_layerdrop": 0.0,
  "decoder_layers": 12,
  "decoder_start_token_id": 2,
  "dropout": 0.1,
  "eos_token_id": 2,
  "init_std": 0.02,
  "is_decoder": true,
  "layernorm_embedding": true,
  "max_position_embeddings": 512,
  "model_type": "trocr",
  "pad_token_id": 1,
  "scale_embedding": false,
  "transformers_version": "4.51.3",
  "use_cache": false,
  "use_learned_position_embeddings": true,
  "vocab_size": 50265
}

/opt/conda/envs/diffsensei/lib/python3.11/site-packages/torch/nn/modules/module.py:2400: UserWarning: for conv1.weight: copying from a non-meta parameter in the checkpoint to a meta parameter in the current model, which is a no-op. (Did you mean to pass `assign=True` to assign items in the state dictionary to their corresponding key in the module instead of copying them in place?)
  warnings.warn(
/opt/conda/envs/diffsensei/lib/python3.11/site-packages/torch/nn/modules/module.py:2400: UserWarning: for bn1.weight: copying from a non-meta parameter in the checkpoint to a meta parameter in the current model, which is a no-op. (Did you mean to pass `assign=True` to assign items in the state dictionary to their corresponding key in the module instead of copying them in place?)
  warnings.warn(
/opt/conda/envs/diffsensei/lib/python3.11/site-packages/torch/nn/modules/module.py:2400: UserWarning: for bn1.bias: copying from a non-meta parameter in the checkpoint to a meta parameter in the current model, which is a no-op. (Did you mean to pass `assign=True` to assign items in the state dictionary to their corresponding key in the module instead of copying them in place?)
  warnings.warn(
/opt/conda/envs/diffsensei/lib/python3.11/site-packages/torch/nn/modules/module.py:2400: UserWarning: for layer1.0.conv1.weight: copying from a non-meta parameter in the checkpoint to a meta parameter in the current model, which is a no-op. (Did you mean to pass `assign=True` to assign items in the state dictionary to their corresponding key in the module instead of copying them in place?)
  warnings.warn(
/opt/conda/envs/diffsensei/lib/python3.11/site-packages/torch/nn/modules/module.py:2400: UserWarning: for layer1.0.bn1.weight: copying from a non-meta parameter in the checkpoint to a meta parameter in the current model, which is a no-op. (Did you mean to pass `assign=True` to assign items in the state dictionary to their corresponding key in the module instead of copying them in place?)
  warnings.warn(
/opt/conda/envs/diffsensei/lib/python3.11/site-packages/torch/nn/modules/module.py:2400: UserWarning: for layer1.0.bn1.bias: copying from a non-meta parameter in the checkpoint to a meta parameter in the current model, which is a no-op. (Did you mean to pass `assign=True` to assign items in the state dictionary to their corresponding key in the module instead of copying them in place?)
  warnings.warn(
/opt/conda/envs/diffsensei/lib/python3.11/site-packages/torch/nn/modules/module.py:2400: UserWarning: for layer1.0.conv2.weight: copying from a non-meta parameter in the checkpoint to a meta parameter in the current model, which is a no-op. (Did you mean to pass `assign=True` to assign items in the state dictionary to their corresponding key in the module instead of copying them in place?)
  warnings.warn(
/opt/conda/envs/diffsensei/lib/python3.11/site-packages/torch/nn/modules/module.py:2400: UserWarning: for layer1.0.bn2.weight: copying from a non-meta parameter in the checkpoint to a meta parameter in the current model, which is a no-op. (Did you mean to pass `assign=True` to assign items in the state dictionary to their corresponding key in the module instead of copying them in place?)
  warnings.warn(
/opt/conda/envs/diffsensei/lib/python3.11/site-packages/torch/nn/modules/module.py:2400: UserWarning: for layer1.0.bn2.bias: copying from a non-meta parameter in the checkpoint to a meta parameter in the current model, which is a no-op. (Did you mean to pass `assign=True` to assign items in the state dictionary to their corresponding key in the module instead of copying them in place?)
  warnings.warn(
/opt/conda/envs/diffsensei/lib/python3.11/site-packages/torch/nn/modules/module.py:2400: UserWarning: for layer1.0.conv3.weight: copying from a non-meta parameter in the checkpoint to a meta parameter in the current model, which is a no-op. (Did you mean to pass `assign=True` to assign items in the state dictionary to their corresponding key in the module instead of copying them in place?)
  warnings.warn(
/opt/conda/envs/diffsensei/lib/python3.11/site-packages/torch/nn/modules/module.py:2400: UserWarning: for layer1.0.bn3.weight: copying from a non-meta parameter in the checkpoint to a meta parameter in the current model, which is a no-op. (Did you mean to pass `assign=True` to assign items in the state dictionary to their corresponding key in the module instead of copying them in place?)
  warnings.warn(
/opt/conda/envs/diffsensei/lib/python3.11/site-packages/torch/nn/modules/module.py:2400: UserWarning: for layer1.0.bn3.bias: copying from a non-meta parameter in the checkpoint to a meta parameter in the current model, which is a no-op. (Did you mean to pass `assign=True` to assign items in the state dictionary to their corresponding key in the module instead of copying them in place?)
  warnings.warn(
/opt/conda/envs/diffsensei/lib/python3.11/site-packages/torch/nn/modules/module.py:2400: UserWarning: for layer1.0.downsample.0.weight: copying from a non-meta parameter in the checkpoint to a meta parameter in the current model, which is a no-op. (Did you mean to pass `assign=True` to assign items in the state dictionary to their corresponding key in the module instead of copying them in place?)
  warnings.warn(
/opt/conda/envs/diffsensei/lib/python3.11/site-packages/torch/nn/modules/module.py:2400: UserWarning: for layer1.0.downsample.1.weight: copying from a non-meta parameter in the checkpoint to a meta parameter in the current model, which is a no-op. (Did you mean to pass `assign=True` to assign items in the state dictionary to their corresponding key in the module instead of copying them in place?)
  warnings.warn(
/opt/conda/envs/diffsensei/lib/python3.11/site-packages/torch/nn/modules/module.py:2400: UserWarning: for layer1.0.downsample.1.bias: copying from a non-meta parameter in the checkpoint to a meta parameter in the current model, which is a no-op. (Did you mean to pass `assign=True` to assign items in the state dictionary to their corresponding key in the module instead of copying them in place?)
  warnings.warn(
/opt/conda/envs/diffsensei/lib/python3.11/site-packages/torch/nn/modules/module.py:2400: UserWarning: for layer1.1.conv1.weight: copying from a non-meta parameter in the checkpoint to a meta parameter in the current model, which is a no-op. (Did you mean to pass `assign=True` to assign items in the state dictionary to their corresponding key in the module instead of copying them in place?)
  warnings.warn(
/opt/conda/envs/diffsensei/lib/python3.11/site-packages/torch/nn/modules/module.py:2400: UserWarning: for layer1.1.bn1.weight: copying from a non-meta parameter in the checkpoint to a meta parameter in the current model, which is a no-op. (Did you mean to pass `assign=True` to assign items in the state dictionary to their corresponding key in the module instead of copying them in place?)
  warnings.warn(
/opt/conda/envs/diffsensei/lib/python3.11/site-packages/torch/nn/modules/module.py:2400: UserWarning: for layer1.1.bn1.bias: copying from a non-meta parameter in the checkpoint to a meta parameter in the current model, which is a no-op. (Did you mean to pass `assign=True` to assign items in the state dictionary to their corresponding key in the module instead of copying them in place?)
  warnings.warn(
/opt/conda/envs/diffsensei/lib/python3.11/site-packages/torch/nn/modules/module.py:2400: UserWarning: for layer1.1.conv2.weight: copying from a non-meta parameter in the checkpoint to a meta parameter in the current model, which is a no-op. (Did you mean to pass `assign=True` to assign items in the state dictionary to their corresponding key in the module instead of copying them in place?)
  warnings.warn(
/opt/conda/envs/diffsensei/lib/python3.11/site-packages/torch/nn/modules/module.py:2400: UserWarning: for layer1.1.bn2.weight: copying from a non-meta parameter in the checkpoint to a meta parameter in the current model, which is a no-op. (Did you mean to pass `assign=True` to assign items in the state dictionary to their corresponding key in the module instead of copying them in place?)
  warnings.warn(
/opt/conda/envs/diffsensei/lib/python3.11/site-packages/torch/nn/modules/module.py:2400: UserWarning: for layer1.1.bn2.bias: copying from a non-meta parameter in the checkpoint to a meta parameter in the current model, which is a no-op. (Did you mean to pass `assign=True` to assign items in the state dictionary to their corresponding key in the module instead of copying them in place?)
  warnings.warn(
/opt/conda/envs/diffsensei/lib/python3.11/site-packages/torch/nn/modules/module.py:2400: UserWarning: for layer1.1.conv3.weight: copying from a non-meta parameter in the checkpoint to a meta parameter in the current model, which is a no-op. (Did you mean to pass `assign=True` to assign items in the state dictionary to their corresponding key in the module instead of copying them in place?)
  warnings.warn(
/opt/conda/envs/diffsensei/lib/python3.11/site-packages/torch/nn/modules/module.py:2400: UserWarning: for layer1.1.bn3.weight: copying from a non-meta parameter in the checkpoint to a meta parameter in the current model, which is a no-op. (Did you mean to pass `assign=True` to assign items in the state dictionary to their corresponding key in the module instead of copying them in place?)
  warnings.warn(
/opt/conda/envs/diffsensei/lib/python3.11/site-packages/torch/nn/modules/module.py:2400: UserWarning: for layer1.1.bn3.bias: copying from a non-meta parameter in the checkpoint to a meta parameter in the current model, which is a no-op. (Did you mean to pass `assign=True` to assign items in the state dictionary to their corresponding key in the module instead of copying them in place?)
  warnings.warn(
/opt/conda/envs/diffsensei/lib/python3.11/site-packages/torch/nn/modules/module.py:2400: UserWarning: for layer1.2.conv1.weight: copying from a non-meta parameter in the checkpoint to a meta parameter in the current model, which is a no-op. (Did you mean to pass `assign=True` to assign items in the state dictionary to their corresponding key in the module instead of copying them in place?)
  warnings.warn(
/opt/conda/envs/diffsensei/lib/python3.11/site-packages/torch/nn/modules/module.py:2400: UserWarning: for layer1.2.bn1.weight: copying from a non-meta parameter in the checkpoint to a meta parameter in the current model, which is a no-op. (Did you mean to pass `assign=True` to assign items in the state dictionary to their corresponding key in the module instead of copying them in place?)
  warnings.warn(
/opt/conda/envs/diffsensei/lib/python3.11/site-packages/torch/nn/modules/module.py:2400: UserWarning: for layer1.2.bn1.bias: copying from a non-meta parameter in the checkpoint to a meta parameter in the current model, which is a no-op. (Did you mean to pass `assign=True` to assign items in the state dictionary to their corresponding key in the module instead of copying them in place?)
  warnings.warn(
/opt/conda/envs/diffsensei/lib/python3.11/site-packages/torch/nn/modules/module.py:2400: UserWarning: for layer1.2.conv2.weight: copying from a non-meta parameter in the checkpoint to a meta parameter in the current model, which is a no-op. (Did you mean to pass `assign=True` to assign items in the state dictionary to their corresponding key in the module instead of copying them in place?)
  warnings.warn(
/opt/conda/envs/diffsensei/lib/python3.11/site-packages/torch/nn/modules/module.py:2400: UserWarning: for layer1.2.bn2.weight: copying from a non-meta parameter in the checkpoint to a meta parameter in the current model, which is a no-op. (Did you mean to pass `assign=True` to assign items in the state dictionary to their corresponding key in the module instead of copying them in place?)
  warnings.warn(
/opt/conda/envs/diffsensei/lib/python3.11/site-packages/torch/nn/modules/module.py:2400: UserWarning: for layer1.2.bn2.bias: copying from a non-meta parameter in the checkpoint to a meta parameter in the current model, which is a no-op. (Did you mean to pass `assign=True` to assign items in the state dictionary to their corresponding key in the module instead of copying them in place?)
  warnings.warn(
/opt/conda/envs/diffsensei/lib/python3.11/site-packages/torch/nn/modules/module.py:2400: UserWarning: for layer1.2.conv3.weight: copying from a non-meta parameter in the checkpoint to a meta parameter in the current model, which is a no-op. (Did you mean to pass `assign=True` to assign items in the state dictionary to their corresponding key in the module instead of copying them in place?)
  warnings.warn(
/opt/conda/envs/diffsensei/lib/python3.11/site-packages/torch/nn/modules/module.py:2400: UserWarning: for layer1.2.bn3.weight: copying from a non-meta parameter in the checkpoint to a meta parameter in the current model, which is a no-op. (Did you mean to pass `assign=True` to assign items in the state dictionary to their corresponding key in the module instead of copying them in place?)
  warnings.warn(
/opt/conda/envs/diffsensei/lib/python3.11/site-packages/torch/nn/modules/module.py:2400: UserWarning: for layer1.2.bn3.bias: copying from a non-meta parameter in the checkpoint to a meta parameter in the current model, which is a no-op. (Did you mean to pass `assign=True` to assign items in the state dictionary to their corresponding key in the module instead of copying them in place?)
  warnings.warn(
/opt/conda/envs/diffsensei/lib/python3.11/site-packages/torch/nn/modules/module.py:2400: UserWarning: for layer2.0.conv1.weight: copying from a non-meta parameter in the checkpoint to a meta parameter in the current model, which is a no-op. (Did you mean to pass `assign=True` to assign items in the state dictionary to their corresponding key in the module instead of copying them in place?)
  warnings.warn(
/opt/conda/envs/diffsensei/lib/python3.11/site-packages/torch/nn/modules/module.py:2400: UserWarning: for layer2.0.bn1.weight: copying from a non-meta parameter in the checkpoint to a meta parameter in the current model, which is a no-op. (Did you mean to pass `assign=True` to assign items in the state dictionary to their corresponding key in the module instead of copying them in place?)
  warnings.warn(
/opt/conda/envs/diffsensei/lib/python3.11/site-packages/torch/nn/modules/module.py:2400: UserWarning: for layer2.0.bn1.bias: copying from a non-meta parameter in the checkpoint to a meta parameter in the current model, which is a no-op. (Did you mean to pass `assign=True` to assign items in the state dictionary to their corresponding key in the module instead of copying them in place?)
  warnings.warn(
/opt/conda/envs/diffsensei/lib/python3.11/site-packages/torch/nn/modules/module.py:2400: UserWarning: for layer2.0.conv2.weight: copying from a non-meta parameter in the checkpoint to a meta parameter in the current model, which is a no-op. (Did you mean to pass `assign=True` to assign items in the state dictionary to their corresponding key in the module instead of copying them in place?)
  warnings.warn(
/opt/conda/envs/diffsensei/lib/python3.11/site-packages/torch/nn/modules/module.py:2400: UserWarning: for layer2.0.bn2.weight: copying from a non-meta parameter in the checkpoint to a meta parameter in the current model, which is a no-op. (Did you mean to pass `assign=True` to assign items in the state dictionary to their corresponding key in the module instead of copying them in place?)
  warnings.warn(
/opt/conda/envs/diffsensei/lib/python3.11/site-packages/torch/nn/modules/module.py:2400: UserWarning: for layer2.0.bn2.bias: copying from a non-meta parameter in the checkpoint to a meta parameter in the current model, which is a no-op. (Did you mean to pass `assign=True` to assign items in the state dictionary to their corresponding key in the module instead of copying them in place?)
  warnings.warn(
/opt/conda/envs/diffsensei/lib/python3.11/site-packages/torch/nn/modules/module.py:2400: UserWarning: for layer2.0.conv3.weight: copying from a non-meta parameter in the checkpoint to a meta parameter in the current model, which is a no-op. (Did you mean to pass `assign=True` to assign items in the state dictionary to their corresponding key in the module instead of copying them in place?)
  warnings.warn(
/opt/conda/envs/diffsensei/lib/python3.11/site-packages/torch/nn/modules/module.py:2400: UserWarning: for layer2.0.bn3.weight: copying from a non-meta parameter in the checkpoint to a meta parameter in the current model, which is a no-op. (Did you mean to pass `assign=True` to assign items in the state dictionary to their corresponding key in the module instead of copying them in place?)
  warnings.warn(
/opt/conda/envs/diffsensei/lib/python3.11/site-packages/torch/nn/modules/module.py:2400: UserWarning: for layer2.0.bn3.bias: copying from a non-meta parameter in the checkpoint to a meta parameter in the current model, which is a no-op. (Did you mean to pass `assign=True` to assign items in the state dictionary to their corresponding key in the module instead of copying them in place?)
  warnings.warn(
/opt/conda/envs/diffsensei/lib/python3.11/site-packages/torch/nn/modules/module.py:2400: UserWarning: for layer2.0.downsample.0.weight: copying from a non-meta parameter in the checkpoint to a meta parameter in the current model, which is a no-op. (Did you mean to pass `assign=True` to assign items in the state dictionary to their corresponding key in the module instead of copying them in place?)
  warnings.warn(
/opt/conda/envs/diffsensei/lib/python3.11/site-packages/torch/nn/modules/module.py:2400: UserWarning: for layer2.0.downsample.1.weight: copying from a non-meta parameter in the checkpoint to a meta parameter in the current model, which is a no-op. (Did you mean to pass `assign=True` to assign items in the state dictionary to their corresponding key in the module instead of copying them in place?)
  warnings.warn(
/opt/conda/envs/diffsensei/lib/python3.11/site-packages/torch/nn/modules/module.py:2400: UserWarning: for layer2.0.downsample.1.bias: copying from a non-meta parameter in the checkpoint to a meta parameter in the current model, which is a no-op. (Did you mean to pass `assign=True` to assign items in the state dictionary to their corresponding key in the module instead of copying them in place?)
  warnings.warn(
/opt/conda/envs/diffsensei/lib/python3.11/site-packages/torch/nn/modules/module.py:2400: UserWarning: for layer2.1.conv1.weight: copying from a non-meta parameter in the checkpoint to a meta parameter in the current model, which is a no-op. (Did you mean to pass `assign=True` to assign items in the state dictionary to their corresponding key in the module instead of copying them in place?)
  warnings.warn(
/opt/conda/envs/diffsensei/lib/python3.11/site-packages/torch/nn/modules/module.py:2400: UserWarning: for layer2.1.bn1.weight: copying from a non-meta parameter in the checkpoint to a meta parameter in the current model, which is a no-op. (Did you mean to pass `assign=True` to assign items in the state dictionary to their corresponding key in the module instead of copying them in place?)
  warnings.warn(
/opt/conda/envs/diffsensei/lib/python3.11/site-packages/torch/nn/modules/module.py:2400: UserWarning: for layer2.1.bn1.bias: copying from a non-meta parameter in the checkpoint to a meta parameter in the current model, which is a no-op. (Did you mean to pass `assign=True` to assign items in the state dictionary to their corresponding key in the module instead of copying them in place?)
  warnings.warn(
/opt/conda/envs/diffsensei/lib/python3.11/site-packages/torch/nn/modules/module.py:2400: UserWarning: for layer2.1.conv2.weight: copying from a non-meta parameter in the checkpoint to a meta parameter in the current model, which is a no-op. (Did you mean to pass `assign=True` to assign items in the state dictionary to their corresponding key in the module instead of copying them in place?)
  warnings.warn(
/opt/conda/envs/diffsensei/lib/python3.11/site-packages/torch/nn/modules/module.py:2400: UserWarning: for layer2.1.bn2.weight: copying from a non-meta parameter in the checkpoint to a meta parameter in the current model, which is a no-op. (Did you mean to pass `assign=True` to assign items in the state dictionary to their corresponding key in the module instead of copying them in place?)
  warnings.warn(
/opt/conda/envs/diffsensei/lib/python3.11/site-packages/torch/nn/modules/module.py:2400: UserWarning: for layer2.1.bn2.bias: copying from a non-meta parameter in the checkpoint to a meta parameter in the current model, which is a no-op. (Did you mean to pass `assign=True` to assign items in the state dictionary to their corresponding key in the module instead of copying them in place?)
  warnings.warn(
/opt/conda/envs/diffsensei/lib/python3.11/site-packages/torch/nn/modules/module.py:2400: UserWarning: for layer2.1.conv3.weight: copying from a non-meta parameter in the checkpoint to a meta parameter in the current model, which is a no-op. (Did you mean to pass `assign=True` to assign items in the state dictionary to their corresponding key in the module instead of copying them in place?)
  warnings.warn(
/opt/conda/envs/diffsensei/lib/python3.11/site-packages/torch/nn/modules/module.py:2400: UserWarning: for layer2.1.bn3.weight: copying from a non-meta parameter in the checkpoint to a meta parameter in the current model, which is a no-op. (Did you mean to pass `assign=True` to assign items in the state dictionary to their corresponding key in the module instead of copying them in place?)
  warnings.warn(
/opt/conda/envs/diffsensei/lib/python3.11/site-packages/torch/nn/modules/module.py:2400: UserWarning: for layer2.1.bn3.bias: copying from a non-meta parameter in the checkpoint to a meta parameter in the current model, which is a no-op. (Did you mean to pass `assign=True` to assign items in the state dictionary to their corresponding key in the module instead of copying them in place?)
  warnings.warn(
/opt/conda/envs/diffsensei/lib/python3.11/site-packages/torch/nn/modules/module.py:2400: UserWarning: for layer2.2.conv1.weight: copying from a non-meta parameter in the checkpoint to a meta parameter in the current model, which is a no-op. (Did you mean to pass `assign=True` to assign items in the state dictionary to their corresponding key in the module instead of copying them in place?)
  warnings.warn(
/opt/conda/envs/diffsensei/lib/python3.11/site-packages/torch/nn/modules/module.py:2400: UserWarning: for layer2.2.bn1.weight: copying from a non-meta parameter in the checkpoint to a meta parameter in the current model, which is a no-op. (Did you mean to pass `assign=True` to assign items in the state dictionary to their corresponding key in the module instead of copying them in place?)
  warnings.warn(
/opt/conda/envs/diffsensei/lib/python3.11/site-packages/torch/nn/modules/module.py:2400: UserWarning: for layer2.2.bn1.bias: copying from a non-meta parameter in the checkpoint to a meta parameter in the current model, which is a no-op. (Did you mean to pass `assign=True` to assign items in the state dictionary to their corresponding key in the module instead of copying them in place?)
  warnings.warn(
/opt/conda/envs/diffsensei/lib/python3.11/site-packages/torch/nn/modules/module.py:2400: UserWarning: for layer2.2.conv2.weight: copying from a non-meta parameter in the checkpoint to a meta parameter in the current model, which is a no-op. (Did you mean to pass `assign=True` to assign items in the state dictionary to their corresponding key in the module instead of copying them in place?)
  warnings.warn(
/opt/conda/envs/diffsensei/lib/python3.11/site-packages/torch/nn/modules/module.py:2400: UserWarning: for layer2.2.bn2.weight: copying from a non-meta parameter in the checkpoint to a meta parameter in the current model, which is a no-op. (Did you mean to pass `assign=True` to assign items in the state dictionary to their corresponding key in the module instead of copying them in place?)
  warnings.warn(
/opt/conda/envs/diffsensei/lib/python3.11/site-packages/torch/nn/modules/module.py:2400: UserWarning: for layer2.2.bn2.bias: copying from a non-meta parameter in the checkpoint to a meta parameter in the current model, which is a no-op. (Did you mean to pass `assign=True` to assign items in the state dictionary to their corresponding key in the module instead of copying them in place?)
  warnings.warn(
/opt/conda/envs/diffsensei/lib/python3.11/site-packages/torch/nn/modules/module.py:2400: UserWarning: for layer2.2.conv3.weight: copying from a non-meta parameter in the checkpoint to a meta parameter in the current model, which is a no-op. (Did you mean to pass `assign=True` to assign items in the state dictionary to their corresponding key in the module instead of copying them in place?)
  warnings.warn(
/opt/conda/envs/diffsensei/lib/python3.11/site-packages/torch/nn/modules/module.py:2400: UserWarning: for layer2.2.bn3.weight: copying from a non-meta parameter in the checkpoint to a meta parameter in the current model, which is a no-op. (Did you mean to pass `assign=True` to assign items in the state dictionary to their corresponding key in the module instead of copying them in place?)
  warnings.warn(
/opt/conda/envs/diffsensei/lib/python3.11/site-packages/torch/nn/modules/module.py:2400: UserWarning: for layer2.2.bn3.bias: copying from a non-meta parameter in the checkpoint to a meta parameter in the current model, which is a no-op. (Did you mean to pass `assign=True` to assign items in the state dictionary to their corresponding key in the module instead of copying them in place?)
  warnings.warn(
/opt/conda/envs/diffsensei/lib/python3.11/site-packages/torch/nn/modules/module.py:2400: UserWarning: for layer2.3.conv1.weight: copying from a non-meta parameter in the checkpoint to a meta parameter in the current model, which is a no-op. (Did you mean to pass `assign=True` to assign items in the state dictionary to their corresponding key in the module instead of copying them in place?)
  warnings.warn(
/opt/conda/envs/diffsensei/lib/python3.11/site-packages/torch/nn/modules/module.py:2400: UserWarning: for layer2.3.bn1.weight: copying from a non-meta parameter in the checkpoint to a meta parameter in the current model, which is a no-op. (Did you mean to pass `assign=True` to assign items in the state dictionary to their corresponding key in the module instead of copying them in place?)
  warnings.warn(
/opt/conda/envs/diffsensei/lib/python3.11/site-packages/torch/nn/modules/module.py:2400: UserWarning: for layer2.3.bn1.bias: copying from a non-meta parameter in the checkpoint to a meta parameter in the current model, which is a no-op. (Did you mean to pass `assign=True` to assign items in the state dictionary to their corresponding key in the module instead of copying them in place?)
  warnings.warn(
/opt/conda/envs/diffsensei/lib/python3.11/site-packages/torch/nn/modules/module.py:2400: UserWarning: for layer2.3.conv2.weight: copying from a non-meta parameter in the checkpoint to a meta parameter in the current model, which is a no-op. (Did you mean to pass `assign=True` to assign items in the state dictionary to their corresponding key in the module instead of copying them in place?)
  warnings.warn(
/opt/conda/envs/diffsensei/lib/python3.11/site-packages/torch/nn/modules/module.py:2400: UserWarning: for layer2.3.bn2.weight: copying from a non-meta parameter in the checkpoint to a meta parameter in the current model, which is a no-op. (Did you mean to pass `assign=True` to assign items in the state dictionary to their corresponding key in the module instead of copying them in place?)
  warnings.warn(
/opt/conda/envs/diffsensei/lib/python3.11/site-packages/torch/nn/modules/module.py:2400: UserWarning: for layer2.3.bn2.bias: copying from a non-meta parameter in the checkpoint to a meta parameter in the current model, which is a no-op. (Did you mean to pass `assign=True` to assign items in the state dictionary to their corresponding key in the module instead of copying them in place?)
  warnings.warn(
/opt/conda/envs/diffsensei/lib/python3.11/site-packages/torch/nn/modules/module.py:2400: UserWarning: for layer2.3.conv3.weight: copying from a non-meta parameter in the checkpoint to a meta parameter in the current model, which is a no-op. (Did you mean to pass `assign=True` to assign items in the state dictionary to their corresponding key in the module instead of copying them in place?)
  warnings.warn(
/opt/conda/envs/diffsensei/lib/python3.11/site-packages/torch/nn/modules/module.py:2400: UserWarning: for layer2.3.bn3.weight: copying from a non-meta parameter in the checkpoint to a meta parameter in the current model, which is a no-op. (Did you mean to pass `assign=True` to assign items in the state dictionary to their corresponding key in the module instead of copying them in place?)
  warnings.warn(
/opt/conda/envs/diffsensei/lib/python3.11/site-packages/torch/nn/modules/module.py:2400: UserWarning: for layer2.3.bn3.bias: copying from a non-meta parameter in the checkpoint to a meta parameter in the current model, which is a no-op. (Did you mean to pass `assign=True` to assign items in the state dictionary to their corresponding key in the module instead of copying them in place?)
  warnings.warn(
/opt/conda/envs/diffsensei/lib/python3.11/site-packages/torch/nn/modules/module.py:2400: UserWarning: for layer3.0.conv1.weight: copying from a non-meta parameter in the checkpoint to a meta parameter in the current model, which is a no-op. (Did you mean to pass `assign=True` to assign items in the state dictionary to their corresponding key in the module instead of copying them in place?)
  warnings.warn(
/opt/conda/envs/diffsensei/lib/python3.11/site-packages/torch/nn/modules/module.py:2400: UserWarning: for layer3.0.bn1.weight: copying from a non-meta parameter in the checkpoint to a meta parameter in the current model, which is a no-op. (Did you mean to pass `assign=True` to assign items in the state dictionary to their corresponding key in the module instead of copying them in place?)
  warnings.warn(
/opt/conda/envs/diffsensei/lib/python3.11/site-packages/torch/nn/modules/module.py:2400: UserWarning: for layer3.0.bn1.bias: copying from a non-meta parameter in the checkpoint to a meta parameter in the current model, which is a no-op. (Did you mean to pass `assign=True` to assign items in the state dictionary to their corresponding key in the module instead of copying them in place?)
  warnings.warn(
/opt/conda/envs/diffsensei/lib/python3.11/site-packages/torch/nn/modules/module.py:2400: UserWarning: for layer3.0.conv2.weight: copying from a non-meta parameter in the checkpoint to a meta parameter in the current model, which is a no-op. (Did you mean to pass `assign=True` to assign items in the state dictionary to their corresponding key in the module instead of copying them in place?)
  warnings.warn(
/opt/conda/envs/diffsensei/lib/python3.11/site-packages/torch/nn/modules/module.py:2400: UserWarning: for layer3.0.bn2.weight: copying from a non-meta parameter in the checkpoint to a meta parameter in the current model, which is a no-op. (Did you mean to pass `assign=True` to assign items in the state dictionary to their corresponding key in the module instead of copying them in place?)
  warnings.warn(
/opt/conda/envs/diffsensei/lib/python3.11/site-packages/torch/nn/modules/module.py:2400: UserWarning: for layer3.0.bn2.bias: copying from a non-meta parameter in the checkpoint to a meta parameter in the current model, which is a no-op. (Did you mean to pass `assign=True` to assign items in the state dictionary to their corresponding key in the module instead of copying them in place?)
  warnings.warn(
/opt/conda/envs/diffsensei/lib/python3.11/site-packages/torch/nn/modules/module.py:2400: UserWarning: for layer3.0.conv3.weight: copying from a non-meta parameter in the checkpoint to a meta parameter in the current model, which is a no-op. (Did you mean to pass `assign=True` to assign items in the state dictionary to their corresponding key in the module instead of copying them in place?)
  warnings.warn(
/opt/conda/envs/diffsensei/lib/python3.11/site-packages/torch/nn/modules/module.py:2400: UserWarning: for layer3.0.bn3.weight: copying from a non-meta parameter in the checkpoint to a meta parameter in the current model, which is a no-op. (Did you mean to pass `assign=True` to assign items in the state dictionary to their corresponding key in the module instead of copying them in place?)
  warnings.warn(
/opt/conda/envs/diffsensei/lib/python3.11/site-packages/torch/nn/modules/module.py:2400: UserWarning: for layer3.0.bn3.bias: copying from a non-meta parameter in the checkpoint to a meta parameter in the current model, which is a no-op. (Did you mean to pass `assign=True` to assign items in the state dictionary to their corresponding key in the module instead of copying them in place?)
  warnings.warn(
/opt/conda/envs/diffsensei/lib/python3.11/site-packages/torch/nn/modules/module.py:2400: UserWarning: for layer3.0.downsample.0.weight: copying from a non-meta parameter in the checkpoint to a meta parameter in the current model, which is a no-op. (Did you mean to pass `assign=True` to assign items in the state dictionary to their corresponding key in the module instead of copying them in place?)
  warnings.warn(
/opt/conda/envs/diffsensei/lib/python3.11/site-packages/torch/nn/modules/module.py:2400: UserWarning: for layer3.0.downsample.1.weight: copying from a non-meta parameter in the checkpoint to a meta parameter in the current model, which is a no-op. (Did you mean to pass `assign=True` to assign items in the state dictionary to their corresponding key in the module instead of copying them in place?)
  warnings.warn(
/opt/conda/envs/diffsensei/lib/python3.11/site-packages/torch/nn/modules/module.py:2400: UserWarning: for layer3.0.downsample.1.bias: copying from a non-meta parameter in the checkpoint to a meta parameter in the current model, which is a no-op. (Did you mean to pass `assign=True` to assign items in the state dictionary to their corresponding key in the module instead of copying them in place?)
  warnings.warn(
/opt/conda/envs/diffsensei/lib/python3.11/site-packages/torch/nn/modules/module.py:2400: UserWarning: for layer3.1.conv1.weight: copying from a non-meta parameter in the checkpoint to a meta parameter in the current model, which is a no-op. (Did you mean to pass `assign=True` to assign items in the state dictionary to their corresponding key in the module instead of copying them in place?)
  warnings.warn(
/opt/conda/envs/diffsensei/lib/python3.11/site-packages/torch/nn/modules/module.py:2400: UserWarning: for layer3.1.bn1.weight: copying from a non-meta parameter in the checkpoint to a meta parameter in the current model, which is a no-op. (Did you mean to pass `assign=True` to assign items in the state dictionary to their corresponding key in the module instead of copying them in place?)
  warnings.warn(
/opt/conda/envs/diffsensei/lib/python3.11/site-packages/torch/nn/modules/module.py:2400: UserWarning: for layer3.1.bn1.bias: copying from a non-meta parameter in the checkpoint to a meta parameter in the current model, which is a no-op. (Did you mean to pass `assign=True` to assign items in the state dictionary to their corresponding key in the module instead of copying them in place?)
  warnings.warn(
/opt/conda/envs/diffsensei/lib/python3.11/site-packages/torch/nn/modules/module.py:2400: UserWarning: for layer3.1.conv2.weight: copying from a non-meta parameter in the checkpoint to a meta parameter in the current model, which is a no-op. (Did you mean to pass `assign=True` to assign items in the state dictionary to their corresponding key in the module instead of copying them in place?)
  warnings.warn(
/opt/conda/envs/diffsensei/lib/python3.11/site-packages/torch/nn/modules/module.py:2400: UserWarning: for layer3.1.bn2.weight: copying from a non-meta parameter in the checkpoint to a meta parameter in the current model, which is a no-op. (Did you mean to pass `assign=True` to assign items in the state dictionary to their corresponding key in the module instead of copying them in place?)
  warnings.warn(
/opt/conda/envs/diffsensei/lib/python3.11/site-packages/torch/nn/modules/module.py:2400: UserWarning: for layer3.1.bn2.bias: copying from a non-meta parameter in the checkpoint to a meta parameter in the current model, which is a no-op. (Did you mean to pass `assign=True` to assign items in the state dictionary to their corresponding key in the module instead of copying them in place?)
  warnings.warn(
/opt/conda/envs/diffsensei/lib/python3.11/site-packages/torch/nn/modules/module.py:2400: UserWarning: for layer3.1.conv3.weight: copying from a non-meta parameter in the checkpoint to a meta parameter in the current model, which is a no-op. (Did you mean to pass `assign=True` to assign items in the state dictionary to their corresponding key in the module instead of copying them in place?)
  warnings.warn(
/opt/conda/envs/diffsensei/lib/python3.11/site-packages/torch/nn/modules/module.py:2400: UserWarning: for layer3.1.bn3.weight: copying from a non-meta parameter in the checkpoint to a meta parameter in the current model, which is a no-op. (Did you mean to pass `assign=True` to assign items in the state dictionary to their corresponding key in the module instead of copying them in place?)
  warnings.warn(
/opt/conda/envs/diffsensei/lib/python3.11/site-packages/torch/nn/modules/module.py:2400: UserWarning: for layer3.1.bn3.bias: copying from a non-meta parameter in the checkpoint to a meta parameter in the current model, which is a no-op. (Did you mean to pass `assign=True` to assign items in the state dictionary to their corresponding key in the module instead of copying them in place?)
  warnings.warn(
/opt/conda/envs/diffsensei/lib/python3.11/site-packages/torch/nn/modules/module.py:2400: UserWarning: for layer3.2.conv1.weight: copying from a non-meta parameter in the checkpoint to a meta parameter in the current model, which is a no-op. (Did you mean to pass `assign=True` to assign items in the state dictionary to their corresponding key in the module instead of copying them in place?)
  warnings.warn(
/opt/conda/envs/diffsensei/lib/python3.11/site-packages/torch/nn/modules/module.py:2400: UserWarning: for layer3.2.bn1.weight: copying from a non-meta parameter in the checkpoint to a meta parameter in the current model, which is a no-op. (Did you mean to pass `assign=True` to assign items in the state dictionary to their corresponding key in the module instead of copying them in place?)
  warnings.warn(
/opt/conda/envs/diffsensei/lib/python3.11/site-packages/torch/nn/modules/module.py:2400: UserWarning: for layer3.2.bn1.bias: copying from a non-meta parameter in the checkpoint to a meta parameter in the current model, which is a no-op. (Did you mean to pass `assign=True` to assign items in the state dictionary to their corresponding key in the module instead of copying them in place?)
  warnings.warn(
/opt/conda/envs/diffsensei/lib/python3.11/site-packages/torch/nn/modules/module.py:2400: UserWarning: for layer3.2.conv2.weight: copying from a non-meta parameter in the checkpoint to a meta parameter in the current model, which is a no-op. (Did you mean to pass `assign=True` to assign items in the state dictionary to their corresponding key in the module instead of copying them in place?)
  warnings.warn(
/opt/conda/envs/diffsensei/lib/python3.11/site-packages/torch/nn/modules/module.py:2400: UserWarning: for layer3.2.bn2.weight: copying from a non-meta parameter in the checkpoint to a meta parameter in the current model, which is a no-op. (Did you mean to pass `assign=True` to assign items in the state dictionary to their corresponding key in the module instead of copying them in place?)
  warnings.warn(
/opt/conda/envs/diffsensei/lib/python3.11/site-packages/torch/nn/modules/module.py:2400: UserWarning: for layer3.2.bn2.bias: copying from a non-meta parameter in the checkpoint to a meta parameter in the current model, which is a no-op. (Did you mean to pass `assign=True` to assign items in the state dictionary to their corresponding key in the module instead of copying them in place?)
  warnings.warn(
/opt/conda/envs/diffsensei/lib/python3.11/site-packages/torch/nn/modules/module.py:2400: UserWarning: for layer3.2.conv3.weight: copying from a non-meta parameter in the checkpoint to a meta parameter in the current model, which is a no-op. (Did you mean to pass `assign=True` to assign items in the state dictionary to their corresponding key in the module instead of copying them in place?)
  warnings.warn(
/opt/conda/envs/diffsensei/lib/python3.11/site-packages/torch/nn/modules/module.py:2400: UserWarning: for layer3.2.bn3.weight: copying from a non-meta parameter in the checkpoint to a meta parameter in the current model, which is a no-op. (Did you mean to pass `assign=True` to assign items in the state dictionary to their corresponding key in the module instead of copying them in place?)
  warnings.warn(
/opt/conda/envs/diffsensei/lib/python3.11/site-packages/torch/nn/modules/module.py:2400: UserWarning: for layer3.2.bn3.bias: copying from a non-meta parameter in the checkpoint to a meta parameter in the current model, which is a no-op. (Did you mean to pass `assign=True` to assign items in the state dictionary to their corresponding key in the module instead of copying them in place?)
  warnings.warn(
/opt/conda/envs/diffsensei/lib/python3.11/site-packages/torch/nn/modules/module.py:2400: UserWarning: for layer3.3.conv1.weight: copying from a non-meta parameter in the checkpoint to a meta parameter in the current model, which is a no-op. (Did you mean to pass `assign=True` to assign items in the state dictionary to their corresponding key in the module instead of copying them in place?)
  warnings.warn(
/opt/conda/envs/diffsensei/lib/python3.11/site-packages/torch/nn/modules/module.py:2400: UserWarning: for layer3.3.bn1.weight: copying from a non-meta parameter in the checkpoint to a meta parameter in the current model, which is a no-op. (Did you mean to pass `assign=True` to assign items in the state dictionary to their corresponding key in the module instead of copying them in place?)
  warnings.warn(
/opt/conda/envs/diffsensei/lib/python3.11/site-packages/torch/nn/modules/module.py:2400: UserWarning: for layer3.3.bn1.bias: copying from a non-meta parameter in the checkpoint to a meta parameter in the current model, which is a no-op. (Did you mean to pass `assign=True` to assign items in the state dictionary to their corresponding key in the module instead of copying them in place?)
  warnings.warn(
/opt/conda/envs/diffsensei/lib/python3.11/site-packages/torch/nn/modules/module.py:2400: UserWarning: for layer3.3.conv2.weight: copying from a non-meta parameter in the checkpoint to a meta parameter in the current model, which is a no-op. (Did you mean to pass `assign=True` to assign items in the state dictionary to their corresponding key in the module instead of copying them in place?)
  warnings.warn(
/opt/conda/envs/diffsensei/lib/python3.11/site-packages/torch/nn/modules/module.py:2400: UserWarning: for layer3.3.bn2.weight: copying from a non-meta parameter in the checkpoint to a meta parameter in the current model, which is a no-op. (Did you mean to pass `assign=True` to assign items in the state dictionary to their corresponding key in the module instead of copying them in place?)
  warnings.warn(
/opt/conda/envs/diffsensei/lib/python3.11/site-packages/torch/nn/modules/module.py:2400: UserWarning: for layer3.3.bn2.bias: copying from a non-meta parameter in the checkpoint to a meta parameter in the current model, which is a no-op. (Did you mean to pass `assign=True` to assign items in the state dictionary to their corresponding key in the module instead of copying them in place?)
  warnings.warn(
/opt/conda/envs/diffsensei/lib/python3.11/site-packages/torch/nn/modules/module.py:2400: UserWarning: for layer3.3.conv3.weight: copying from a non-meta parameter in the checkpoint to a meta parameter in the current model, which is a no-op. (Did you mean to pass `assign=True` to assign items in the state dictionary to their corresponding key in the module instead of copying them in place?)
  warnings.warn(
/opt/conda/envs/diffsensei/lib/python3.11/site-packages/torch/nn/modules/module.py:2400: UserWarning: for layer3.3.bn3.weight: copying from a non-meta parameter in the checkpoint to a meta parameter in the current model, which is a no-op. (Did you mean to pass `assign=True` to assign items in the state dictionary to their corresponding key in the module instead of copying them in place?)
  warnings.warn(
/opt/conda/envs/diffsensei/lib/python3.11/site-packages/torch/nn/modules/module.py:2400: UserWarning: for layer3.3.bn3.bias: copying from a non-meta parameter in the checkpoint to a meta parameter in the current model, which is a no-op. (Did you mean to pass `assign=True` to assign items in the state dictionary to their corresponding key in the module instead of copying them in place?)
  warnings.warn(
/opt/conda/envs/diffsensei/lib/python3.11/site-packages/torch/nn/modules/module.py:2400: UserWarning: for layer3.4.conv1.weight: copying from a non-meta parameter in the checkpoint to a meta parameter in the current model, which is a no-op. (Did you mean to pass `assign=True` to assign items in the state dictionary to their corresponding key in the module instead of copying them in place?)
  warnings.warn(
/opt/conda/envs/diffsensei/lib/python3.11/site-packages/torch/nn/modules/module.py:2400: UserWarning: for layer3.4.bn1.weight: copying from a non-meta parameter in the checkpoint to a meta parameter in the current model, which is a no-op. (Did you mean to pass `assign=True` to assign items in the state dictionary to their corresponding key in the module instead of copying them in place?)
  warnings.warn(
/opt/conda/envs/diffsensei/lib/python3.11/site-packages/torch/nn/modules/module.py:2400: UserWarning: for layer3.4.bn1.bias: copying from a non-meta parameter in the checkpoint to a meta parameter in the current model, which is a no-op. (Did you mean to pass `assign=True` to assign items in the state dictionary to their corresponding key in the module instead of copying them in place?)
  warnings.warn(
/opt/conda/envs/diffsensei/lib/python3.11/site-packages/torch/nn/modules/module.py:2400: UserWarning: for layer3.4.conv2.weight: copying from a non-meta parameter in the checkpoint to a meta parameter in the current model, which is a no-op. (Did you mean to pass `assign=True` to assign items in the state dictionary to their corresponding key in the module instead of copying them in place?)
  warnings.warn(
/opt/conda/envs/diffsensei/lib/python3.11/site-packages/torch/nn/modules/module.py:2400: UserWarning: for layer3.4.bn2.weight: copying from a non-meta parameter in the checkpoint to a meta parameter in the current model, which is a no-op. (Did you mean to pass `assign=True` to assign items in the state dictionary to their corresponding key in the module instead of copying them in place?)
  warnings.warn(
/opt/conda/envs/diffsensei/lib/python3.11/site-packages/torch/nn/modules/module.py:2400: UserWarning: for layer3.4.bn2.bias: copying from a non-meta parameter in the checkpoint to a meta parameter in the current model, which is a no-op. (Did you mean to pass `assign=True` to assign items in the state dictionary to their corresponding key in the module instead of copying them in place?)
  warnings.warn(
/opt/conda/envs/diffsensei/lib/python3.11/site-packages/torch/nn/modules/module.py:2400: UserWarning: for layer3.4.conv3.weight: copying from a non-meta parameter in the checkpoint to a meta parameter in the current model, which is a no-op. (Did you mean to pass `assign=True` to assign items in the state dictionary to their corresponding key in the module instead of copying them in place?)
  warnings.warn(
/opt/conda/envs/diffsensei/lib/python3.11/site-packages/torch/nn/modules/module.py:2400: UserWarning: for layer3.4.bn3.weight: copying from a non-meta parameter in the checkpoint to a meta parameter in the current model, which is a no-op. (Did you mean to pass `assign=True` to assign items in the state dictionary to their corresponding key in the module instead of copying them in place?)
  warnings.warn(
/opt/conda/envs/diffsensei/lib/python3.11/site-packages/torch/nn/modules/module.py:2400: UserWarning: for layer3.4.bn3.bias: copying from a non-meta parameter in the checkpoint to a meta parameter in the current model, which is a no-op. (Did you mean to pass `assign=True` to assign items in the state dictionary to their corresponding key in the module instead of copying them in place?)
  warnings.warn(
/opt/conda/envs/diffsensei/lib/python3.11/site-packages/torch/nn/modules/module.py:2400: UserWarning: for layer3.5.conv1.weight: copying from a non-meta parameter in the checkpoint to a meta parameter in the current model, which is a no-op. (Did you mean to pass `assign=True` to assign items in the state dictionary to their corresponding key in the module instead of copying them in place?)
  warnings.warn(
/opt/conda/envs/diffsensei/lib/python3.11/site-packages/torch/nn/modules/module.py:2400: UserWarning: for layer3.5.bn1.weight: copying from a non-meta parameter in the checkpoint to a meta parameter in the current model, which is a no-op. (Did you mean to pass `assign=True` to assign items in the state dictionary to their corresponding key in the module instead of copying them in place?)
  warnings.warn(
/opt/conda/envs/diffsensei/lib/python3.11/site-packages/torch/nn/modules/module.py:2400: UserWarning: for layer3.5.bn1.bias: copying from a non-meta parameter in the checkpoint to a meta parameter in the current model, which is a no-op. (Did you mean to pass `assign=True` to assign items in the state dictionary to their corresponding key in the module instead of copying them in place?)
  warnings.warn(
/opt/conda/envs/diffsensei/lib/python3.11/site-packages/torch/nn/modules/module.py:2400: UserWarning: for layer3.5.conv2.weight: copying from a non-meta parameter in the checkpoint to a meta parameter in the current model, which is a no-op. (Did you mean to pass `assign=True` to assign items in the state dictionary to their corresponding key in the module instead of copying them in place?)
  warnings.warn(
/opt/conda/envs/diffsensei/lib/python3.11/site-packages/torch/nn/modules/module.py:2400: UserWarning: for layer3.5.bn2.weight: copying from a non-meta parameter in the checkpoint to a meta parameter in the current model, which is a no-op. (Did you mean to pass `assign=True` to assign items in the state dictionary to their corresponding key in the module instead of copying them in place?)
  warnings.warn(
/opt/conda/envs/diffsensei/lib/python3.11/site-packages/torch/nn/modules/module.py:2400: UserWarning: for layer3.5.bn2.bias: copying from a non-meta parameter in the checkpoint to a meta parameter in the current model, which is a no-op. (Did you mean to pass `assign=True` to assign items in the state dictionary to their corresponding key in the module instead of copying them in place?)
  warnings.warn(
/opt/conda/envs/diffsensei/lib/python3.11/site-packages/torch/nn/modules/module.py:2400: UserWarning: for layer3.5.conv3.weight: copying from a non-meta parameter in the checkpoint to a meta parameter in the current model, which is a no-op. (Did you mean to pass `assign=True` to assign items in the state dictionary to their corresponding key in the module instead of copying them in place?)
  warnings.warn(
/opt/conda/envs/diffsensei/lib/python3.11/site-packages/torch/nn/modules/module.py:2400: UserWarning: for layer3.5.bn3.weight: copying from a non-meta parameter in the checkpoint to a meta parameter in the current model, which is a no-op. (Did you mean to pass `assign=True` to assign items in the state dictionary to their corresponding key in the module instead of copying them in place?)
  warnings.warn(
/opt/conda/envs/diffsensei/lib/python3.11/site-packages/torch/nn/modules/module.py:2400: UserWarning: for layer3.5.bn3.bias: copying from a non-meta parameter in the checkpoint to a meta parameter in the current model, which is a no-op. (Did you mean to pass `assign=True` to assign items in the state dictionary to their corresponding key in the module instead of copying them in place?)
  warnings.warn(
/opt/conda/envs/diffsensei/lib/python3.11/site-packages/torch/nn/modules/module.py:2400: UserWarning: for layer4.0.conv1.weight: copying from a non-meta parameter in the checkpoint to a meta parameter in the current model, which is a no-op. (Did you mean to pass `assign=True` to assign items in the state dictionary to their corresponding key in the module instead of copying them in place?)
  warnings.warn(
/opt/conda/envs/diffsensei/lib/python3.11/site-packages/torch/nn/modules/module.py:2400: UserWarning: for layer4.0.bn1.weight: copying from a non-meta parameter in the checkpoint to a meta parameter in the current model, which is a no-op. (Did you mean to pass `assign=True` to assign items in the state dictionary to their corresponding key in the module instead of copying them in place?)
  warnings.warn(
/opt/conda/envs/diffsensei/lib/python3.11/site-packages/torch/nn/modules/module.py:2400: UserWarning: for layer4.0.bn1.bias: copying from a non-meta parameter in the checkpoint to a meta parameter in the current model, which is a no-op. (Did you mean to pass `assign=True` to assign items in the state dictionary to their corresponding key in the module instead of copying them in place?)
  warnings.warn(
/opt/conda/envs/diffsensei/lib/python3.11/site-packages/torch/nn/modules/module.py:2400: UserWarning: for layer4.0.conv2.weight: copying from a non-meta parameter in the checkpoint to a meta parameter in the current model, which is a no-op. (Did you mean to pass `assign=True` to assign items in the state dictionary to their corresponding key in the module instead of copying them in place?)
  warnings.warn(
/opt/conda/envs/diffsensei/lib/python3.11/site-packages/torch/nn/modules/module.py:2400: UserWarning: for layer4.0.bn2.weight: copying from a non-meta parameter in the checkpoint to a meta parameter in the current model, which is a no-op. (Did you mean to pass `assign=True` to assign items in the state dictionary to their corresponding key in the module instead of copying them in place?)
  warnings.warn(
/opt/conda/envs/diffsensei/lib/python3.11/site-packages/torch/nn/modules/module.py:2400: UserWarning: for layer4.0.bn2.bias: copying from a non-meta parameter in the checkpoint to a meta parameter in the current model, which is a no-op. (Did you mean to pass `assign=True` to assign items in the state dictionary to their corresponding key in the module instead of copying them in place?)
  warnings.warn(
/opt/conda/envs/diffsensei/lib/python3.11/site-packages/torch/nn/modules/module.py:2400: UserWarning: for layer4.0.conv3.weight: copying from a non-meta parameter in the checkpoint to a meta parameter in the current model, which is a no-op. (Did you mean to pass `assign=True` to assign items in the state dictionary to their corresponding key in the module instead of copying them in place?)
  warnings.warn(
/opt/conda/envs/diffsensei/lib/python3.11/site-packages/torch/nn/modules/module.py:2400: UserWarning: for layer4.0.bn3.weight: copying from a non-meta parameter in the checkpoint to a meta parameter in the current model, which is a no-op. (Did you mean to pass `assign=True` to assign items in the state dictionary to their corresponding key in the module instead of copying them in place?)
  warnings.warn(
/opt/conda/envs/diffsensei/lib/python3.11/site-packages/torch/nn/modules/module.py:2400: UserWarning: for layer4.0.bn3.bias: copying from a non-meta parameter in the checkpoint to a meta parameter in the current model, which is a no-op. (Did you mean to pass `assign=True` to assign items in the state dictionary to their corresponding key in the module instead of copying them in place?)
  warnings.warn(
/opt/conda/envs/diffsensei/lib/python3.11/site-packages/torch/nn/modules/module.py:2400: UserWarning: for layer4.0.downsample.0.weight: copying from a non-meta parameter in the checkpoint to a meta parameter in the current model, which is a no-op. (Did you mean to pass `assign=True` to assign items in the state dictionary to their corresponding key in the module instead of copying them in place?)
  warnings.warn(
/opt/conda/envs/diffsensei/lib/python3.11/site-packages/torch/nn/modules/module.py:2400: UserWarning: for layer4.0.downsample.1.weight: copying from a non-meta parameter in the checkpoint to a meta parameter in the current model, which is a no-op. (Did you mean to pass `assign=True` to assign items in the state dictionary to their corresponding key in the module instead of copying them in place?)
  warnings.warn(
/opt/conda/envs/diffsensei/lib/python3.11/site-packages/torch/nn/modules/module.py:2400: UserWarning: for layer4.0.downsample.1.bias: copying from a non-meta parameter in the checkpoint to a meta parameter in the current model, which is a no-op. (Did you mean to pass `assign=True` to assign items in the state dictionary to their corresponding key in the module instead of copying them in place?)
  warnings.warn(
/opt/conda/envs/diffsensei/lib/python3.11/site-packages/torch/nn/modules/module.py:2400: UserWarning: for layer4.1.conv1.weight: copying from a non-meta parameter in the checkpoint to a meta parameter in the current model, which is a no-op. (Did you mean to pass `assign=True` to assign items in the state dictionary to their corresponding key in the module instead of copying them in place?)
  warnings.warn(
/opt/conda/envs/diffsensei/lib/python3.11/site-packages/torch/nn/modules/module.py:2400: UserWarning: for layer4.1.bn1.weight: copying from a non-meta parameter in the checkpoint to a meta parameter in the current model, which is a no-op. (Did you mean to pass `assign=True` to assign items in the state dictionary to their corresponding key in the module instead of copying them in place?)
  warnings.warn(
/opt/conda/envs/diffsensei/lib/python3.11/site-packages/torch/nn/modules/module.py:2400: UserWarning: for layer4.1.bn1.bias: copying from a non-meta parameter in the checkpoint to a meta parameter in the current model, which is a no-op. (Did you mean to pass `assign=True` to assign items in the state dictionary to their corresponding key in the module instead of copying them in place?)
  warnings.warn(
/opt/conda/envs/diffsensei/lib/python3.11/site-packages/torch/nn/modules/module.py:2400: UserWarning: for layer4.1.conv2.weight: copying from a non-meta parameter in the checkpoint to a meta parameter in the current model, which is a no-op. (Did you mean to pass `assign=True` to assign items in the state dictionary to their corresponding key in the module instead of copying them in place?)
  warnings.warn(
/opt/conda/envs/diffsensei/lib/python3.11/site-packages/torch/nn/modules/module.py:2400: UserWarning: for layer4.1.bn2.weight: copying from a non-meta parameter in the checkpoint to a meta parameter in the current model, which is a no-op. (Did you mean to pass `assign=True` to assign items in the state dictionary to their corresponding key in the module instead of copying them in place?)
  warnings.warn(
/opt/conda/envs/diffsensei/lib/python3.11/site-packages/torch/nn/modules/module.py:2400: UserWarning: for layer4.1.bn2.bias: copying from a non-meta parameter in the checkpoint to a meta parameter in the current model, which is a no-op. (Did you mean to pass `assign=True` to assign items in the state dictionary to their corresponding key in the module instead of copying them in place?)
  warnings.warn(
/opt/conda/envs/diffsensei/lib/python3.11/site-packages/torch/nn/modules/module.py:2400: UserWarning: for layer4.1.conv3.weight: copying from a non-meta parameter in the checkpoint to a meta parameter in the current model, which is a no-op. (Did you mean to pass `assign=True` to assign items in the state dictionary to their corresponding key in the module instead of copying them in place?)
  warnings.warn(
/opt/conda/envs/diffsensei/lib/python3.11/site-packages/torch/nn/modules/module.py:2400: UserWarning: for layer4.1.bn3.weight: copying from a non-meta parameter in the checkpoint to a meta parameter in the current model, which is a no-op. (Did you mean to pass `assign=True` to assign items in the state dictionary to their corresponding key in the module instead of copying them in place?)
  warnings.warn(
/opt/conda/envs/diffsensei/lib/python3.11/site-packages/torch/nn/modules/module.py:2400: UserWarning: for layer4.1.bn3.bias: copying from a non-meta parameter in the checkpoint to a meta parameter in the current model, which is a no-op. (Did you mean to pass `assign=True` to assign items in the state dictionary to their corresponding key in the module instead of copying them in place?)
  warnings.warn(
/opt/conda/envs/diffsensei/lib/python3.11/site-packages/torch/nn/modules/module.py:2400: UserWarning: for layer4.2.conv1.weight: copying from a non-meta parameter in the checkpoint to a meta parameter in the current model, which is a no-op. (Did you mean to pass `assign=True` to assign items in the state dictionary to their corresponding key in the module instead of copying them in place?)
  warnings.warn(
/opt/conda/envs/diffsensei/lib/python3.11/site-packages/torch/nn/modules/module.py:2400: UserWarning: for layer4.2.bn1.weight: copying from a non-meta parameter in the checkpoint to a meta parameter in the current model, which is a no-op. (Did you mean to pass `assign=True` to assign items in the state dictionary to their corresponding key in the module instead of copying them in place?)
  warnings.warn(
/opt/conda/envs/diffsensei/lib/python3.11/site-packages/torch/nn/modules/module.py:2400: UserWarning: for layer4.2.bn1.bias: copying from a non-meta parameter in the checkpoint to a meta parameter in the current model, which is a no-op. (Did you mean to pass `assign=True` to assign items in the state dictionary to their corresponding key in the module instead of copying them in place?)
  warnings.warn(
/opt/conda/envs/diffsensei/lib/python3.11/site-packages/torch/nn/modules/module.py:2400: UserWarning: for layer4.2.conv2.weight: copying from a non-meta parameter in the checkpoint to a meta parameter in the current model, which is a no-op. (Did you mean to pass `assign=True` to assign items in the state dictionary to their corresponding key in the module instead of copying them in place?)
  warnings.warn(
/opt/conda/envs/diffsensei/lib/python3.11/site-packages/torch/nn/modules/module.py:2400: UserWarning: for layer4.2.bn2.weight: copying from a non-meta parameter in the checkpoint to a meta parameter in the current model, which is a no-op. (Did you mean to pass `assign=True` to assign items in the state dictionary to their corresponding key in the module instead of copying them in place?)
  warnings.warn(
/opt/conda/envs/diffsensei/lib/python3.11/site-packages/torch/nn/modules/module.py:2400: UserWarning: for layer4.2.bn2.bias: copying from a non-meta parameter in the checkpoint to a meta parameter in the current model, which is a no-op. (Did you mean to pass `assign=True` to assign items in the state dictionary to their corresponding key in the module instead of copying them in place?)
  warnings.warn(
/opt/conda/envs/diffsensei/lib/python3.11/site-packages/torch/nn/modules/module.py:2400: UserWarning: for layer4.2.conv3.weight: copying from a non-meta parameter in the checkpoint to a meta parameter in the current model, which is a no-op. (Did you mean to pass `assign=True` to assign items in the state dictionary to their corresponding key in the module instead of copying them in place?)
  warnings.warn(
/opt/conda/envs/diffsensei/lib/python3.11/site-packages/torch/nn/modules/module.py:2400: UserWarning: for layer4.2.bn3.weight: copying from a non-meta parameter in the checkpoint to a meta parameter in the current model, which is a no-op. (Did you mean to pass `assign=True` to assign items in the state dictionary to their corresponding key in the module instead of copying them in place?)
  warnings.warn(
/opt/conda/envs/diffsensei/lib/python3.11/site-packages/torch/nn/modules/module.py:2400: UserWarning: for layer4.2.bn3.bias: copying from a non-meta parameter in the checkpoint to a meta parameter in the current model, which is a no-op. (Did you mean to pass `assign=True` to assign items in the state dictionary to their corresponding key in the module instead of copying them in place?)
  warnings.warn(
Using a slow image processor as `use_fast` is unset and a slow processor was saved with this model. `use_fast=True` will be the default behavior in v4.52, even if the model was saved with a slow processor. This will result in minor differences in outputs. You'll still be able to use a slow processor with `use_fast=False`.
Config of the encoder: <class 'transformers.models.vit.modeling_vit.ViTModel'> is overwritten by shared encoder config: ViTConfig {
  "attention_probs_dropout_prob": 0.0,
  "encoder_stride": 16,
  "hidden_act": "gelu",
  "hidden_dropout_prob": 0.0,
  "hidden_size": 768,
  "image_size": 384,
  "initializer_range": 0.02,
  "intermediate_size": 3072,
  "layer_norm_eps": 1e-12,
  "model_type": "vit",
  "num_attention_heads": 12,
  "num_channels": 3,
  "num_hidden_layers": 12,
  "patch_size": 16,
  "pooler_act": "tanh",
  "pooler_output_size": 768,
  "qkv_bias": false,
  "transformers_version": "4.51.3"
}

Config of the decoder: <class 'transformers.models.trocr.modeling_trocr.TrOCRForCausalLM'> is overwritten by shared decoder config: TrOCRConfig {
  "activation_dropout": 0.0,
  "activation_function": "gelu",
  "add_cross_attention": true,
  "attention_dropout": 0.0,
  "bos_token_id": 0,
  "classifier_dropout": 0.0,
  "cross_attention_hidden_size": 768,
  "d_model": 1024,
  "decoder_attention_heads": 16,
  "decoder_ffn_dim": 4096,
  "decoder_layerdrop": 0.0,
  "decoder_layers": 12,
  "decoder_start_token_id": 2,
  "dropout": 0.1,
  "eos_token_id": 2,
  "init_std": 0.02,
  "is_decoder": true,
  "layernorm_embedding": true,
  "max_position_embeddings": 512,
  "model_type": "trocr",
  "pad_token_id": 1,
  "scale_embedding": false,
  "transformers_version": "4.51.3",
  "use_cache": false,
  "use_learned_position_embeddings": true,
  "vocab_size": 50265
}

/data/DiffSensei-main/layout-generator/src/utils.py:22: FutureWarning: You are using `torch.load` with `weights_only=False` (the current default value), which uses the default pickle module implicitly. It is possible to construct malicious pickle data which will execute arbitrary code during unpickling (See https://github.com/pytorch/pytorch/blob/main/SECURITY.md#untrusted-models for more details). In a future release, the default value for `weights_only` will be flipped to `True`. This limits the functions that could be executed during unpickling. Arbitrary objects will no longer be allowed to be loaded via this mode unless they are explicitly allowlisted by the user via `torch.serialization.add_safe_globals`. We recommend you start setting `weights_only=True` for any use case where you don't have full control of the loaded file. Please open an issue on GitHub for any issues related to this experimental feature.
  checkpoint = torch.load(ckpt_path, map_location='cpu')
/opt/conda/envs/diffsensei/lib/python3.11/site-packages/torch/nn/modules/module.py:2400: UserWarning: for conv1.weight: copying from a non-meta parameter in the checkpoint to a meta parameter in the current model, which is a no-op. (Did you mean to pass `assign=True` to assign items in the state dictionary to their corresponding key in the module instead of copying them in place?)
  warnings.warn(
/opt/conda/envs/diffsensei/lib/python3.11/site-packages/torch/nn/modules/module.py:2400: UserWarning: for bn1.weight: copying from a non-meta parameter in the checkpoint to a meta parameter in the current model, which is a no-op. (Did you mean to pass `assign=True` to assign items in the state dictionary to their corresponding key in the module instead of copying them in place?)
  warnings.warn(
/opt/conda/envs/diffsensei/lib/python3.11/site-packages/torch/nn/modules/module.py:2400: UserWarning: for bn1.bias: copying from a non-meta parameter in the checkpoint to a meta parameter in the current model, which is a no-op. (Did you mean to pass `assign=True` to assign items in the state dictionary to their corresponding key in the module instead of copying them in place?)
  warnings.warn(
/opt/conda/envs/diffsensei/lib/python3.11/site-packages/torch/nn/modules/module.py:2400: UserWarning: for layer1.0.conv1.weight: copying from a non-meta parameter in the checkpoint to a meta parameter in the current model, which is a no-op. (Did you mean to pass `assign=True` to assign items in the state dictionary to their corresponding key in the module instead of copying them in place?)
  warnings.warn(
/opt/conda/envs/diffsensei/lib/python3.11/site-packages/torch/nn/modules/module.py:2400: UserWarning: for layer1.0.bn1.weight: copying from a non-meta parameter in the checkpoint to a meta parameter in the current model, which is a no-op. (Did you mean to pass `assign=True` to assign items in the state dictionary to their corresponding key in the module instead of copying them in place?)
  warnings.warn(
/opt/conda/envs/diffsensei/lib/python3.11/site-packages/torch/nn/modules/module.py:2400: UserWarning: for layer1.0.bn1.bias: copying from a non-meta parameter in the checkpoint to a meta parameter in the current model, which is a no-op. (Did you mean to pass `assign=True` to assign items in the state dictionary to their corresponding key in the module instead of copying them in place?)
  warnings.warn(
/opt/conda/envs/diffsensei/lib/python3.11/site-packages/torch/nn/modules/module.py:2400: UserWarning: for layer1.0.conv2.weight: copying from a non-meta parameter in the checkpoint to a meta parameter in the current model, which is a no-op. (Did you mean to pass `assign=True` to assign items in the state dictionary to their corresponding key in the module instead of copying them in place?)
  warnings.warn(
/opt/conda/envs/diffsensei/lib/python3.11/site-packages/torch/nn/modules/module.py:2400: UserWarning: for layer1.0.bn2.weight: copying from a non-meta parameter in the checkpoint to a meta parameter in the current model, which is a no-op. (Did you mean to pass `assign=True` to assign items in the state dictionary to their corresponding key in the module instead of copying them in place?)
  warnings.warn(
/opt/conda/envs/diffsensei/lib/python3.11/site-packages/torch/nn/modules/module.py:2400: UserWarning: for layer1.0.bn2.bias: copying from a non-meta parameter in the checkpoint to a meta parameter in the current model, which is a no-op. (Did you mean to pass `assign=True` to assign items in the state dictionary to their corresponding key in the module instead of copying them in place?)
  warnings.warn(
/opt/conda/envs/diffsensei/lib/python3.11/site-packages/torch/nn/modules/module.py:2400: UserWarning: for layer1.0.conv3.weight: copying from a non-meta parameter in the checkpoint to a meta parameter in the current model, which is a no-op. (Did you mean to pass `assign=True` to assign items in the state dictionary to their corresponding key in the module instead of copying them in place?)
  warnings.warn(
/opt/conda/envs/diffsensei/lib/python3.11/site-packages/torch/nn/modules/module.py:2400: UserWarning: for layer1.0.bn3.weight: copying from a non-meta parameter in the checkpoint to a meta parameter in the current model, which is a no-op. (Did you mean to pass `assign=True` to assign items in the state dictionary to their corresponding key in the module instead of copying them in place?)
  warnings.warn(
/opt/conda/envs/diffsensei/lib/python3.11/site-packages/torch/nn/modules/module.py:2400: UserWarning: for layer1.0.bn3.bias: copying from a non-meta parameter in the checkpoint to a meta parameter in the current model, which is a no-op. (Did you mean to pass `assign=True` to assign items in the state dictionary to their corresponding key in the module instead of copying them in place?)
  warnings.warn(
/opt/conda/envs/diffsensei/lib/python3.11/site-packages/torch/nn/modules/module.py:2400: UserWarning: for layer1.0.downsample.0.weight: copying from a non-meta parameter in the checkpoint to a meta parameter in the current model, which is a no-op. (Did you mean to pass `assign=True` to assign items in the state dictionary to their corresponding key in the module instead of copying them in place?)
  warnings.warn(
/opt/conda/envs/diffsensei/lib/python3.11/site-packages/torch/nn/modules/module.py:2400: UserWarning: for layer1.0.downsample.1.weight: copying from a non-meta parameter in the checkpoint to a meta parameter in the current model, which is a no-op. (Did you mean to pass `assign=True` to assign items in the state dictionary to their corresponding key in the module instead of copying them in place?)
  warnings.warn(
/opt/conda/envs/diffsensei/lib/python3.11/site-packages/torch/nn/modules/module.py:2400: UserWarning: for layer1.0.downsample.1.bias: copying from a non-meta parameter in the checkpoint to a meta parameter in the current model, which is a no-op. (Did you mean to pass `assign=True` to assign items in the state dictionary to their corresponding key in the module instead of copying them in place?)
  warnings.warn(
/opt/conda/envs/diffsensei/lib/python3.11/site-packages/torch/nn/modules/module.py:2400: UserWarning: for layer1.1.conv1.weight: copying from a non-meta parameter in the checkpoint to a meta parameter in the current model, which is a no-op. (Did you mean to pass `assign=True` to assign items in the state dictionary to their corresponding key in the module instead of copying them in place?)
  warnings.warn(
/opt/conda/envs/diffsensei/lib/python3.11/site-packages/torch/nn/modules/module.py:2400: UserWarning: for layer1.1.bn1.weight: copying from a non-meta parameter in the checkpoint to a meta parameter in the current model, which is a no-op. (Did you mean to pass `assign=True` to assign items in the state dictionary to their corresponding key in the module instead of copying them in place?)
  warnings.warn(
/opt/conda/envs/diffsensei/lib/python3.11/site-packages/torch/nn/modules/module.py:2400: UserWarning: for layer1.1.bn1.bias: copying from a non-meta parameter in the checkpoint to a meta parameter in the current model, which is a no-op. (Did you mean to pass `assign=True` to assign items in the state dictionary to their corresponding key in the module instead of copying them in place?)
  warnings.warn(
/opt/conda/envs/diffsensei/lib/python3.11/site-packages/torch/nn/modules/module.py:2400: UserWarning: for layer1.1.conv2.weight: copying from a non-meta parameter in the checkpoint to a meta parameter in the current model, which is a no-op. (Did you mean to pass `assign=True` to assign items in the state dictionary to their corresponding key in the module instead of copying them in place?)
  warnings.warn(
/opt/conda/envs/diffsensei/lib/python3.11/site-packages/torch/nn/modules/module.py:2400: UserWarning: for layer1.1.bn2.weight: copying from a non-meta parameter in the checkpoint to a meta parameter in the current model, which is a no-op. (Did you mean to pass `assign=True` to assign items in the state dictionary to their corresponding key in the module instead of copying them in place?)
  warnings.warn(
/opt/conda/envs/diffsensei/lib/python3.11/site-packages/torch/nn/modules/module.py:2400: UserWarning: for layer1.1.bn2.bias: copying from a non-meta parameter in the checkpoint to a meta parameter in the current model, which is a no-op. (Did you mean to pass `assign=True` to assign items in the state dictionary to their corresponding key in the module instead of copying them in place?)
  warnings.warn(
/opt/conda/envs/diffsensei/lib/python3.11/site-packages/torch/nn/modules/module.py:2400: UserWarning: for layer1.1.conv3.weight: copying from a non-meta parameter in the checkpoint to a meta parameter in the current model, which is a no-op. (Did you mean to pass `assign=True` to assign items in the state dictionary to their corresponding key in the module instead of copying them in place?)
  warnings.warn(
/opt/conda/envs/diffsensei/lib/python3.11/site-packages/torch/nn/modules/module.py:2400: UserWarning: for layer1.1.bn3.weight: copying from a non-meta parameter in the checkpoint to a meta parameter in the current model, which is a no-op. (Did you mean to pass `assign=True` to assign items in the state dictionary to their corresponding key in the module instead of copying them in place?)
  warnings.warn(
/opt/conda/envs/diffsensei/lib/python3.11/site-packages/torch/nn/modules/module.py:2400: UserWarning: for layer1.1.bn3.bias: copying from a non-meta parameter in the checkpoint to a meta parameter in the current model, which is a no-op. (Did you mean to pass `assign=True` to assign items in the state dictionary to their corresponding key in the module instead of copying them in place?)
  warnings.warn(
/opt/conda/envs/diffsensei/lib/python3.11/site-packages/torch/nn/modules/module.py:2400: UserWarning: for layer1.2.conv1.weight: copying from a non-meta parameter in the checkpoint to a meta parameter in the current model, which is a no-op. (Did you mean to pass `assign=True` to assign items in the state dictionary to their corresponding key in the module instead of copying them in place?)
  warnings.warn(
/opt/conda/envs/diffsensei/lib/python3.11/site-packages/torch/nn/modules/module.py:2400: UserWarning: for layer1.2.bn1.weight: copying from a non-meta parameter in the checkpoint to a meta parameter in the current model, which is a no-op. (Did you mean to pass `assign=True` to assign items in the state dictionary to their corresponding key in the module instead of copying them in place?)
  warnings.warn(
/opt/conda/envs/diffsensei/lib/python3.11/site-packages/torch/nn/modules/module.py:2400: UserWarning: for layer1.2.bn1.bias: copying from a non-meta parameter in the checkpoint to a meta parameter in the current model, which is a no-op. (Did you mean to pass `assign=True` to assign items in the state dictionary to their corresponding key in the module instead of copying them in place?)
  warnings.warn(
/opt/conda/envs/diffsensei/lib/python3.11/site-packages/torch/nn/modules/module.py:2400: UserWarning: for layer1.2.conv2.weight: copying from a non-meta parameter in the checkpoint to a meta parameter in the current model, which is a no-op. (Did you mean to pass `assign=True` to assign items in the state dictionary to their corresponding key in the module instead of copying them in place?)
  warnings.warn(
/opt/conda/envs/diffsensei/lib/python3.11/site-packages/torch/nn/modules/module.py:2400: UserWarning: for layer1.2.bn2.weight: copying from a non-meta parameter in the checkpoint to a meta parameter in the current model, which is a no-op. (Did you mean to pass `assign=True` to assign items in the state dictionary to their corresponding key in the module instead of copying them in place?)
  warnings.warn(
/opt/conda/envs/diffsensei/lib/python3.11/site-packages/torch/nn/modules/module.py:2400: UserWarning: for layer1.2.bn2.bias: copying from a non-meta parameter in the checkpoint to a meta parameter in the current model, which is a no-op. (Did you mean to pass `assign=True` to assign items in the state dictionary to their corresponding key in the module instead of copying them in place?)
  warnings.warn(
/opt/conda/envs/diffsensei/lib/python3.11/site-packages/torch/nn/modules/module.py:2400: UserWarning: for layer1.2.conv3.weight: copying from a non-meta parameter in the checkpoint to a meta parameter in the current model, which is a no-op. (Did you mean to pass `assign=True` to assign items in the state dictionary to their corresponding key in the module instead of copying them in place?)
  warnings.warn(
/opt/conda/envs/diffsensei/lib/python3.11/site-packages/torch/nn/modules/module.py:2400: UserWarning: for layer1.2.bn3.weight: copying from a non-meta parameter in the checkpoint to a meta parameter in the current model, which is a no-op. (Did you mean to pass `assign=True` to assign items in the state dictionary to their corresponding key in the module instead of copying them in place?)
  warnings.warn(
/opt/conda/envs/diffsensei/lib/python3.11/site-packages/torch/nn/modules/module.py:2400: UserWarning: for layer1.2.bn3.bias: copying from a non-meta parameter in the checkpoint to a meta parameter in the current model, which is a no-op. (Did you mean to pass `assign=True` to assign items in the state dictionary to their corresponding key in the module instead of copying them in place?)
  warnings.warn(
/opt/conda/envs/diffsensei/lib/python3.11/site-packages/torch/nn/modules/module.py:2400: UserWarning: for layer2.0.conv1.weight: copying from a non-meta parameter in the checkpoint to a meta parameter in the current model, which is a no-op. (Did you mean to pass `assign=True` to assign items in the state dictionary to their corresponding key in the module instead of copying them in place?)
  warnings.warn(
/opt/conda/envs/diffsensei/lib/python3.11/site-packages/torch/nn/modules/module.py:2400: UserWarning: for layer2.0.bn1.weight: copying from a non-meta parameter in the checkpoint to a meta parameter in the current model, which is a no-op. (Did you mean to pass `assign=True` to assign items in the state dictionary to their corresponding key in the module instead of copying them in place?)
  warnings.warn(
/opt/conda/envs/diffsensei/lib/python3.11/site-packages/torch/nn/modules/module.py:2400: UserWarning: for layer2.0.bn1.bias: copying from a non-meta parameter in the checkpoint to a meta parameter in the current model, which is a no-op. (Did you mean to pass `assign=True` to assign items in the state dictionary to their corresponding key in the module instead of copying them in place?)
  warnings.warn(
/opt/conda/envs/diffsensei/lib/python3.11/site-packages/torch/nn/modules/module.py:2400: UserWarning: for layer2.0.conv2.weight: copying from a non-meta parameter in the checkpoint to a meta parameter in the current model, which is a no-op. (Did you mean to pass `assign=True` to assign items in the state dictionary to their corresponding key in the module instead of copying them in place?)
  warnings.warn(
/opt/conda/envs/diffsensei/lib/python3.11/site-packages/torch/nn/modules/module.py:2400: UserWarning: for layer2.0.bn2.weight: copying from a non-meta parameter in the checkpoint to a meta parameter in the current model, which is a no-op. (Did you mean to pass `assign=True` to assign items in the state dictionary to their corresponding key in the module instead of copying them in place?)
  warnings.warn(
/opt/conda/envs/diffsensei/lib/python3.11/site-packages/torch/nn/modules/module.py:2400: UserWarning: for layer2.0.bn2.bias: copying from a non-meta parameter in the checkpoint to a meta parameter in the current model, which is a no-op. (Did you mean to pass `assign=True` to assign items in the state dictionary to their corresponding key in the module instead of copying them in place?)
  warnings.warn(
/opt/conda/envs/diffsensei/lib/python3.11/site-packages/torch/nn/modules/module.py:2400: UserWarning: for layer2.0.conv3.weight: copying from a non-meta parameter in the checkpoint to a meta parameter in the current model, which is a no-op. (Did you mean to pass `assign=True` to assign items in the state dictionary to their corresponding key in the module instead of copying them in place?)
  warnings.warn(
/opt/conda/envs/diffsensei/lib/python3.11/site-packages/torch/nn/modules/module.py:2400: UserWarning: for layer2.0.bn3.weight: copying from a non-meta parameter in the checkpoint to a meta parameter in the current model, which is a no-op. (Did you mean to pass `assign=True` to assign items in the state dictionary to their corresponding key in the module instead of copying them in place?)
  warnings.warn(
/opt/conda/envs/diffsensei/lib/python3.11/site-packages/torch/nn/modules/module.py:2400: UserWarning: for layer2.0.bn3.bias: copying from a non-meta parameter in the checkpoint to a meta parameter in the current model, which is a no-op. (Did you mean to pass `assign=True` to assign items in the state dictionary to their corresponding key in the module instead of copying them in place?)
  warnings.warn(
/opt/conda/envs/diffsensei/lib/python3.11/site-packages/torch/nn/modules/module.py:2400: UserWarning: for layer2.0.downsample.0.weight: copying from a non-meta parameter in the checkpoint to a meta parameter in the current model, which is a no-op. (Did you mean to pass `assign=True` to assign items in the state dictionary to their corresponding key in the module instead of copying them in place?)
  warnings.warn(
/opt/conda/envs/diffsensei/lib/python3.11/site-packages/torch/nn/modules/module.py:2400: UserWarning: for layer2.0.downsample.1.weight: copying from a non-meta parameter in the checkpoint to a meta parameter in the current model, which is a no-op. (Did you mean to pass `assign=True` to assign items in the state dictionary to their corresponding key in the module instead of copying them in place?)
  warnings.warn(
/opt/conda/envs/diffsensei/lib/python3.11/site-packages/torch/nn/modules/module.py:2400: UserWarning: for layer2.0.downsample.1.bias: copying from a non-meta parameter in the checkpoint to a meta parameter in the current model, which is a no-op. (Did you mean to pass `assign=True` to assign items in the state dictionary to their corresponding key in the module instead of copying them in place?)
  warnings.warn(
/opt/conda/envs/diffsensei/lib/python3.11/site-packages/torch/nn/modules/module.py:2400: UserWarning: for layer2.1.conv1.weight: copying from a non-meta parameter in the checkpoint to a meta parameter in the current model, which is a no-op. (Did you mean to pass `assign=True` to assign items in the state dictionary to their corresponding key in the module instead of copying them in place?)
  warnings.warn(
/opt/conda/envs/diffsensei/lib/python3.11/site-packages/torch/nn/modules/module.py:2400: UserWarning: for layer2.1.bn1.weight: copying from a non-meta parameter in the checkpoint to a meta parameter in the current model, which is a no-op. (Did you mean to pass `assign=True` to assign items in the state dictionary to their corresponding key in the module instead of copying them in place?)
  warnings.warn(
/opt/conda/envs/diffsensei/lib/python3.11/site-packages/torch/nn/modules/module.py:2400: UserWarning: for layer2.1.bn1.bias: copying from a non-meta parameter in the checkpoint to a meta parameter in the current model, which is a no-op. (Did you mean to pass `assign=True` to assign items in the state dictionary to their corresponding key in the module instead of copying them in place?)
  warnings.warn(
/opt/conda/envs/diffsensei/lib/python3.11/site-packages/torch/nn/modules/module.py:2400: UserWarning: for layer2.1.conv2.weight: copying from a non-meta parameter in the checkpoint to a meta parameter in the current model, which is a no-op. (Did you mean to pass `assign=True` to assign items in the state dictionary to their corresponding key in the module instead of copying them in place?)
  warnings.warn(
/opt/conda/envs/diffsensei/lib/python3.11/site-packages/torch/nn/modules/module.py:2400: UserWarning: for layer2.1.bn2.weight: copying from a non-meta parameter in the checkpoint to a meta parameter in the current model, which is a no-op. (Did you mean to pass `assign=True` to assign items in the state dictionary to their corresponding key in the module instead of copying them in place?)
  warnings.warn(
/opt/conda/envs/diffsensei/lib/python3.11/site-packages/torch/nn/modules/module.py:2400: UserWarning: for layer2.1.bn2.bias: copying from a non-meta parameter in the checkpoint to a meta parameter in the current model, which is a no-op. (Did you mean to pass `assign=True` to assign items in the state dictionary to their corresponding key in the module instead of copying them in place?)
  warnings.warn(
/opt/conda/envs/diffsensei/lib/python3.11/site-packages/torch/nn/modules/module.py:2400: UserWarning: for layer2.1.conv3.weight: copying from a non-meta parameter in the checkpoint to a meta parameter in the current model, which is a no-op. (Did you mean to pass `assign=True` to assign items in the state dictionary to their corresponding key in the module instead of copying them in place?)
  warnings.warn(
/opt/conda/envs/diffsensei/lib/python3.11/site-packages/torch/nn/modules/module.py:2400: UserWarning: for layer2.1.bn3.weight: copying from a non-meta parameter in the checkpoint to a meta parameter in the current model, which is a no-op. (Did you mean to pass `assign=True` to assign items in the state dictionary to their corresponding key in the module instead of copying them in place?)
  warnings.warn(
/opt/conda/envs/diffsensei/lib/python3.11/site-packages/torch/nn/modules/module.py:2400: UserWarning: for layer2.1.bn3.bias: copying from a non-meta parameter in the checkpoint to a meta parameter in the current model, which is a no-op. (Did you mean to pass `assign=True` to assign items in the state dictionary to their corresponding key in the module instead of copying them in place?)
  warnings.warn(
/opt/conda/envs/diffsensei/lib/python3.11/site-packages/torch/nn/modules/module.py:2400: UserWarning: for layer2.2.conv1.weight: copying from a non-meta parameter in the checkpoint to a meta parameter in the current model, which is a no-op. (Did you mean to pass `assign=True` to assign items in the state dictionary to their corresponding key in the module instead of copying them in place?)
  warnings.warn(
/opt/conda/envs/diffsensei/lib/python3.11/site-packages/torch/nn/modules/module.py:2400: UserWarning: for layer2.2.bn1.weight: copying from a non-meta parameter in the checkpoint to a meta parameter in the current model, which is a no-op. (Did you mean to pass `assign=True` to assign items in the state dictionary to their corresponding key in the module instead of copying them in place?)
  warnings.warn(
/opt/conda/envs/diffsensei/lib/python3.11/site-packages/torch/nn/modules/module.py:2400: UserWarning: for layer2.2.bn1.bias: copying from a non-meta parameter in the checkpoint to a meta parameter in the current model, which is a no-op. (Did you mean to pass `assign=True` to assign items in the state dictionary to their corresponding key in the module instead of copying them in place?)
  warnings.warn(
/opt/conda/envs/diffsensei/lib/python3.11/site-packages/torch/nn/modules/module.py:2400: UserWarning: for layer2.2.conv2.weight: copying from a non-meta parameter in the checkpoint to a meta parameter in the current model, which is a no-op. (Did you mean to pass `assign=True` to assign items in the state dictionary to their corresponding key in the module instead of copying them in place?)
  warnings.warn(
/opt/conda/envs/diffsensei/lib/python3.11/site-packages/torch/nn/modules/module.py:2400: UserWarning: for layer2.2.bn2.weight: copying from a non-meta parameter in the checkpoint to a meta parameter in the current model, which is a no-op. (Did you mean to pass `assign=True` to assign items in the state dictionary to their corresponding key in the module instead of copying them in place?)
  warnings.warn(
/opt/conda/envs/diffsensei/lib/python3.11/site-packages/torch/nn/modules/module.py:2400: UserWarning: for layer2.2.bn2.bias: copying from a non-meta parameter in the checkpoint to a meta parameter in the current model, which is a no-op. (Did you mean to pass `assign=True` to assign items in the state dictionary to their corresponding key in the module instead of copying them in place?)
  warnings.warn(
/opt/conda/envs/diffsensei/lib/python3.11/site-packages/torch/nn/modules/module.py:2400: UserWarning: for layer2.2.conv3.weight: copying from a non-meta parameter in the checkpoint to a meta parameter in the current model, which is a no-op. (Did you mean to pass `assign=True` to assign items in the state dictionary to their corresponding key in the module instead of copying them in place?)
  warnings.warn(
/opt/conda/envs/diffsensei/lib/python3.11/site-packages/torch/nn/modules/module.py:2400: UserWarning: for layer2.2.bn3.weight: copying from a non-meta parameter in the checkpoint to a meta parameter in the current model, which is a no-op. (Did you mean to pass `assign=True` to assign items in the state dictionary to their corresponding key in the module instead of copying them in place?)
  warnings.warn(
/opt/conda/envs/diffsensei/lib/python3.11/site-packages/torch/nn/modules/module.py:2400: UserWarning: for layer2.2.bn3.bias: copying from a non-meta parameter in the checkpoint to a meta parameter in the current model, which is a no-op. (Did you mean to pass `assign=True` to assign items in the state dictionary to their corresponding key in the module instead of copying them in place?)
  warnings.warn(
/opt/conda/envs/diffsensei/lib/python3.11/site-packages/torch/nn/modules/module.py:2400: UserWarning: for layer2.3.conv1.weight: copying from a non-meta parameter in the checkpoint to a meta parameter in the current model, which is a no-op. (Did you mean to pass `assign=True` to assign items in the state dictionary to their corresponding key in the module instead of copying them in place?)
  warnings.warn(
/opt/conda/envs/diffsensei/lib/python3.11/site-packages/torch/nn/modules/module.py:2400: UserWarning: for layer2.3.bn1.weight: copying from a non-meta parameter in the checkpoint to a meta parameter in the current model, which is a no-op. (Did you mean to pass `assign=True` to assign items in the state dictionary to their corresponding key in the module instead of copying them in place?)
  warnings.warn(
/opt/conda/envs/diffsensei/lib/python3.11/site-packages/torch/nn/modules/module.py:2400: UserWarning: for layer2.3.bn1.bias: copying from a non-meta parameter in the checkpoint to a meta parameter in the current model, which is a no-op. (Did you mean to pass `assign=True` to assign items in the state dictionary to their corresponding key in the module instead of copying them in place?)
  warnings.warn(
/opt/conda/envs/diffsensei/lib/python3.11/site-packages/torch/nn/modules/module.py:2400: UserWarning: for layer2.3.conv2.weight: copying from a non-meta parameter in the checkpoint to a meta parameter in the current model, which is a no-op. (Did you mean to pass `assign=True` to assign items in the state dictionary to their corresponding key in the module instead of copying them in place?)
  warnings.warn(
/opt/conda/envs/diffsensei/lib/python3.11/site-packages/torch/nn/modules/module.py:2400: UserWarning: for layer2.3.bn2.weight: copying from a non-meta parameter in the checkpoint to a meta parameter in the current model, which is a no-op. (Did you mean to pass `assign=True` to assign items in the state dictionary to their corresponding key in the module instead of copying them in place?)
  warnings.warn(
/opt/conda/envs/diffsensei/lib/python3.11/site-packages/torch/nn/modules/module.py:2400: UserWarning: for layer2.3.bn2.bias: copying from a non-meta parameter in the checkpoint to a meta parameter in the current model, which is a no-op. (Did you mean to pass `assign=True` to assign items in the state dictionary to their corresponding key in the module instead of copying them in place?)
  warnings.warn(
/opt/conda/envs/diffsensei/lib/python3.11/site-packages/torch/nn/modules/module.py:2400: UserWarning: for layer2.3.conv3.weight: copying from a non-meta parameter in the checkpoint to a meta parameter in the current model, which is a no-op. (Did you mean to pass `assign=True` to assign items in the state dictionary to their corresponding key in the module instead of copying them in place?)
  warnings.warn(
/opt/conda/envs/diffsensei/lib/python3.11/site-packages/torch/nn/modules/module.py:2400: UserWarning: for layer2.3.bn3.weight: copying from a non-meta parameter in the checkpoint to a meta parameter in the current model, which is a no-op. (Did you mean to pass `assign=True` to assign items in the state dictionary to their corresponding key in the module instead of copying them in place?)
  warnings.warn(
/opt/conda/envs/diffsensei/lib/python3.11/site-packages/torch/nn/modules/module.py:2400: UserWarning: for layer2.3.bn3.bias: copying from a non-meta parameter in the checkpoint to a meta parameter in the current model, which is a no-op. (Did you mean to pass `assign=True` to assign items in the state dictionary to their corresponding key in the module instead of copying them in place?)
  warnings.warn(
/opt/conda/envs/diffsensei/lib/python3.11/site-packages/torch/nn/modules/module.py:2400: UserWarning: for layer3.0.conv1.weight: copying from a non-meta parameter in the checkpoint to a meta parameter in the current model, which is a no-op. (Did you mean to pass `assign=True` to assign items in the state dictionary to their corresponding key in the module instead of copying them in place?)
  warnings.warn(
/opt/conda/envs/diffsensei/lib/python3.11/site-packages/torch/nn/modules/module.py:2400: UserWarning: for layer3.0.bn1.weight: copying from a non-meta parameter in the checkpoint to a meta parameter in the current model, which is a no-op. (Did you mean to pass `assign=True` to assign items in the state dictionary to their corresponding key in the module instead of copying them in place?)
  warnings.warn(
/opt/conda/envs/diffsensei/lib/python3.11/site-packages/torch/nn/modules/module.py:2400: UserWarning: for layer3.0.bn1.bias: copying from a non-meta parameter in the checkpoint to a meta parameter in the current model, which is a no-op. (Did you mean to pass `assign=True` to assign items in the state dictionary to their corresponding key in the module instead of copying them in place?)
  warnings.warn(
/opt/conda/envs/diffsensei/lib/python3.11/site-packages/torch/nn/modules/module.py:2400: UserWarning: for layer3.0.conv2.weight: copying from a non-meta parameter in the checkpoint to a meta parameter in the current model, which is a no-op. (Did you mean to pass `assign=True` to assign items in the state dictionary to their corresponding key in the module instead of copying them in place?)
  warnings.warn(
/opt/conda/envs/diffsensei/lib/python3.11/site-packages/torch/nn/modules/module.py:2400: UserWarning: for layer3.0.bn2.weight: copying from a non-meta parameter in the checkpoint to a meta parameter in the current model, which is a no-op. (Did you mean to pass `assign=True` to assign items in the state dictionary to their corresponding key in the module instead of copying them in place?)
  warnings.warn(
/opt/conda/envs/diffsensei/lib/python3.11/site-packages/torch/nn/modules/module.py:2400: UserWarning: for layer3.0.bn2.bias: copying from a non-meta parameter in the checkpoint to a meta parameter in the current model, which is a no-op. (Did you mean to pass `assign=True` to assign items in the state dictionary to their corresponding key in the module instead of copying them in place?)
  warnings.warn(
/opt/conda/envs/diffsensei/lib/python3.11/site-packages/torch/nn/modules/module.py:2400: UserWarning: for layer3.0.conv3.weight: copying from a non-meta parameter in the checkpoint to a meta parameter in the current model, which is a no-op. (Did you mean to pass `assign=True` to assign items in the state dictionary to their corresponding key in the module instead of copying them in place?)
  warnings.warn(
/opt/conda/envs/diffsensei/lib/python3.11/site-packages/torch/nn/modules/module.py:2400: UserWarning: for layer3.0.bn3.weight: copying from a non-meta parameter in the checkpoint to a meta parameter in the current model, which is a no-op. (Did you mean to pass `assign=True` to assign items in the state dictionary to their corresponding key in the module instead of copying them in place?)
  warnings.warn(
/opt/conda/envs/diffsensei/lib/python3.11/site-packages/torch/nn/modules/module.py:2400: UserWarning: for layer3.0.bn3.bias: copying from a non-meta parameter in the checkpoint to a meta parameter in the current model, which is a no-op. (Did you mean to pass `assign=True` to assign items in the state dictionary to their corresponding key in the module instead of copying them in place?)
  warnings.warn(
/opt/conda/envs/diffsensei/lib/python3.11/site-packages/torch/nn/modules/module.py:2400: UserWarning: for layer3.0.downsample.0.weight: copying from a non-meta parameter in the checkpoint to a meta parameter in the current model, which is a no-op. (Did you mean to pass `assign=True` to assign items in the state dictionary to their corresponding key in the module instead of copying them in place?)
  warnings.warn(
/opt/conda/envs/diffsensei/lib/python3.11/site-packages/torch/nn/modules/module.py:2400: UserWarning: for layer3.0.downsample.1.weight: copying from a non-meta parameter in the checkpoint to a meta parameter in the current model, which is a no-op. (Did you mean to pass `assign=True` to assign items in the state dictionary to their corresponding key in the module instead of copying them in place?)
  warnings.warn(
/opt/conda/envs/diffsensei/lib/python3.11/site-packages/torch/nn/modules/module.py:2400: UserWarning: for layer3.0.downsample.1.bias: copying from a non-meta parameter in the checkpoint to a meta parameter in the current model, which is a no-op. (Did you mean to pass `assign=True` to assign items in the state dictionary to their corresponding key in the module instead of copying them in place?)
  warnings.warn(
/opt/conda/envs/diffsensei/lib/python3.11/site-packages/torch/nn/modules/module.py:2400: UserWarning: for layer3.1.conv1.weight: copying from a non-meta parameter in the checkpoint to a meta parameter in the current model, which is a no-op. (Did you mean to pass `assign=True` to assign items in the state dictionary to their corresponding key in the module instead of copying them in place?)
  warnings.warn(
/opt/conda/envs/diffsensei/lib/python3.11/site-packages/torch/nn/modules/module.py:2400: UserWarning: for layer3.1.bn1.weight: copying from a non-meta parameter in the checkpoint to a meta parameter in the current model, which is a no-op. (Did you mean to pass `assign=True` to assign items in the state dictionary to their corresponding key in the module instead of copying them in place?)
  warnings.warn(
/opt/conda/envs/diffsensei/lib/python3.11/site-packages/torch/nn/modules/module.py:2400: UserWarning: for layer3.1.bn1.bias: copying from a non-meta parameter in the checkpoint to a meta parameter in the current model, which is a no-op. (Did you mean to pass `assign=True` to assign items in the state dictionary to their corresponding key in the module instead of copying them in place?)
  warnings.warn(
/opt/conda/envs/diffsensei/lib/python3.11/site-packages/torch/nn/modules/module.py:2400: UserWarning: for layer3.1.conv2.weight: copying from a non-meta parameter in the checkpoint to a meta parameter in the current model, which is a no-op. (Did you mean to pass `assign=True` to assign items in the state dictionary to their corresponding key in the module instead of copying them in place?)
  warnings.warn(
/opt/conda/envs/diffsensei/lib/python3.11/site-packages/torch/nn/modules/module.py:2400: UserWarning: for layer3.1.bn2.weight: copying from a non-meta parameter in the checkpoint to a meta parameter in the current model, which is a no-op. (Did you mean to pass `assign=True` to assign items in the state dictionary to their corresponding key in the module instead of copying them in place?)
  warnings.warn(
/opt/conda/envs/diffsensei/lib/python3.11/site-packages/torch/nn/modules/module.py:2400: UserWarning: for layer3.1.bn2.bias: copying from a non-meta parameter in the checkpoint to a meta parameter in the current model, which is a no-op. (Did you mean to pass `assign=True` to assign items in the state dictionary to their corresponding key in the module instead of copying them in place?)
  warnings.warn(
/opt/conda/envs/diffsensei/lib/python3.11/site-packages/torch/nn/modules/module.py:2400: UserWarning: for layer3.1.conv3.weight: copying from a non-meta parameter in the checkpoint to a meta parameter in the current model, which is a no-op. (Did you mean to pass `assign=True` to assign items in the state dictionary to their corresponding key in the module instead of copying them in place?)
  warnings.warn(
/opt/conda/envs/diffsensei/lib/python3.11/site-packages/torch/nn/modules/module.py:2400: UserWarning: for layer3.1.bn3.weight: copying from a non-meta parameter in the checkpoint to a meta parameter in the current model, which is a no-op. (Did you mean to pass `assign=True` to assign items in the state dictionary to their corresponding key in the module instead of copying them in place?)
  warnings.warn(
/opt/conda/envs/diffsensei/lib/python3.11/site-packages/torch/nn/modules/module.py:2400: UserWarning: for layer3.1.bn3.bias: copying from a non-meta parameter in the checkpoint to a meta parameter in the current model, which is a no-op. (Did you mean to pass `assign=True` to assign items in the state dictionary to their corresponding key in the module instead of copying them in place?)
  warnings.warn(
/opt/conda/envs/diffsensei/lib/python3.11/site-packages/torch/nn/modules/module.py:2400: UserWarning: for layer3.2.conv1.weight: copying from a non-meta parameter in the checkpoint to a meta parameter in the current model, which is a no-op. (Did you mean to pass `assign=True` to assign items in the state dictionary to their corresponding key in the module instead of copying them in place?)
  warnings.warn(
/opt/conda/envs/diffsensei/lib/python3.11/site-packages/torch/nn/modules/module.py:2400: UserWarning: for layer3.2.bn1.weight: copying from a non-meta parameter in the checkpoint to a meta parameter in the current model, which is a no-op. (Did you mean to pass `assign=True` to assign items in the state dictionary to their corresponding key in the module instead of copying them in place?)
  warnings.warn(
/opt/conda/envs/diffsensei/lib/python3.11/site-packages/torch/nn/modules/module.py:2400: UserWarning: for layer3.2.bn1.bias: copying from a non-meta parameter in the checkpoint to a meta parameter in the current model, which is a no-op. (Did you mean to pass `assign=True` to assign items in the state dictionary to their corresponding key in the module instead of copying them in place?)
  warnings.warn(
/opt/conda/envs/diffsensei/lib/python3.11/site-packages/torch/nn/modules/module.py:2400: UserWarning: for layer3.2.conv2.weight: copying from a non-meta parameter in the checkpoint to a meta parameter in the current model, which is a no-op. (Did you mean to pass `assign=True` to assign items in the state dictionary to their corresponding key in the module instead of copying them in place?)
  warnings.warn(
/opt/conda/envs/diffsensei/lib/python3.11/site-packages/torch/nn/modules/module.py:2400: UserWarning: for layer3.2.bn2.weight: copying from a non-meta parameter in the checkpoint to a meta parameter in the current model, which is a no-op. (Did you mean to pass `assign=True` to assign items in the state dictionary to their corresponding key in the module instead of copying them in place?)
  warnings.warn(
/opt/conda/envs/diffsensei/lib/python3.11/site-packages/torch/nn/modules/module.py:2400: UserWarning: for layer3.2.bn2.bias: copying from a non-meta parameter in the checkpoint to a meta parameter in the current model, which is a no-op. (Did you mean to pass `assign=True` to assign items in the state dictionary to their corresponding key in the module instead of copying them in place?)
  warnings.warn(
/opt/conda/envs/diffsensei/lib/python3.11/site-packages/torch/nn/modules/module.py:2400: UserWarning: for layer3.2.conv3.weight: copying from a non-meta parameter in the checkpoint to a meta parameter in the current model, which is a no-op. (Did you mean to pass `assign=True` to assign items in the state dictionary to their corresponding key in the module instead of copying them in place?)
  warnings.warn(
/opt/conda/envs/diffsensei/lib/python3.11/site-packages/torch/nn/modules/module.py:2400: UserWarning: for layer3.2.bn3.weight: copying from a non-meta parameter in the checkpoint to a meta parameter in the current model, which is a no-op. (Did you mean to pass `assign=True` to assign items in the state dictionary to their corresponding key in the module instead of copying them in place?)
  warnings.warn(
/opt/conda/envs/diffsensei/lib/python3.11/site-packages/torch/nn/modules/module.py:2400: UserWarning: for layer3.2.bn3.bias: copying from a non-meta parameter in the checkpoint to a meta parameter in the current model, which is a no-op. (Did you mean to pass `assign=True` to assign items in the state dictionary to their corresponding key in the module instead of copying them in place?)
  warnings.warn(
/opt/conda/envs/diffsensei/lib/python3.11/site-packages/torch/nn/modules/module.py:2400: UserWarning: for layer3.3.conv1.weight: copying from a non-meta parameter in the checkpoint to a meta parameter in the current model, which is a no-op. (Did you mean to pass `assign=True` to assign items in the state dictionary to their corresponding key in the module instead of copying them in place?)
  warnings.warn(
/opt/conda/envs/diffsensei/lib/python3.11/site-packages/torch/nn/modules/module.py:2400: UserWarning: for layer3.3.bn1.weight: copying from a non-meta parameter in the checkpoint to a meta parameter in the current model, which is a no-op. (Did you mean to pass `assign=True` to assign items in the state dictionary to their corresponding key in the module instead of copying them in place?)
  warnings.warn(
/opt/conda/envs/diffsensei/lib/python3.11/site-packages/torch/nn/modules/module.py:2400: UserWarning: for layer3.3.bn1.bias: copying from a non-meta parameter in the checkpoint to a meta parameter in the current model, which is a no-op. (Did you mean to pass `assign=True` to assign items in the state dictionary to their corresponding key in the module instead of copying them in place?)
  warnings.warn(
/opt/conda/envs/diffsensei/lib/python3.11/site-packages/torch/nn/modules/module.py:2400: UserWarning: for layer3.3.conv2.weight: copying from a non-meta parameter in the checkpoint to a meta parameter in the current model, which is a no-op. (Did you mean to pass `assign=True` to assign items in the state dictionary to their corresponding key in the module instead of copying them in place?)
  warnings.warn(
/opt/conda/envs/diffsensei/lib/python3.11/site-packages/torch/nn/modules/module.py:2400: UserWarning: for layer3.3.bn2.weight: copying from a non-meta parameter in the checkpoint to a meta parameter in the current model, which is a no-op. (Did you mean to pass `assign=True` to assign items in the state dictionary to their corresponding key in the module instead of copying them in place?)
  warnings.warn(
/opt/conda/envs/diffsensei/lib/python3.11/site-packages/torch/nn/modules/module.py:2400: UserWarning: for layer3.3.bn2.bias: copying from a non-meta parameter in the checkpoint to a meta parameter in the current model, which is a no-op. (Did you mean to pass `assign=True` to assign items in the state dictionary to their corresponding key in the module instead of copying them in place?)
  warnings.warn(
/opt/conda/envs/diffsensei/lib/python3.11/site-packages/torch/nn/modules/module.py:2400: UserWarning: for layer3.3.conv3.weight: copying from a non-meta parameter in the checkpoint to a meta parameter in the current model, which is a no-op. (Did you mean to pass `assign=True` to assign items in the state dictionary to their corresponding key in the module instead of copying them in place?)
  warnings.warn(
/opt/conda/envs/diffsensei/lib/python3.11/site-packages/torch/nn/modules/module.py:2400: UserWarning: for layer3.3.bn3.weight: copying from a non-meta parameter in the checkpoint to a meta parameter in the current model, which is a no-op. (Did you mean to pass `assign=True` to assign items in the state dictionary to their corresponding key in the module instead of copying them in place?)
  warnings.warn(
/opt/conda/envs/diffsensei/lib/python3.11/site-packages/torch/nn/modules/module.py:2400: UserWarning: for layer3.3.bn3.bias: copying from a non-meta parameter in the checkpoint to a meta parameter in the current model, which is a no-op. (Did you mean to pass `assign=True` to assign items in the state dictionary to their corresponding key in the module instead of copying them in place?)
  warnings.warn(
/opt/conda/envs/diffsensei/lib/python3.11/site-packages/torch/nn/modules/module.py:2400: UserWarning: for layer3.4.conv1.weight: copying from a non-meta parameter in the checkpoint to a meta parameter in the current model, which is a no-op. (Did you mean to pass `assign=True` to assign items in the state dictionary to their corresponding key in the module instead of copying them in place?)
  warnings.warn(
/opt/conda/envs/diffsensei/lib/python3.11/site-packages/torch/nn/modules/module.py:2400: UserWarning: for layer3.4.bn1.weight: copying from a non-meta parameter in the checkpoint to a meta parameter in the current model, which is a no-op. (Did you mean to pass `assign=True` to assign items in the state dictionary to their corresponding key in the module instead of copying them in place?)
  warnings.warn(
/opt/conda/envs/diffsensei/lib/python3.11/site-packages/torch/nn/modules/module.py:2400: UserWarning: for layer3.4.bn1.bias: copying from a non-meta parameter in the checkpoint to a meta parameter in the current model, which is a no-op. (Did you mean to pass `assign=True` to assign items in the state dictionary to their corresponding key in the module instead of copying them in place?)
  warnings.warn(
/opt/conda/envs/diffsensei/lib/python3.11/site-packages/torch/nn/modules/module.py:2400: UserWarning: for layer3.4.conv2.weight: copying from a non-meta parameter in the checkpoint to a meta parameter in the current model, which is a no-op. (Did you mean to pass `assign=True` to assign items in the state dictionary to their corresponding key in the module instead of copying them in place?)
  warnings.warn(
/opt/conda/envs/diffsensei/lib/python3.11/site-packages/torch/nn/modules/module.py:2400: UserWarning: for layer3.4.bn2.weight: copying from a non-meta parameter in the checkpoint to a meta parameter in the current model, which is a no-op. (Did you mean to pass `assign=True` to assign items in the state dictionary to their corresponding key in the module instead of copying them in place?)
  warnings.warn(
/opt/conda/envs/diffsensei/lib/python3.11/site-packages/torch/nn/modules/module.py:2400: UserWarning: for layer3.4.bn2.bias: copying from a non-meta parameter in the checkpoint to a meta parameter in the current model, which is a no-op. (Did you mean to pass `assign=True` to assign items in the state dictionary to their corresponding key in the module instead of copying them in place?)
  warnings.warn(
/opt/conda/envs/diffsensei/lib/python3.11/site-packages/torch/nn/modules/module.py:2400: UserWarning: for layer3.4.conv3.weight: copying from a non-meta parameter in the checkpoint to a meta parameter in the current model, which is a no-op. (Did you mean to pass `assign=True` to assign items in the state dictionary to their corresponding key in the module instead of copying them in place?)
  warnings.warn(
/opt/conda/envs/diffsensei/lib/python3.11/site-packages/torch/nn/modules/module.py:2400: UserWarning: for layer3.4.bn3.weight: copying from a non-meta parameter in the checkpoint to a meta parameter in the current model, which is a no-op. (Did you mean to pass `assign=True` to assign items in the state dictionary to their corresponding key in the module instead of copying them in place?)
  warnings.warn(
/opt/conda/envs/diffsensei/lib/python3.11/site-packages/torch/nn/modules/module.py:2400: UserWarning: for layer3.4.bn3.bias: copying from a non-meta parameter in the checkpoint to a meta parameter in the current model, which is a no-op. (Did you mean to pass `assign=True` to assign items in the state dictionary to their corresponding key in the module instead of copying them in place?)
  warnings.warn(
/opt/conda/envs/diffsensei/lib/python3.11/site-packages/torch/nn/modules/module.py:2400: UserWarning: for layer3.5.conv1.weight: copying from a non-meta parameter in the checkpoint to a meta parameter in the current model, which is a no-op. (Did you mean to pass `assign=True` to assign items in the state dictionary to their corresponding key in the module instead of copying them in place?)
  warnings.warn(
/opt/conda/envs/diffsensei/lib/python3.11/site-packages/torch/nn/modules/module.py:2400: UserWarning: for layer3.5.bn1.weight: copying from a non-meta parameter in the checkpoint to a meta parameter in the current model, which is a no-op. (Did you mean to pass `assign=True` to assign items in the state dictionary to their corresponding key in the module instead of copying them in place?)
  warnings.warn(
/opt/conda/envs/diffsensei/lib/python3.11/site-packages/torch/nn/modules/module.py:2400: UserWarning: for layer3.5.bn1.bias: copying from a non-meta parameter in the checkpoint to a meta parameter in the current model, which is a no-op. (Did you mean to pass `assign=True` to assign items in the state dictionary to their corresponding key in the module instead of copying them in place?)
  warnings.warn(
/opt/conda/envs/diffsensei/lib/python3.11/site-packages/torch/nn/modules/module.py:2400: UserWarning: for layer3.5.conv2.weight: copying from a non-meta parameter in the checkpoint to a meta parameter in the current model, which is a no-op. (Did you mean to pass `assign=True` to assign items in the state dictionary to their corresponding key in the module instead of copying them in place?)
  warnings.warn(
/opt/conda/envs/diffsensei/lib/python3.11/site-packages/torch/nn/modules/module.py:2400: UserWarning: for layer3.5.bn2.weight: copying from a non-meta parameter in the checkpoint to a meta parameter in the current model, which is a no-op. (Did you mean to pass `assign=True` to assign items in the state dictionary to their corresponding key in the module instead of copying them in place?)
  warnings.warn(
/opt/conda/envs/diffsensei/lib/python3.11/site-packages/torch/nn/modules/module.py:2400: UserWarning: for layer3.5.bn2.bias: copying from a non-meta parameter in the checkpoint to a meta parameter in the current model, which is a no-op. (Did you mean to pass `assign=True` to assign items in the state dictionary to their corresponding key in the module instead of copying them in place?)
  warnings.warn(
/opt/conda/envs/diffsensei/lib/python3.11/site-packages/torch/nn/modules/module.py:2400: UserWarning: for layer3.5.conv3.weight: copying from a non-meta parameter in the checkpoint to a meta parameter in the current model, which is a no-op. (Did you mean to pass `assign=True` to assign items in the state dictionary to their corresponding key in the module instead of copying them in place?)
  warnings.warn(
/opt/conda/envs/diffsensei/lib/python3.11/site-packages/torch/nn/modules/module.py:2400: UserWarning: for layer3.5.bn3.weight: copying from a non-meta parameter in the checkpoint to a meta parameter in the current model, which is a no-op. (Did you mean to pass `assign=True` to assign items in the state dictionary to their corresponding key in the module instead of copying them in place?)
  warnings.warn(
/opt/conda/envs/diffsensei/lib/python3.11/site-packages/torch/nn/modules/module.py:2400: UserWarning: for layer3.5.bn3.bias: copying from a non-meta parameter in the checkpoint to a meta parameter in the current model, which is a no-op. (Did you mean to pass `assign=True` to assign items in the state dictionary to their corresponding key in the module instead of copying them in place?)
  warnings.warn(
/opt/conda/envs/diffsensei/lib/python3.11/site-packages/torch/nn/modules/module.py:2400: UserWarning: for layer4.0.conv1.weight: copying from a non-meta parameter in the checkpoint to a meta parameter in the current model, which is a no-op. (Did you mean to pass `assign=True` to assign items in the state dictionary to their corresponding key in the module instead of copying them in place?)
  warnings.warn(
/opt/conda/envs/diffsensei/lib/python3.11/site-packages/torch/nn/modules/module.py:2400: UserWarning: for layer4.0.bn1.weight: copying from a non-meta parameter in the checkpoint to a meta parameter in the current model, which is a no-op. (Did you mean to pass `assign=True` to assign items in the state dictionary to their corresponding key in the module instead of copying them in place?)
  warnings.warn(
/opt/conda/envs/diffsensei/lib/python3.11/site-packages/torch/nn/modules/module.py:2400: UserWarning: for layer4.0.bn1.bias: copying from a non-meta parameter in the checkpoint to a meta parameter in the current model, which is a no-op. (Did you mean to pass `assign=True` to assign items in the state dictionary to their corresponding key in the module instead of copying them in place?)
  warnings.warn(
/opt/conda/envs/diffsensei/lib/python3.11/site-packages/torch/nn/modules/module.py:2400: UserWarning: for layer4.0.conv2.weight: copying from a non-meta parameter in the checkpoint to a meta parameter in the current model, which is a no-op. (Did you mean to pass `assign=True` to assign items in the state dictionary to their corresponding key in the module instead of copying them in place?)
  warnings.warn(
/opt/conda/envs/diffsensei/lib/python3.11/site-packages/torch/nn/modules/module.py:2400: UserWarning: for layer4.0.bn2.weight: copying from a non-meta parameter in the checkpoint to a meta parameter in the current model, which is a no-op. (Did you mean to pass `assign=True` to assign items in the state dictionary to their corresponding key in the module instead of copying them in place?)
  warnings.warn(
/opt/conda/envs/diffsensei/lib/python3.11/site-packages/torch/nn/modules/module.py:2400: UserWarning: for layer4.0.bn2.bias: copying from a non-meta parameter in the checkpoint to a meta parameter in the current model, which is a no-op. (Did you mean to pass `assign=True` to assign items in the state dictionary to their corresponding key in the module instead of copying them in place?)
  warnings.warn(
/opt/conda/envs/diffsensei/lib/python3.11/site-packages/torch/nn/modules/module.py:2400: UserWarning: for layer4.0.conv3.weight: copying from a non-meta parameter in the checkpoint to a meta parameter in the current model, which is a no-op. (Did you mean to pass `assign=True` to assign items in the state dictionary to their corresponding key in the module instead of copying them in place?)
  warnings.warn(
/opt/conda/envs/diffsensei/lib/python3.11/site-packages/torch/nn/modules/module.py:2400: UserWarning: for layer4.0.bn3.weight: copying from a non-meta parameter in the checkpoint to a meta parameter in the current model, which is a no-op. (Did you mean to pass `assign=True` to assign items in the state dictionary to their corresponding key in the module instead of copying them in place?)
  warnings.warn(
/opt/conda/envs/diffsensei/lib/python3.11/site-packages/torch/nn/modules/module.py:2400: UserWarning: for layer4.0.bn3.bias: copying from a non-meta parameter in the checkpoint to a meta parameter in the current model, which is a no-op. (Did you mean to pass `assign=True` to assign items in the state dictionary to their corresponding key in the module instead of copying them in place?)
  warnings.warn(
/opt/conda/envs/diffsensei/lib/python3.11/site-packages/torch/nn/modules/module.py:2400: UserWarning: for layer4.0.downsample.0.weight: copying from a non-meta parameter in the checkpoint to a meta parameter in the current model, which is a no-op. (Did you mean to pass `assign=True` to assign items in the state dictionary to their corresponding key in the module instead of copying them in place?)
  warnings.warn(
/opt/conda/envs/diffsensei/lib/python3.11/site-packages/torch/nn/modules/module.py:2400: UserWarning: for layer4.0.downsample.1.weight: copying from a non-meta parameter in the checkpoint to a meta parameter in the current model, which is a no-op. (Did you mean to pass `assign=True` to assign items in the state dictionary to their corresponding key in the module instead of copying them in place?)
  warnings.warn(
/opt/conda/envs/diffsensei/lib/python3.11/site-packages/torch/nn/modules/module.py:2400: UserWarning: for layer4.0.downsample.1.bias: copying from a non-meta parameter in the checkpoint to a meta parameter in the current model, which is a no-op. (Did you mean to pass `assign=True` to assign items in the state dictionary to their corresponding key in the module instead of copying them in place?)
  warnings.warn(
/opt/conda/envs/diffsensei/lib/python3.11/site-packages/torch/nn/modules/module.py:2400: UserWarning: for layer4.1.conv1.weight: copying from a non-meta parameter in the checkpoint to a meta parameter in the current model, which is a no-op. (Did you mean to pass `assign=True` to assign items in the state dictionary to their corresponding key in the module instead of copying them in place?)
  warnings.warn(
/opt/conda/envs/diffsensei/lib/python3.11/site-packages/torch/nn/modules/module.py:2400: UserWarning: for layer4.1.bn1.weight: copying from a non-meta parameter in the checkpoint to a meta parameter in the current model, which is a no-op. (Did you mean to pass `assign=True` to assign items in the state dictionary to their corresponding key in the module instead of copying them in place?)
  warnings.warn(
/opt/conda/envs/diffsensei/lib/python3.11/site-packages/torch/nn/modules/module.py:2400: UserWarning: for layer4.1.bn1.bias: copying from a non-meta parameter in the checkpoint to a meta parameter in the current model, which is a no-op. (Did you mean to pass `assign=True` to assign items in the state dictionary to their corresponding key in the module instead of copying them in place?)
  warnings.warn(
/opt/conda/envs/diffsensei/lib/python3.11/site-packages/torch/nn/modules/module.py:2400: UserWarning: for layer4.1.conv2.weight: copying from a non-meta parameter in the checkpoint to a meta parameter in the current model, which is a no-op. (Did you mean to pass `assign=True` to assign items in the state dictionary to their corresponding key in the module instead of copying them in place?)
  warnings.warn(
/opt/conda/envs/diffsensei/lib/python3.11/site-packages/torch/nn/modules/module.py:2400: UserWarning: for layer4.1.bn2.weight: copying from a non-meta parameter in the checkpoint to a meta parameter in the current model, which is a no-op. (Did you mean to pass `assign=True` to assign items in the state dictionary to their corresponding key in the module instead of copying them in place?)
  warnings.warn(
/opt/conda/envs/diffsensei/lib/python3.11/site-packages/torch/nn/modules/module.py:2400: UserWarning: for layer4.1.bn2.bias: copying from a non-meta parameter in the checkpoint to a meta parameter in the current model, which is a no-op. (Did you mean to pass `assign=True` to assign items in the state dictionary to their corresponding key in the module instead of copying them in place?)
  warnings.warn(
/opt/conda/envs/diffsensei/lib/python3.11/site-packages/torch/nn/modules/module.py:2400: UserWarning: for layer4.1.conv3.weight: copying from a non-meta parameter in the checkpoint to a meta parameter in the current model, which is a no-op. (Did you mean to pass `assign=True` to assign items in the state dictionary to their corresponding key in the module instead of copying them in place?)
  warnings.warn(
/opt/conda/envs/diffsensei/lib/python3.11/site-packages/torch/nn/modules/module.py:2400: UserWarning: for layer4.1.bn3.weight: copying from a non-meta parameter in the checkpoint to a meta parameter in the current model, which is a no-op. (Did you mean to pass `assign=True` to assign items in the state dictionary to their corresponding key in the module instead of copying them in place?)
  warnings.warn(
/opt/conda/envs/diffsensei/lib/python3.11/site-packages/torch/nn/modules/module.py:2400: UserWarning: for layer4.1.bn3.bias: copying from a non-meta parameter in the checkpoint to a meta parameter in the current model, which is a no-op. (Did you mean to pass `assign=True` to assign items in the state dictionary to their corresponding key in the module instead of copying them in place?)
  warnings.warn(
/opt/conda/envs/diffsensei/lib/python3.11/site-packages/torch/nn/modules/module.py:2400: UserWarning: for layer4.2.conv1.weight: copying from a non-meta parameter in the checkpoint to a meta parameter in the current model, which is a no-op. (Did you mean to pass `assign=True` to assign items in the state dictionary to their corresponding key in the module instead of copying them in place?)
  warnings.warn(
/opt/conda/envs/diffsensei/lib/python3.11/site-packages/torch/nn/modules/module.py:2400: UserWarning: for layer4.2.bn1.weight: copying from a non-meta parameter in the checkpoint to a meta parameter in the current model, which is a no-op. (Did you mean to pass `assign=True` to assign items in the state dictionary to their corresponding key in the module instead of copying them in place?)
  warnings.warn(
/opt/conda/envs/diffsensei/lib/python3.11/site-packages/torch/nn/modules/module.py:2400: UserWarning: for layer4.2.bn1.bias: copying from a non-meta parameter in the checkpoint to a meta parameter in the current model, which is a no-op. (Did you mean to pass `assign=True` to assign items in the state dictionary to their corresponding key in the module instead of copying them in place?)
  warnings.warn(
/opt/conda/envs/diffsensei/lib/python3.11/site-packages/torch/nn/modules/module.py:2400: UserWarning: for layer4.2.conv2.weight: copying from a non-meta parameter in the checkpoint to a meta parameter in the current model, which is a no-op. (Did you mean to pass `assign=True` to assign items in the state dictionary to their corresponding key in the module instead of copying them in place?)
  warnings.warn(
/opt/conda/envs/diffsensei/lib/python3.11/site-packages/torch/nn/modules/module.py:2400: UserWarning: for layer4.2.bn2.weight: copying from a non-meta parameter in the checkpoint to a meta parameter in the current model, which is a no-op. (Did you mean to pass `assign=True` to assign items in the state dictionary to their corresponding key in the module instead of copying them in place?)
  warnings.warn(
/opt/conda/envs/diffsensei/lib/python3.11/site-packages/torch/nn/modules/module.py:2400: UserWarning: for layer4.2.bn2.bias: copying from a non-meta parameter in the checkpoint to a meta parameter in the current model, which is a no-op. (Did you mean to pass `assign=True` to assign items in the state dictionary to their corresponding key in the module instead of copying them in place?)
  warnings.warn(
/opt/conda/envs/diffsensei/lib/python3.11/site-packages/torch/nn/modules/module.py:2400: UserWarning: for layer4.2.conv3.weight: copying from a non-meta parameter in the checkpoint to a meta parameter in the current model, which is a no-op. (Did you mean to pass `assign=True` to assign items in the state dictionary to their corresponding key in the module instead of copying them in place?)
  warnings.warn(
/opt/conda/envs/diffsensei/lib/python3.11/site-packages/torch/nn/modules/module.py:2400: UserWarning: for layer4.2.bn3.weight: copying from a non-meta parameter in the checkpoint to a meta parameter in the current model, which is a no-op. (Did you mean to pass `assign=True` to assign items in the state dictionary to their corresponding key in the module instead of copying them in place?)
  warnings.warn(
/opt/conda/envs/diffsensei/lib/python3.11/site-packages/torch/nn/modules/module.py:2400: UserWarning: for layer4.2.bn3.bias: copying from a non-meta parameter in the checkpoint to a meta parameter in the current model, which is a no-op. (Did you mean to pass `assign=True` to assign items in the state dictionary to their corresponding key in the module instead of copying them in place?)
  warnings.warn(
/data/DiffSensei-main/layout-generator/src/utils.py:22: FutureWarning: You are using `torch.load` with `weights_only=False` (the current default value), which uses the default pickle module implicitly. It is possible to construct malicious pickle data which will execute arbitrary code during unpickling (See https://github.com/pytorch/pytorch/blob/main/SECURITY.md#untrusted-models for more details). In a future release, the default value for `weights_only` will be flipped to `True`. This limits the functions that could be executed during unpickling. Arbitrary objects will no longer be allowed to be loaded via this mode unless they are explicitly allowlisted by the user via `torch.serialization.add_safe_globals`. We recommend you start setting `weights_only=True` for any use case where you don't have full control of the loaded file. Please open an issue on GitHub for any issues related to this experimental feature.
  checkpoint = torch.load(ckpt_path, map_location='cpu')
/data/DiffSensei-main/layout-generator/src/utils.py:22: FutureWarning: You are using `torch.load` with `weights_only=False` (the current default value), which uses the default pickle module implicitly. It is possible to construct malicious pickle data which will execute arbitrary code during unpickling (See https://github.com/pytorch/pytorch/blob/main/SECURITY.md#untrusted-models for more details). In a future release, the default value for `weights_only` will be flipped to `True`. This limits the functions that could be executed during unpickling. Arbitrary objects will no longer be allowed to be loaded via this mode unless they are explicitly allowlisted by the user via `torch.serialization.add_safe_globals`. We recommend you start setting `weights_only=True` for any use case where you don't have full control of the loaded file. Please open an issue on GitHub for any issues related to this experimental feature.
  checkpoint = torch.load(ckpt_path, map_location='cpu')
/data/DiffSensei-main/layout-generator/src/utils.py:22: FutureWarning: You are using `torch.load` with `weights_only=False` (the current default value), which uses the default pickle module implicitly. It is possible to construct malicious pickle data which will execute arbitrary code during unpickling (See https://github.com/pytorch/pytorch/blob/main/SECURITY.md#untrusted-models for more details). In a future release, the default value for `weights_only` will be flipped to `True`. This limits the functions that could be executed during unpickling. Arbitrary objects will no longer be allowed to be loaded via this mode unless they are explicitly allowlisted by the user via `torch.serialization.add_safe_globals`. We recommend you start setting `weights_only=True` for any use case where you don't have full control of the loaded file. Please open an issue on GitHub for any issues related to this experimental feature.
  checkpoint = torch.load(ckpt_path, map_location='cpu')
[rank1]:[W830 23:15:33.750693023 reducer.cpp:1400] Warning: find_unused_parameters=True was specified in DDP constructor, but did not find any unused parameters in the forward pass. This flag results in an extra traversal of the autograd graph every iteration,  which can adversely affect performance. If your model indeed never has any unused parameters in the forward pass, consider turning this flag off. Note that this warning may be a false positive if your model has flow control causing later iterations to have unused parameters. (function operator())
[rank0]:[W830 23:15:33.395937141 reducer.cpp:1400] Warning: find_unused_parameters=True was specified in DDP constructor, but did not find any unused parameters in the forward pass. This flag results in an extra traversal of the autograd graph every iteration,  which can adversely affect performance. If your model indeed never has any unused parameters in the forward pass, consider turning this flag off. Note that this warning may be a false positive if your model has flow control causing later iterations to have unused parameters. (function operator())
[rank3]:[W830 23:15:34.675799478 reducer.cpp:1400] Warning: find_unused_parameters=True was specified in DDP constructor, but did not find any unused parameters in the forward pass. This flag results in an extra traversal of the autograd graph every iteration,  which can adversely affect performance. If your model indeed never has any unused parameters in the forward pass, consider turning this flag off. Note that this warning may be a false positive if your model has flow control causing later iterations to have unused parameters. (function operator())
[rank2]:[W830 23:15:35.867332301 reducer.cpp:1400] Warning: find_unused_parameters=True was specified in DDP constructor, but did not find any unused parameters in the forward pass. This flag results in an extra traversal of the autograd graph every iteration,  which can adversely affect performance. If your model indeed never has any unused parameters in the forward pass, consider turning this flag off. Note that this warning may be a false positive if your model has flow control causing later iterations to have unused parameters. (function operator())
[global_step 100] avg_loss=149.8425 geom=0.0200  pred=2.3620 style=0.0339
[global_step 200] avg_loss=8.0840 geom=0.0141  pred=2.6095 style=0.0374
[global_step 300] avg_loss=6.7099 geom=0.0133  pred=2.3814 style=0.0317
[global_step 400] avg_loss=5.6953 geom=0.0105  pred=2.3026 style=0.0177
[global_step 500] avg_loss=5.4318 geom=0.0104  pred=2.0717 style=0.0152
[global_step 600] avg_loss=4.9645 geom=0.0125  pred=2.1985 style=0.0153
[global_step 700] avg_loss=4.7892 geom=0.0135  pred=2.0931 style=0.0158
[global_step 800] avg_loss=4.8002 geom=0.0106  pred=2.1010 style=0.0159
[global_step 900] avg_loss=4.8854 geom=0.0112  pred=2.1567 style=0.0139
[global_step 1000] avg_loss=4.8667 geom=0.0114  pred=2.1176 style=0.0174
[global_step 1000] done in 571.6s | loss=4.8667
model saved to ./checkpoints/planner_step{global_step}.pt
[global_step 1100] avg_loss=4.9469 geom=0.0132  pred=2.1689 style=0.0123
[global_step 1200] avg_loss=4.9367 geom=0.0142  pred=2.1340 style=0.0142
[global_step 1300] avg_loss=5.0680 geom=0.0130  pred=2.0871 style=0.0170
[global_step 1400] avg_loss=5.0003 geom=0.0130  pred=2.0803 style=0.0147
[global_step 1500] avg_loss=5.0520 geom=0.0128  pred=2.0198 style=0.0122
[global_step 1600] avg_loss=5.0519 geom=0.0142  pred=2.0780 style=0.0126
[global_step 1700] avg_loss=4.9610 geom=0.0147  pred=2.1109 style=0.0089
[global_step 1800] avg_loss=5.0066 geom=0.0119  pred=2.0282 style=0.0161
[global_step 1900] avg_loss=5.1592 geom=0.0124  pred=2.0482 style=0.0232
[global_step 2000] avg_loss=5.0063 geom=0.0116  pred=1.9432 style=0.0202
[global_step 2000] done in 534.4s | loss=5.0063
model saved to ./checkpoints/planner_step{global_step}.pt
[global_step 2100] avg_loss=4.9626 geom=0.0116  pred=2.0401 style=0.0181
[global_step 2200] avg_loss=4.9215 geom=0.0131  pred=2.0859 style=0.0119
[global_step 2300] avg_loss=4.9313 geom=0.0127  pred=2.0476 style=0.0151
[global_step 2400] avg_loss=4.7031 geom=0.0119  pred=1.9862 style=0.0098
[global_step 2500] avg_loss=4.8100 geom=0.0109  pred=2.1124 style=0.0144
[global_step 2600] avg_loss=4.9326 geom=0.0119  pred=2.0925 style=0.0146
[global_step 2700] avg_loss=4.9325 geom=0.0133  pred=2.1096 style=0.0196
[global_step 2800] avg_loss=5.0353 geom=0.0137  pred=2.0256 style=0.0137
[global_step 2900] avg_loss=4.4649 geom=0.0110  pred=2.0328 style=0.0126
[global_step 3000] avg_loss=4.8738 geom=0.0126  pred=2.0620 style=0.0153
[global_step 3000] done in 500.6s | loss=4.8738
model saved to ./checkpoints/planner_step{global_step}.pt
[global_step 3100] avg_loss=4.8528 geom=0.0112  pred=2.1306 style=0.0124
[global_step 3200] avg_loss=4.8571 geom=0.0144  pred=2.0791 style=0.0166
[global_step 3300] avg_loss=4.8471 geom=0.0135  pred=2.0934 style=0.0180
[global_step 3400] avg_loss=4.8381 geom=0.0137  pred=2.0521 style=0.0170
[global_step 3500] avg_loss=4.8351 geom=0.0105  pred=2.0877 style=0.0152
[global_step 3600] avg_loss=4.7951 geom=0.0117  pred=2.0033 style=0.0116
[global_step 3700] avg_loss=4.8031 geom=0.0102  pred=1.9656 style=0.0126
[global_step 3800] avg_loss=4.7417 geom=0.0112  pred=1.9912 style=0.0080
W0831 04:32:02.681000 1675036 site-packages/torch/distributed/elastic/agent/server/api.py:704] Received 1 death signal, shutting down workers
W0831 04:32:02.685000 1675036 site-packages/torch/distributed/elastic/multiprocessing/api.py:897] Sending process 1675123 closing signal SIGHUP
W0831 04:32:02.686000 1675036 site-packages/torch/distributed/elastic/multiprocessing/api.py:897] Sending process 1675124 closing signal SIGHUP
W0831 04:32:02.688000 1675036 site-packages/torch/distributed/elastic/multiprocessing/api.py:897] Sending process 1675125 closing signal SIGHUP
W0831 04:32:02.691000 1675036 site-packages/torch/distributed/elastic/multiprocessing/api.py:897] Sending process 1675126 closing signal SIGHUP
Traceback (most recent call last):
  File "/opt/conda/envs/diffsensei/bin/accelerate", line 8, in <module>
    sys.exit(main())
             ^^^^^^
  File "/opt/conda/envs/diffsensei/lib/python3.11/site-packages/accelerate/commands/accelerate_cli.py", line 50, in main
    args.func(args)
  File "/opt/conda/envs/diffsensei/lib/python3.11/site-packages/accelerate/commands/launch.py", line 1189, in launch_command
    multi_gpu_launcher(args)
  File "/opt/conda/envs/diffsensei/lib/python3.11/site-packages/accelerate/commands/launch.py", line 815, in multi_gpu_launcher
    distrib_run.run(args)
  File "/opt/conda/envs/diffsensei/lib/python3.11/site-packages/torch/distributed/run.py", line 910, in run
    elastic_launch(
  File "/opt/conda/envs/diffsensei/lib/python3.11/site-packages/torch/distributed/launcher/api.py", line 138, in __call__
    return launch_agent(self._config, self._entrypoint, list(args))
           ^^^^^^^^^^^^^^^^^^^^^^^^^^^^^^^^^^^^^^^^^^^^^^^^^^^^^^^^
  File "/opt/conda/envs/diffsensei/lib/python3.11/site-packages/torch/distributed/launcher/api.py", line 260, in launch_agent
    result = agent.run()
             ^^^^^^^^^^^
  File "/opt/conda/envs/diffsensei/lib/python3.11/site-packages/torch/distributed/elastic/metrics/api.py", line 137, in wrapper
    result = f(*args, **kwargs)
             ^^^^^^^^^^^^^^^^^^
  File "/opt/conda/envs/diffsensei/lib/python3.11/site-packages/torch/distributed/elastic/agent/server/api.py", line 696, in run
    result = self._invoke_run(role)
             ^^^^^^^^^^^^^^^^^^^^^^
  File "/opt/conda/envs/diffsensei/lib/python3.11/site-packages/torch/distributed/elastic/agent/server/api.py", line 855, in _invoke_run
    time.sleep(monitor_interval)
  File "/opt/conda/envs/diffsensei/lib/python3.11/site-packages/torch/distributed/elastic/multiprocessing/api.py", line 84, in _terminate_process_handler
    raise SignalException(f"Process {os.getpid()} got signal: {sigval}", sigval=sigval)
torch.distributed.elastic.multiprocessing.api.SignalException: Process 1675036 got signal: 1
