nohup: ignoring input
[rank0]:[W831 10:15:57.194519746 ProcessGroupNCCL.cpp:4115] [PG ID 0 PG GUID 0 Rank 0]  using GPU 0 to perform barrier as devices used by this process are currently unknown. This can potentially cause a hang if this rank to GPU mapping is incorrect.Specify device_ids in barrier() to force use of a particular device,or call init_process_group() with a device_id.
[rank2]:[W831 10:15:57.291869303 ProcessGroupNCCL.cpp:4115] [PG ID 0 PG GUID 0 Rank 2]  using GPU 2 to perform barrier as devices used by this process are currently unknown. This can potentially cause a hang if this rank to GPU mapping is incorrect.Specify device_ids in barrier() to force use of a particular device,or call init_process_group() with a device_id.
[rank3]:[W831 10:15:57.292787680 ProcessGroupNCCL.cpp:4115] [PG ID 0 PG GUID 0 Rank 3]  using GPU 3 to perform barrier as devices used by this process are currently unknown. This can potentially cause a hang if this rank to GPU mapping is incorrect.Specify device_ids in barrier() to force use of a particular device,or call init_process_group() with a device_id.
[rank1]:[W831 10:15:57.293115726 ProcessGroupNCCL.cpp:4115] [PG ID 0 PG GUID 0 Rank 1]  using GPU 1 to perform barrier as devices used by this process are currently unknown. This can potentially cause a hang if this rank to GPU mapping is incorrect.Specify device_ids in barrier() to force use of a particular device,or call init_process_group() with a device_id.
Using a slow image processor as `use_fast` is unset and a slow processor was saved with this model. `use_fast=True` will be the default behavior in v4.52, even if the model was saved with a slow processor. This will result in minor differences in outputs. You'll still be able to use a slow processor with `use_fast=False`.
Using a slow image processor as `use_fast` is unset and a slow processor was saved with this model. `use_fast=True` will be the default behavior in v4.52, even if the model was saved with a slow processor. This will result in minor differences in outputs. You'll still be able to use a slow processor with `use_fast=False`.
Using a slow image processor as `use_fast` is unset and a slow processor was saved with this model. `use_fast=True` will be the default behavior in v4.52, even if the model was saved with a slow processor. This will result in minor differences in outputs. You'll still be able to use a slow processor with `use_fast=False`.
Using a slow image processor as `use_fast` is unset and a slow processor was saved with this model. `use_fast=True` will be the default behavior in v4.52, even if the model was saved with a slow processor. This will result in minor differences in outputs. You'll still be able to use a slow processor with `use_fast=False`.
Config of the encoder: <class 'transformers.models.vit.modeling_vit.ViTModel'> is overwritten by shared encoder config: ViTConfig {
  "attention_probs_dropout_prob": 0.0,
  "encoder_stride": 16,
  "hidden_act": "gelu",
  "hidden_dropout_prob": 0.0,
  "hidden_size": 768,
  "image_size": 384,
  "initializer_range": 0.02,
  "intermediate_size": 3072,
  "layer_norm_eps": 1e-12,
  "model_type": "vit",
  "num_attention_heads": 12,
  "num_channels": 3,
  "num_hidden_layers": 12,
  "patch_size": 16,
  "pooler_act": "tanh",
  "pooler_output_size": 768,
  "qkv_bias": false,
  "transformers_version": "4.51.3"
}

Config of the decoder: <class 'transformers.models.trocr.modeling_trocr.TrOCRForCausalLM'> is overwritten by shared decoder config: TrOCRConfig {
  "activation_dropout": 0.0,
  "activation_function": "gelu",
  "add_cross_attention": true,
  "attention_dropout": 0.0,
  "bos_token_id": 0,
  "classifier_dropout": 0.0,
  "cross_attention_hidden_size": 768,
  "d_model": 1024,
  "decoder_attention_heads": 16,
  "decoder_ffn_dim": 4096,
  "decoder_layerdrop": 0.0,
  "decoder_layers": 12,
  "decoder_start_token_id": 2,
  "dropout": 0.1,
  "eos_token_id": 2,
  "init_std": 0.02,
  "is_decoder": true,
  "layernorm_embedding": true,
  "max_position_embeddings": 512,
  "model_type": "trocr",
  "pad_token_id": 1,
  "scale_embedding": false,
  "transformers_version": "4.51.3",
  "use_cache": false,
  "use_learned_position_embeddings": true,
  "vocab_size": 50265
}

Config of the encoder: <class 'transformers.models.vit.modeling_vit.ViTModel'> is overwritten by shared encoder config: ViTConfig {
  "attention_probs_dropout_prob": 0.0,
  "encoder_stride": 16,
  "hidden_act": "gelu",
  "hidden_dropout_prob": 0.0,
  "hidden_size": 768,
  "image_size": 384,
  "initializer_range": 0.02,
  "intermediate_size": 3072,
  "layer_norm_eps": 1e-12,
  "model_type": "vit",
  "num_attention_heads": 12,
  "num_channels": 3,
  "num_hidden_layers": 12,
  "patch_size": 16,
  "pooler_act": "tanh",
  "pooler_output_size": 768,
  "qkv_bias": false,
  "transformers_version": "4.51.3"
}

Config of the decoder: <class 'transformers.models.trocr.modeling_trocr.TrOCRForCausalLM'> is overwritten by shared decoder config: TrOCRConfig {
  "activation_dropout": 0.0,
  "activation_function": "gelu",
  "add_cross_attention": true,
  "attention_dropout": 0.0,
  "bos_token_id": 0,
  "classifier_dropout": 0.0,
  "cross_attention_hidden_size": 768,
  "d_model": 1024,
  "decoder_attention_heads": 16,
  "decoder_ffn_dim": 4096,
  "decoder_layerdrop": 0.0,
  "decoder_layers": 12,
  "decoder_start_token_id": 2,
  "dropout": 0.1,
  "eos_token_id": 2,
  "init_std": 0.02,
  "is_decoder": true,
  "layernorm_embedding": true,
  "max_position_embeddings": 512,
  "model_type": "trocr",
  "pad_token_id": 1,
  "scale_embedding": false,
  "transformers_version": "4.51.3",
  "use_cache": false,
  "use_learned_position_embeddings": true,
  "vocab_size": 50265
}

Config of the encoder: <class 'transformers.models.vit.modeling_vit.ViTModel'> is overwritten by shared encoder config: ViTConfig {
  "attention_probs_dropout_prob": 0.0,
  "encoder_stride": 16,
  "hidden_act": "gelu",
  "hidden_dropout_prob": 0.0,
  "hidden_size": 768,
  "image_size": 384,
  "initializer_range": 0.02,
  "intermediate_size": 3072,
  "layer_norm_eps": 1e-12,
  "model_type": "vit",
  "num_attention_heads": 12,
  "num_channels": 3,
  "num_hidden_layers": 12,
  "patch_size": 16,
  "pooler_act": "tanh",
  "pooler_output_size": 768,
  "qkv_bias": false,
  "transformers_version": "4.51.3"
}

Config of the decoder: <class 'transformers.models.trocr.modeling_trocr.TrOCRForCausalLM'> is overwritten by shared decoder config: TrOCRConfig {
  "activation_dropout": 0.0,
  "activation_function": "gelu",
  "add_cross_attention": true,
  "attention_dropout": 0.0,
  "bos_token_id": 0,
  "classifier_dropout": 0.0,
  "cross_attention_hidden_size": 768,
  "d_model": 1024,
  "decoder_attention_heads": 16,
  "decoder_ffn_dim": 4096,
  "decoder_layerdrop": 0.0,
  "decoder_layers": 12,
  "decoder_start_token_id": 2,
  "dropout": 0.1,
  "eos_token_id": 2,
  "init_std": 0.02,
  "is_decoder": true,
  "layernorm_embedding": true,
  "max_position_embeddings": 512,
  "model_type": "trocr",
  "pad_token_id": 1,
  "scale_embedding": false,
  "transformers_version": "4.51.3",
  "use_cache": false,
  "use_learned_position_embeddings": true,
  "vocab_size": 50265
}

/opt/conda/envs/diffsensei/lib/python3.11/site-packages/torch/nn/modules/module.py:2400: UserWarning: for conv1.weight: copying from a non-meta parameter in the checkpoint to a meta parameter in the current model, which is a no-op. (Did you mean to pass `assign=True` to assign items in the state dictionary to their corresponding key in the module instead of copying them in place?)
  warnings.warn(
/opt/conda/envs/diffsensei/lib/python3.11/site-packages/torch/nn/modules/module.py:2400: UserWarning: for bn1.weight: copying from a non-meta parameter in the checkpoint to a meta parameter in the current model, which is a no-op. (Did you mean to pass `assign=True` to assign items in the state dictionary to their corresponding key in the module instead of copying them in place?)
  warnings.warn(
/opt/conda/envs/diffsensei/lib/python3.11/site-packages/torch/nn/modules/module.py:2400: UserWarning: for bn1.bias: copying from a non-meta parameter in the checkpoint to a meta parameter in the current model, which is a no-op. (Did you mean to pass `assign=True` to assign items in the state dictionary to their corresponding key in the module instead of copying them in place?)
  warnings.warn(
/opt/conda/envs/diffsensei/lib/python3.11/site-packages/torch/nn/modules/module.py:2400: UserWarning: for layer1.0.conv1.weight: copying from a non-meta parameter in the checkpoint to a meta parameter in the current model, which is a no-op. (Did you mean to pass `assign=True` to assign items in the state dictionary to their corresponding key in the module instead of copying them in place?)
  warnings.warn(
/opt/conda/envs/diffsensei/lib/python3.11/site-packages/torch/nn/modules/module.py:2400: UserWarning: for layer1.0.bn1.weight: copying from a non-meta parameter in the checkpoint to a meta parameter in the current model, which is a no-op. (Did you mean to pass `assign=True` to assign items in the state dictionary to their corresponding key in the module instead of copying them in place?)
  warnings.warn(
/opt/conda/envs/diffsensei/lib/python3.11/site-packages/torch/nn/modules/module.py:2400: UserWarning: for layer1.0.bn1.bias: copying from a non-meta parameter in the checkpoint to a meta parameter in the current model, which is a no-op. (Did you mean to pass `assign=True` to assign items in the state dictionary to their corresponding key in the module instead of copying them in place?)
  warnings.warn(
/opt/conda/envs/diffsensei/lib/python3.11/site-packages/torch/nn/modules/module.py:2400: UserWarning: for layer1.0.conv2.weight: copying from a non-meta parameter in the checkpoint to a meta parameter in the current model, which is a no-op. (Did you mean to pass `assign=True` to assign items in the state dictionary to their corresponding key in the module instead of copying them in place?)
  warnings.warn(
/opt/conda/envs/diffsensei/lib/python3.11/site-packages/torch/nn/modules/module.py:2400: UserWarning: for layer1.0.bn2.weight: copying from a non-meta parameter in the checkpoint to a meta parameter in the current model, which is a no-op. (Did you mean to pass `assign=True` to assign items in the state dictionary to their corresponding key in the module instead of copying them in place?)
  warnings.warn(
/opt/conda/envs/diffsensei/lib/python3.11/site-packages/torch/nn/modules/module.py:2400: UserWarning: for layer1.0.bn2.bias: copying from a non-meta parameter in the checkpoint to a meta parameter in the current model, which is a no-op. (Did you mean to pass `assign=True` to assign items in the state dictionary to their corresponding key in the module instead of copying them in place?)
  warnings.warn(
/opt/conda/envs/diffsensei/lib/python3.11/site-packages/torch/nn/modules/module.py:2400: UserWarning: for layer1.0.conv3.weight: copying from a non-meta parameter in the checkpoint to a meta parameter in the current model, which is a no-op. (Did you mean to pass `assign=True` to assign items in the state dictionary to their corresponding key in the module instead of copying them in place?)
  warnings.warn(
/opt/conda/envs/diffsensei/lib/python3.11/site-packages/torch/nn/modules/module.py:2400: UserWarning: for layer1.0.bn3.weight: copying from a non-meta parameter in the checkpoint to a meta parameter in the current model, which is a no-op. (Did you mean to pass `assign=True` to assign items in the state dictionary to their corresponding key in the module instead of copying them in place?)
  warnings.warn(
/opt/conda/envs/diffsensei/lib/python3.11/site-packages/torch/nn/modules/module.py:2400: UserWarning: for layer1.0.bn3.bias: copying from a non-meta parameter in the checkpoint to a meta parameter in the current model, which is a no-op. (Did you mean to pass `assign=True` to assign items in the state dictionary to their corresponding key in the module instead of copying them in place?)
  warnings.warn(
/opt/conda/envs/diffsensei/lib/python3.11/site-packages/torch/nn/modules/module.py:2400: UserWarning: for layer1.0.downsample.0.weight: copying from a non-meta parameter in the checkpoint to a meta parameter in the current model, which is a no-op. (Did you mean to pass `assign=True` to assign items in the state dictionary to their corresponding key in the module instead of copying them in place?)
  warnings.warn(
/opt/conda/envs/diffsensei/lib/python3.11/site-packages/torch/nn/modules/module.py:2400: UserWarning: for layer1.0.downsample.1.weight: copying from a non-meta parameter in the checkpoint to a meta parameter in the current model, which is a no-op. (Did you mean to pass `assign=True` to assign items in the state dictionary to their corresponding key in the module instead of copying them in place?)
  warnings.warn(
/opt/conda/envs/diffsensei/lib/python3.11/site-packages/torch/nn/modules/module.py:2400: UserWarning: for layer1.0.downsample.1.bias: copying from a non-meta parameter in the checkpoint to a meta parameter in the current model, which is a no-op. (Did you mean to pass `assign=True` to assign items in the state dictionary to their corresponding key in the module instead of copying them in place?)
  warnings.warn(
/opt/conda/envs/diffsensei/lib/python3.11/site-packages/torch/nn/modules/module.py:2400: UserWarning: for layer1.1.conv1.weight: copying from a non-meta parameter in the checkpoint to a meta parameter in the current model, which is a no-op. (Did you mean to pass `assign=True` to assign items in the state dictionary to their corresponding key in the module instead of copying them in place?)
  warnings.warn(
/opt/conda/envs/diffsensei/lib/python3.11/site-packages/torch/nn/modules/module.py:2400: UserWarning: for layer1.1.bn1.weight: copying from a non-meta parameter in the checkpoint to a meta parameter in the current model, which is a no-op. (Did you mean to pass `assign=True` to assign items in the state dictionary to their corresponding key in the module instead of copying them in place?)
  warnings.warn(
/opt/conda/envs/diffsensei/lib/python3.11/site-packages/torch/nn/modules/module.py:2400: UserWarning: for layer1.1.bn1.bias: copying from a non-meta parameter in the checkpoint to a meta parameter in the current model, which is a no-op. (Did you mean to pass `assign=True` to assign items in the state dictionary to their corresponding key in the module instead of copying them in place?)
  warnings.warn(
/opt/conda/envs/diffsensei/lib/python3.11/site-packages/torch/nn/modules/module.py:2400: UserWarning: for layer1.1.conv2.weight: copying from a non-meta parameter in the checkpoint to a meta parameter in the current model, which is a no-op. (Did you mean to pass `assign=True` to assign items in the state dictionary to their corresponding key in the module instead of copying them in place?)
  warnings.warn(
/opt/conda/envs/diffsensei/lib/python3.11/site-packages/torch/nn/modules/module.py:2400: UserWarning: for layer1.1.bn2.weight: copying from a non-meta parameter in the checkpoint to a meta parameter in the current model, which is a no-op. (Did you mean to pass `assign=True` to assign items in the state dictionary to their corresponding key in the module instead of copying them in place?)
  warnings.warn(
/opt/conda/envs/diffsensei/lib/python3.11/site-packages/torch/nn/modules/module.py:2400: UserWarning: for layer1.1.bn2.bias: copying from a non-meta parameter in the checkpoint to a meta parameter in the current model, which is a no-op. (Did you mean to pass `assign=True` to assign items in the state dictionary to their corresponding key in the module instead of copying them in place?)
  warnings.warn(
/opt/conda/envs/diffsensei/lib/python3.11/site-packages/torch/nn/modules/module.py:2400: UserWarning: for layer1.1.conv3.weight: copying from a non-meta parameter in the checkpoint to a meta parameter in the current model, which is a no-op. (Did you mean to pass `assign=True` to assign items in the state dictionary to their corresponding key in the module instead of copying them in place?)
  warnings.warn(
/opt/conda/envs/diffsensei/lib/python3.11/site-packages/torch/nn/modules/module.py:2400: UserWarning: for layer1.1.bn3.weight: copying from a non-meta parameter in the checkpoint to a meta parameter in the current model, which is a no-op. (Did you mean to pass `assign=True` to assign items in the state dictionary to their corresponding key in the module instead of copying them in place?)
  warnings.warn(
/opt/conda/envs/diffsensei/lib/python3.11/site-packages/torch/nn/modules/module.py:2400: UserWarning: for layer1.1.bn3.bias: copying from a non-meta parameter in the checkpoint to a meta parameter in the current model, which is a no-op. (Did you mean to pass `assign=True` to assign items in the state dictionary to their corresponding key in the module instead of copying them in place?)
  warnings.warn(
/opt/conda/envs/diffsensei/lib/python3.11/site-packages/torch/nn/modules/module.py:2400: UserWarning: for layer1.2.conv1.weight: copying from a non-meta parameter in the checkpoint to a meta parameter in the current model, which is a no-op. (Did you mean to pass `assign=True` to assign items in the state dictionary to their corresponding key in the module instead of copying them in place?)
  warnings.warn(
/opt/conda/envs/diffsensei/lib/python3.11/site-packages/torch/nn/modules/module.py:2400: UserWarning: for layer1.2.bn1.weight: copying from a non-meta parameter in the checkpoint to a meta parameter in the current model, which is a no-op. (Did you mean to pass `assign=True` to assign items in the state dictionary to their corresponding key in the module instead of copying them in place?)
  warnings.warn(
/opt/conda/envs/diffsensei/lib/python3.11/site-packages/torch/nn/modules/module.py:2400: UserWarning: for layer1.2.bn1.bias: copying from a non-meta parameter in the checkpoint to a meta parameter in the current model, which is a no-op. (Did you mean to pass `assign=True` to assign items in the state dictionary to their corresponding key in the module instead of copying them in place?)
  warnings.warn(
/opt/conda/envs/diffsensei/lib/python3.11/site-packages/torch/nn/modules/module.py:2400: UserWarning: for layer1.2.conv2.weight: copying from a non-meta parameter in the checkpoint to a meta parameter in the current model, which is a no-op. (Did you mean to pass `assign=True` to assign items in the state dictionary to their corresponding key in the module instead of copying them in place?)
  warnings.warn(
/opt/conda/envs/diffsensei/lib/python3.11/site-packages/torch/nn/modules/module.py:2400: UserWarning: for layer1.2.bn2.weight: copying from a non-meta parameter in the checkpoint to a meta parameter in the current model, which is a no-op. (Did you mean to pass `assign=True` to assign items in the state dictionary to their corresponding key in the module instead of copying them in place?)
  warnings.warn(
/opt/conda/envs/diffsensei/lib/python3.11/site-packages/torch/nn/modules/module.py:2400: UserWarning: for layer1.2.bn2.bias: copying from a non-meta parameter in the checkpoint to a meta parameter in the current model, which is a no-op. (Did you mean to pass `assign=True` to assign items in the state dictionary to their corresponding key in the module instead of copying them in place?)
  warnings.warn(
/opt/conda/envs/diffsensei/lib/python3.11/site-packages/torch/nn/modules/module.py:2400: UserWarning: for layer1.2.conv3.weight: copying from a non-meta parameter in the checkpoint to a meta parameter in the current model, which is a no-op. (Did you mean to pass `assign=True` to assign items in the state dictionary to their corresponding key in the module instead of copying them in place?)
  warnings.warn(
/opt/conda/envs/diffsensei/lib/python3.11/site-packages/torch/nn/modules/module.py:2400: UserWarning: for layer1.2.bn3.weight: copying from a non-meta parameter in the checkpoint to a meta parameter in the current model, which is a no-op. (Did you mean to pass `assign=True` to assign items in the state dictionary to their corresponding key in the module instead of copying them in place?)
  warnings.warn(
/opt/conda/envs/diffsensei/lib/python3.11/site-packages/torch/nn/modules/module.py:2400: UserWarning: for layer1.2.bn3.bias: copying from a non-meta parameter in the checkpoint to a meta parameter in the current model, which is a no-op. (Did you mean to pass `assign=True` to assign items in the state dictionary to their corresponding key in the module instead of copying them in place?)
  warnings.warn(
/opt/conda/envs/diffsensei/lib/python3.11/site-packages/torch/nn/modules/module.py:2400: UserWarning: for layer2.0.conv1.weight: copying from a non-meta parameter in the checkpoint to a meta parameter in the current model, which is a no-op. (Did you mean to pass `assign=True` to assign items in the state dictionary to their corresponding key in the module instead of copying them in place?)
  warnings.warn(
/opt/conda/envs/diffsensei/lib/python3.11/site-packages/torch/nn/modules/module.py:2400: UserWarning: for layer2.0.bn1.weight: copying from a non-meta parameter in the checkpoint to a meta parameter in the current model, which is a no-op. (Did you mean to pass `assign=True` to assign items in the state dictionary to their corresponding key in the module instead of copying them in place?)
  warnings.warn(
/opt/conda/envs/diffsensei/lib/python3.11/site-packages/torch/nn/modules/module.py:2400: UserWarning: for layer2.0.bn1.bias: copying from a non-meta parameter in the checkpoint to a meta parameter in the current model, which is a no-op. (Did you mean to pass `assign=True` to assign items in the state dictionary to their corresponding key in the module instead of copying them in place?)
  warnings.warn(
/opt/conda/envs/diffsensei/lib/python3.11/site-packages/torch/nn/modules/module.py:2400: UserWarning: for layer2.0.conv2.weight: copying from a non-meta parameter in the checkpoint to a meta parameter in the current model, which is a no-op. (Did you mean to pass `assign=True` to assign items in the state dictionary to their corresponding key in the module instead of copying them in place?)
  warnings.warn(
/opt/conda/envs/diffsensei/lib/python3.11/site-packages/torch/nn/modules/module.py:2400: UserWarning: for layer2.0.bn2.weight: copying from a non-meta parameter in the checkpoint to a meta parameter in the current model, which is a no-op. (Did you mean to pass `assign=True` to assign items in the state dictionary to their corresponding key in the module instead of copying them in place?)
  warnings.warn(
/opt/conda/envs/diffsensei/lib/python3.11/site-packages/torch/nn/modules/module.py:2400: UserWarning: for layer2.0.bn2.bias: copying from a non-meta parameter in the checkpoint to a meta parameter in the current model, which is a no-op. (Did you mean to pass `assign=True` to assign items in the state dictionary to their corresponding key in the module instead of copying them in place?)
  warnings.warn(
/opt/conda/envs/diffsensei/lib/python3.11/site-packages/torch/nn/modules/module.py:2400: UserWarning: for layer2.0.conv3.weight: copying from a non-meta parameter in the checkpoint to a meta parameter in the current model, which is a no-op. (Did you mean to pass `assign=True` to assign items in the state dictionary to their corresponding key in the module instead of copying them in place?)
  warnings.warn(
/opt/conda/envs/diffsensei/lib/python3.11/site-packages/torch/nn/modules/module.py:2400: UserWarning: for layer2.0.bn3.weight: copying from a non-meta parameter in the checkpoint to a meta parameter in the current model, which is a no-op. (Did you mean to pass `assign=True` to assign items in the state dictionary to their corresponding key in the module instead of copying them in place?)
  warnings.warn(
/opt/conda/envs/diffsensei/lib/python3.11/site-packages/torch/nn/modules/module.py:2400: UserWarning: for layer2.0.bn3.bias: copying from a non-meta parameter in the checkpoint to a meta parameter in the current model, which is a no-op. (Did you mean to pass `assign=True` to assign items in the state dictionary to their corresponding key in the module instead of copying them in place?)
  warnings.warn(
/opt/conda/envs/diffsensei/lib/python3.11/site-packages/torch/nn/modules/module.py:2400: UserWarning: for layer2.0.downsample.0.weight: copying from a non-meta parameter in the checkpoint to a meta parameter in the current model, which is a no-op. (Did you mean to pass `assign=True` to assign items in the state dictionary to their corresponding key in the module instead of copying them in place?)
  warnings.warn(
/opt/conda/envs/diffsensei/lib/python3.11/site-packages/torch/nn/modules/module.py:2400: UserWarning: for layer2.0.downsample.1.weight: copying from a non-meta parameter in the checkpoint to a meta parameter in the current model, which is a no-op. (Did you mean to pass `assign=True` to assign items in the state dictionary to their corresponding key in the module instead of copying them in place?)
  warnings.warn(
/opt/conda/envs/diffsensei/lib/python3.11/site-packages/torch/nn/modules/module.py:2400: UserWarning: for layer2.0.downsample.1.bias: copying from a non-meta parameter in the checkpoint to a meta parameter in the current model, which is a no-op. (Did you mean to pass `assign=True` to assign items in the state dictionary to their corresponding key in the module instead of copying them in place?)
  warnings.warn(
/opt/conda/envs/diffsensei/lib/python3.11/site-packages/torch/nn/modules/module.py:2400: UserWarning: for layer2.1.conv1.weight: copying from a non-meta parameter in the checkpoint to a meta parameter in the current model, which is a no-op. (Did you mean to pass `assign=True` to assign items in the state dictionary to their corresponding key in the module instead of copying them in place?)
  warnings.warn(
/opt/conda/envs/diffsensei/lib/python3.11/site-packages/torch/nn/modules/module.py:2400: UserWarning: for layer2.1.bn1.weight: copying from a non-meta parameter in the checkpoint to a meta parameter in the current model, which is a no-op. (Did you mean to pass `assign=True` to assign items in the state dictionary to their corresponding key in the module instead of copying them in place?)
  warnings.warn(
/opt/conda/envs/diffsensei/lib/python3.11/site-packages/torch/nn/modules/module.py:2400: UserWarning: for layer2.1.bn1.bias: copying from a non-meta parameter in the checkpoint to a meta parameter in the current model, which is a no-op. (Did you mean to pass `assign=True` to assign items in the state dictionary to their corresponding key in the module instead of copying them in place?)
  warnings.warn(
/opt/conda/envs/diffsensei/lib/python3.11/site-packages/torch/nn/modules/module.py:2400: UserWarning: for layer2.1.conv2.weight: copying from a non-meta parameter in the checkpoint to a meta parameter in the current model, which is a no-op. (Did you mean to pass `assign=True` to assign items in the state dictionary to their corresponding key in the module instead of copying them in place?)
  warnings.warn(
/opt/conda/envs/diffsensei/lib/python3.11/site-packages/torch/nn/modules/module.py:2400: UserWarning: for layer2.1.bn2.weight: copying from a non-meta parameter in the checkpoint to a meta parameter in the current model, which is a no-op. (Did you mean to pass `assign=True` to assign items in the state dictionary to their corresponding key in the module instead of copying them in place?)
  warnings.warn(
/opt/conda/envs/diffsensei/lib/python3.11/site-packages/torch/nn/modules/module.py:2400: UserWarning: for layer2.1.bn2.bias: copying from a non-meta parameter in the checkpoint to a meta parameter in the current model, which is a no-op. (Did you mean to pass `assign=True` to assign items in the state dictionary to their corresponding key in the module instead of copying them in place?)
  warnings.warn(
/opt/conda/envs/diffsensei/lib/python3.11/site-packages/torch/nn/modules/module.py:2400: UserWarning: for layer2.1.conv3.weight: copying from a non-meta parameter in the checkpoint to a meta parameter in the current model, which is a no-op. (Did you mean to pass `assign=True` to assign items in the state dictionary to their corresponding key in the module instead of copying them in place?)
  warnings.warn(
/opt/conda/envs/diffsensei/lib/python3.11/site-packages/torch/nn/modules/module.py:2400: UserWarning: for layer2.1.bn3.weight: copying from a non-meta parameter in the checkpoint to a meta parameter in the current model, which is a no-op. (Did you mean to pass `assign=True` to assign items in the state dictionary to their corresponding key in the module instead of copying them in place?)
  warnings.warn(
/opt/conda/envs/diffsensei/lib/python3.11/site-packages/torch/nn/modules/module.py:2400: UserWarning: for layer2.1.bn3.bias: copying from a non-meta parameter in the checkpoint to a meta parameter in the current model, which is a no-op. (Did you mean to pass `assign=True` to assign items in the state dictionary to their corresponding key in the module instead of copying them in place?)
  warnings.warn(
/opt/conda/envs/diffsensei/lib/python3.11/site-packages/torch/nn/modules/module.py:2400: UserWarning: for layer2.2.conv1.weight: copying from a non-meta parameter in the checkpoint to a meta parameter in the current model, which is a no-op. (Did you mean to pass `assign=True` to assign items in the state dictionary to their corresponding key in the module instead of copying them in place?)
  warnings.warn(
/opt/conda/envs/diffsensei/lib/python3.11/site-packages/torch/nn/modules/module.py:2400: UserWarning: for layer2.2.bn1.weight: copying from a non-meta parameter in the checkpoint to a meta parameter in the current model, which is a no-op. (Did you mean to pass `assign=True` to assign items in the state dictionary to their corresponding key in the module instead of copying them in place?)
  warnings.warn(
/opt/conda/envs/diffsensei/lib/python3.11/site-packages/torch/nn/modules/module.py:2400: UserWarning: for layer2.2.bn1.bias: copying from a non-meta parameter in the checkpoint to a meta parameter in the current model, which is a no-op. (Did you mean to pass `assign=True` to assign items in the state dictionary to their corresponding key in the module instead of copying them in place?)
  warnings.warn(
/opt/conda/envs/diffsensei/lib/python3.11/site-packages/torch/nn/modules/module.py:2400: UserWarning: for layer2.2.conv2.weight: copying from a non-meta parameter in the checkpoint to a meta parameter in the current model, which is a no-op. (Did you mean to pass `assign=True` to assign items in the state dictionary to their corresponding key in the module instead of copying them in place?)
  warnings.warn(
/opt/conda/envs/diffsensei/lib/python3.11/site-packages/torch/nn/modules/module.py:2400: UserWarning: for layer2.2.bn2.weight: copying from a non-meta parameter in the checkpoint to a meta parameter in the current model, which is a no-op. (Did you mean to pass `assign=True` to assign items in the state dictionary to their corresponding key in the module instead of copying them in place?)
  warnings.warn(
/opt/conda/envs/diffsensei/lib/python3.11/site-packages/torch/nn/modules/module.py:2400: UserWarning: for layer2.2.bn2.bias: copying from a non-meta parameter in the checkpoint to a meta parameter in the current model, which is a no-op. (Did you mean to pass `assign=True` to assign items in the state dictionary to their corresponding key in the module instead of copying them in place?)
  warnings.warn(
/opt/conda/envs/diffsensei/lib/python3.11/site-packages/torch/nn/modules/module.py:2400: UserWarning: for layer2.2.conv3.weight: copying from a non-meta parameter in the checkpoint to a meta parameter in the current model, which is a no-op. (Did you mean to pass `assign=True` to assign items in the state dictionary to their corresponding key in the module instead of copying them in place?)
  warnings.warn(
/opt/conda/envs/diffsensei/lib/python3.11/site-packages/torch/nn/modules/module.py:2400: UserWarning: for layer2.2.bn3.weight: copying from a non-meta parameter in the checkpoint to a meta parameter in the current model, which is a no-op. (Did you mean to pass `assign=True` to assign items in the state dictionary to their corresponding key in the module instead of copying them in place?)
  warnings.warn(
/opt/conda/envs/diffsensei/lib/python3.11/site-packages/torch/nn/modules/module.py:2400: UserWarning: for layer2.2.bn3.bias: copying from a non-meta parameter in the checkpoint to a meta parameter in the current model, which is a no-op. (Did you mean to pass `assign=True` to assign items in the state dictionary to their corresponding key in the module instead of copying them in place?)
  warnings.warn(
/opt/conda/envs/diffsensei/lib/python3.11/site-packages/torch/nn/modules/module.py:2400: UserWarning: for layer2.3.conv1.weight: copying from a non-meta parameter in the checkpoint to a meta parameter in the current model, which is a no-op. (Did you mean to pass `assign=True` to assign items in the state dictionary to their corresponding key in the module instead of copying them in place?)
  warnings.warn(
/opt/conda/envs/diffsensei/lib/python3.11/site-packages/torch/nn/modules/module.py:2400: UserWarning: for layer2.3.bn1.weight: copying from a non-meta parameter in the checkpoint to a meta parameter in the current model, which is a no-op. (Did you mean to pass `assign=True` to assign items in the state dictionary to their corresponding key in the module instead of copying them in place?)
  warnings.warn(
/opt/conda/envs/diffsensei/lib/python3.11/site-packages/torch/nn/modules/module.py:2400: UserWarning: for layer2.3.bn1.bias: copying from a non-meta parameter in the checkpoint to a meta parameter in the current model, which is a no-op. (Did you mean to pass `assign=True` to assign items in the state dictionary to their corresponding key in the module instead of copying them in place?)
  warnings.warn(
/opt/conda/envs/diffsensei/lib/python3.11/site-packages/torch/nn/modules/module.py:2400: UserWarning: for layer2.3.conv2.weight: copying from a non-meta parameter in the checkpoint to a meta parameter in the current model, which is a no-op. (Did you mean to pass `assign=True` to assign items in the state dictionary to their corresponding key in the module instead of copying them in place?)
  warnings.warn(
/opt/conda/envs/diffsensei/lib/python3.11/site-packages/torch/nn/modules/module.py:2400: UserWarning: for layer2.3.bn2.weight: copying from a non-meta parameter in the checkpoint to a meta parameter in the current model, which is a no-op. (Did you mean to pass `assign=True` to assign items in the state dictionary to their corresponding key in the module instead of copying them in place?)
  warnings.warn(
/opt/conda/envs/diffsensei/lib/python3.11/site-packages/torch/nn/modules/module.py:2400: UserWarning: for layer2.3.bn2.bias: copying from a non-meta parameter in the checkpoint to a meta parameter in the current model, which is a no-op. (Did you mean to pass `assign=True` to assign items in the state dictionary to their corresponding key in the module instead of copying them in place?)
  warnings.warn(
/opt/conda/envs/diffsensei/lib/python3.11/site-packages/torch/nn/modules/module.py:2400: UserWarning: for layer2.3.conv3.weight: copying from a non-meta parameter in the checkpoint to a meta parameter in the current model, which is a no-op. (Did you mean to pass `assign=True` to assign items in the state dictionary to their corresponding key in the module instead of copying them in place?)
  warnings.warn(
/opt/conda/envs/diffsensei/lib/python3.11/site-packages/torch/nn/modules/module.py:2400: UserWarning: for layer2.3.bn3.weight: copying from a non-meta parameter in the checkpoint to a meta parameter in the current model, which is a no-op. (Did you mean to pass `assign=True` to assign items in the state dictionary to their corresponding key in the module instead of copying them in place?)
  warnings.warn(
/opt/conda/envs/diffsensei/lib/python3.11/site-packages/torch/nn/modules/module.py:2400: UserWarning: for layer2.3.bn3.bias: copying from a non-meta parameter in the checkpoint to a meta parameter in the current model, which is a no-op. (Did you mean to pass `assign=True` to assign items in the state dictionary to their corresponding key in the module instead of copying them in place?)
  warnings.warn(
/opt/conda/envs/diffsensei/lib/python3.11/site-packages/torch/nn/modules/module.py:2400: UserWarning: for layer3.0.conv1.weight: copying from a non-meta parameter in the checkpoint to a meta parameter in the current model, which is a no-op. (Did you mean to pass `assign=True` to assign items in the state dictionary to their corresponding key in the module instead of copying them in place?)
  warnings.warn(
/opt/conda/envs/diffsensei/lib/python3.11/site-packages/torch/nn/modules/module.py:2400: UserWarning: for conv1.weight: copying from a non-meta parameter in the checkpoint to a meta parameter in the current model, which is a no-op. (Did you mean to pass `assign=True` to assign items in the state dictionary to their corresponding key in the module instead of copying them in place?)
  warnings.warn(
/opt/conda/envs/diffsensei/lib/python3.11/site-packages/torch/nn/modules/module.py:2400: UserWarning: for layer3.0.bn1.weight: copying from a non-meta parameter in the checkpoint to a meta parameter in the current model, which is a no-op. (Did you mean to pass `assign=True` to assign items in the state dictionary to their corresponding key in the module instead of copying them in place?)
  warnings.warn(
/opt/conda/envs/diffsensei/lib/python3.11/site-packages/torch/nn/modules/module.py:2400: UserWarning: for layer3.0.bn1.bias: copying from a non-meta parameter in the checkpoint to a meta parameter in the current model, which is a no-op. (Did you mean to pass `assign=True` to assign items in the state dictionary to their corresponding key in the module instead of copying them in place?)
  warnings.warn(
/opt/conda/envs/diffsensei/lib/python3.11/site-packages/torch/nn/modules/module.py:2400: UserWarning: for bn1.weight: copying from a non-meta parameter in the checkpoint to a meta parameter in the current model, which is a no-op. (Did you mean to pass `assign=True` to assign items in the state dictionary to their corresponding key in the module instead of copying them in place?)
  warnings.warn(
/opt/conda/envs/diffsensei/lib/python3.11/site-packages/torch/nn/modules/module.py:2400: UserWarning: for bn1.bias: copying from a non-meta parameter in the checkpoint to a meta parameter in the current model, which is a no-op. (Did you mean to pass `assign=True` to assign items in the state dictionary to their corresponding key in the module instead of copying them in place?)
  warnings.warn(
/opt/conda/envs/diffsensei/lib/python3.11/site-packages/torch/nn/modules/module.py:2400: UserWarning: for layer3.0.conv2.weight: copying from a non-meta parameter in the checkpoint to a meta parameter in the current model, which is a no-op. (Did you mean to pass `assign=True` to assign items in the state dictionary to their corresponding key in the module instead of copying them in place?)
  warnings.warn(
/opt/conda/envs/diffsensei/lib/python3.11/site-packages/torch/nn/modules/module.py:2400: UserWarning: for layer1.0.conv1.weight: copying from a non-meta parameter in the checkpoint to a meta parameter in the current model, which is a no-op. (Did you mean to pass `assign=True` to assign items in the state dictionary to their corresponding key in the module instead of copying them in place?)
  warnings.warn(
/opt/conda/envs/diffsensei/lib/python3.11/site-packages/torch/nn/modules/module.py:2400: UserWarning: for conv1.weight: copying from a non-meta parameter in the checkpoint to a meta parameter in the current model, which is a no-op. (Did you mean to pass `assign=True` to assign items in the state dictionary to their corresponding key in the module instead of copying them in place?)
  warnings.warn(
/opt/conda/envs/diffsensei/lib/python3.11/site-packages/torch/nn/modules/module.py:2400: UserWarning: for layer3.0.bn2.weight: copying from a non-meta parameter in the checkpoint to a meta parameter in the current model, which is a no-op. (Did you mean to pass `assign=True` to assign items in the state dictionary to their corresponding key in the module instead of copying them in place?)
  warnings.warn(
/opt/conda/envs/diffsensei/lib/python3.11/site-packages/torch/nn/modules/module.py:2400: UserWarning: for layer3.0.bn2.bias: copying from a non-meta parameter in the checkpoint to a meta parameter in the current model, which is a no-op. (Did you mean to pass `assign=True` to assign items in the state dictionary to their corresponding key in the module instead of copying them in place?)
  warnings.warn(
/opt/conda/envs/diffsensei/lib/python3.11/site-packages/torch/nn/modules/module.py:2400: UserWarning: for layer1.0.bn1.weight: copying from a non-meta parameter in the checkpoint to a meta parameter in the current model, which is a no-op. (Did you mean to pass `assign=True` to assign items in the state dictionary to their corresponding key in the module instead of copying them in place?)
  warnings.warn(
/opt/conda/envs/diffsensei/lib/python3.11/site-packages/torch/nn/modules/module.py:2400: UserWarning: for layer1.0.bn1.bias: copying from a non-meta parameter in the checkpoint to a meta parameter in the current model, which is a no-op. (Did you mean to pass `assign=True` to assign items in the state dictionary to their corresponding key in the module instead of copying them in place?)
  warnings.warn(
/opt/conda/envs/diffsensei/lib/python3.11/site-packages/torch/nn/modules/module.py:2400: UserWarning: for bn1.weight: copying from a non-meta parameter in the checkpoint to a meta parameter in the current model, which is a no-op. (Did you mean to pass `assign=True` to assign items in the state dictionary to their corresponding key in the module instead of copying them in place?)
  warnings.warn(
/opt/conda/envs/diffsensei/lib/python3.11/site-packages/torch/nn/modules/module.py:2400: UserWarning: for layer3.0.conv3.weight: copying from a non-meta parameter in the checkpoint to a meta parameter in the current model, which is a no-op. (Did you mean to pass `assign=True` to assign items in the state dictionary to their corresponding key in the module instead of copying them in place?)
  warnings.warn(
/opt/conda/envs/diffsensei/lib/python3.11/site-packages/torch/nn/modules/module.py:2400: UserWarning: for bn1.bias: copying from a non-meta parameter in the checkpoint to a meta parameter in the current model, which is a no-op. (Did you mean to pass `assign=True` to assign items in the state dictionary to their corresponding key in the module instead of copying them in place?)
  warnings.warn(
/opt/conda/envs/diffsensei/lib/python3.11/site-packages/torch/nn/modules/module.py:2400: UserWarning: for layer1.0.conv2.weight: copying from a non-meta parameter in the checkpoint to a meta parameter in the current model, which is a no-op. (Did you mean to pass `assign=True` to assign items in the state dictionary to their corresponding key in the module instead of copying them in place?)
  warnings.warn(
/opt/conda/envs/diffsensei/lib/python3.11/site-packages/torch/nn/modules/module.py:2400: UserWarning: for layer3.0.bn3.weight: copying from a non-meta parameter in the checkpoint to a meta parameter in the current model, which is a no-op. (Did you mean to pass `assign=True` to assign items in the state dictionary to their corresponding key in the module instead of copying them in place?)
  warnings.warn(
/opt/conda/envs/diffsensei/lib/python3.11/site-packages/torch/nn/modules/module.py:2400: UserWarning: for layer1.0.bn2.weight: copying from a non-meta parameter in the checkpoint to a meta parameter in the current model, which is a no-op. (Did you mean to pass `assign=True` to assign items in the state dictionary to their corresponding key in the module instead of copying them in place?)
  warnings.warn(
/opt/conda/envs/diffsensei/lib/python3.11/site-packages/torch/nn/modules/module.py:2400: UserWarning: for layer1.0.conv1.weight: copying from a non-meta parameter in the checkpoint to a meta parameter in the current model, which is a no-op. (Did you mean to pass `assign=True` to assign items in the state dictionary to their corresponding key in the module instead of copying them in place?)
  warnings.warn(
/opt/conda/envs/diffsensei/lib/python3.11/site-packages/torch/nn/modules/module.py:2400: UserWarning: for layer3.0.bn3.bias: copying from a non-meta parameter in the checkpoint to a meta parameter in the current model, which is a no-op. (Did you mean to pass `assign=True` to assign items in the state dictionary to their corresponding key in the module instead of copying them in place?)
  warnings.warn(
/opt/conda/envs/diffsensei/lib/python3.11/site-packages/torch/nn/modules/module.py:2400: UserWarning: for layer1.0.bn2.bias: copying from a non-meta parameter in the checkpoint to a meta parameter in the current model, which is a no-op. (Did you mean to pass `assign=True` to assign items in the state dictionary to their corresponding key in the module instead of copying them in place?)
  warnings.warn(
/opt/conda/envs/diffsensei/lib/python3.11/site-packages/torch/nn/modules/module.py:2400: UserWarning: for layer1.0.bn1.weight: copying from a non-meta parameter in the checkpoint to a meta parameter in the current model, which is a no-op. (Did you mean to pass `assign=True` to assign items in the state dictionary to their corresponding key in the module instead of copying them in place?)
  warnings.warn(
/opt/conda/envs/diffsensei/lib/python3.11/site-packages/torch/nn/modules/module.py:2400: UserWarning: for layer3.0.downsample.0.weight: copying from a non-meta parameter in the checkpoint to a meta parameter in the current model, which is a no-op. (Did you mean to pass `assign=True` to assign items in the state dictionary to their corresponding key in the module instead of copying them in place?)
  warnings.warn(
/opt/conda/envs/diffsensei/lib/python3.11/site-packages/torch/nn/modules/module.py:2400: UserWarning: for layer1.0.bn1.bias: copying from a non-meta parameter in the checkpoint to a meta parameter in the current model, which is a no-op. (Did you mean to pass `assign=True` to assign items in the state dictionary to their corresponding key in the module instead of copying them in place?)
  warnings.warn(
/opt/conda/envs/diffsensei/lib/python3.11/site-packages/torch/nn/modules/module.py:2400: UserWarning: for layer3.0.downsample.1.weight: copying from a non-meta parameter in the checkpoint to a meta parameter in the current model, which is a no-op. (Did you mean to pass `assign=True` to assign items in the state dictionary to their corresponding key in the module instead of copying them in place?)
  warnings.warn(
/opt/conda/envs/diffsensei/lib/python3.11/site-packages/torch/nn/modules/module.py:2400: UserWarning: for layer1.0.conv3.weight: copying from a non-meta parameter in the checkpoint to a meta parameter in the current model, which is a no-op. (Did you mean to pass `assign=True` to assign items in the state dictionary to their corresponding key in the module instead of copying them in place?)
  warnings.warn(
/opt/conda/envs/diffsensei/lib/python3.11/site-packages/torch/nn/modules/module.py:2400: UserWarning: for layer1.0.conv2.weight: copying from a non-meta parameter in the checkpoint to a meta parameter in the current model, which is a no-op. (Did you mean to pass `assign=True` to assign items in the state dictionary to their corresponding key in the module instead of copying them in place?)
  warnings.warn(
/opt/conda/envs/diffsensei/lib/python3.11/site-packages/torch/nn/modules/module.py:2400: UserWarning: for layer3.0.downsample.1.bias: copying from a non-meta parameter in the checkpoint to a meta parameter in the current model, which is a no-op. (Did you mean to pass `assign=True` to assign items in the state dictionary to their corresponding key in the module instead of copying them in place?)
  warnings.warn(
/opt/conda/envs/diffsensei/lib/python3.11/site-packages/torch/nn/modules/module.py:2400: UserWarning: for layer1.0.bn3.weight: copying from a non-meta parameter in the checkpoint to a meta parameter in the current model, which is a no-op. (Did you mean to pass `assign=True` to assign items in the state dictionary to their corresponding key in the module instead of copying them in place?)
  warnings.warn(
/opt/conda/envs/diffsensei/lib/python3.11/site-packages/torch/nn/modules/module.py:2400: UserWarning: for layer1.0.bn2.weight: copying from a non-meta parameter in the checkpoint to a meta parameter in the current model, which is a no-op. (Did you mean to pass `assign=True` to assign items in the state dictionary to their corresponding key in the module instead of copying them in place?)
  warnings.warn(
/opt/conda/envs/diffsensei/lib/python3.11/site-packages/torch/nn/modules/module.py:2400: UserWarning: for layer1.0.bn3.bias: copying from a non-meta parameter in the checkpoint to a meta parameter in the current model, which is a no-op. (Did you mean to pass `assign=True` to assign items in the state dictionary to their corresponding key in the module instead of copying them in place?)
  warnings.warn(
/opt/conda/envs/diffsensei/lib/python3.11/site-packages/torch/nn/modules/module.py:2400: UserWarning: for layer1.0.bn2.bias: copying from a non-meta parameter in the checkpoint to a meta parameter in the current model, which is a no-op. (Did you mean to pass `assign=True` to assign items in the state dictionary to their corresponding key in the module instead of copying them in place?)
  warnings.warn(
/opt/conda/envs/diffsensei/lib/python3.11/site-packages/torch/nn/modules/module.py:2400: UserWarning: for layer3.1.conv1.weight: copying from a non-meta parameter in the checkpoint to a meta parameter in the current model, which is a no-op. (Did you mean to pass `assign=True` to assign items in the state dictionary to their corresponding key in the module instead of copying them in place?)
  warnings.warn(
/opt/conda/envs/diffsensei/lib/python3.11/site-packages/torch/nn/modules/module.py:2400: UserWarning: for layer1.0.downsample.0.weight: copying from a non-meta parameter in the checkpoint to a meta parameter in the current model, which is a no-op. (Did you mean to pass `assign=True` to assign items in the state dictionary to their corresponding key in the module instead of copying them in place?)
  warnings.warn(
/opt/conda/envs/diffsensei/lib/python3.11/site-packages/torch/nn/modules/module.py:2400: UserWarning: for layer1.0.conv3.weight: copying from a non-meta parameter in the checkpoint to a meta parameter in the current model, which is a no-op. (Did you mean to pass `assign=True` to assign items in the state dictionary to their corresponding key in the module instead of copying them in place?)
  warnings.warn(
/opt/conda/envs/diffsensei/lib/python3.11/site-packages/torch/nn/modules/module.py:2400: UserWarning: for layer3.1.bn1.weight: copying from a non-meta parameter in the checkpoint to a meta parameter in the current model, which is a no-op. (Did you mean to pass `assign=True` to assign items in the state dictionary to their corresponding key in the module instead of copying them in place?)
  warnings.warn(
/opt/conda/envs/diffsensei/lib/python3.11/site-packages/torch/nn/modules/module.py:2400: UserWarning: for layer1.0.downsample.1.weight: copying from a non-meta parameter in the checkpoint to a meta parameter in the current model, which is a no-op. (Did you mean to pass `assign=True` to assign items in the state dictionary to their corresponding key in the module instead of copying them in place?)
  warnings.warn(
/opt/conda/envs/diffsensei/lib/python3.11/site-packages/torch/nn/modules/module.py:2400: UserWarning: for layer1.0.bn3.weight: copying from a non-meta parameter in the checkpoint to a meta parameter in the current model, which is a no-op. (Did you mean to pass `assign=True` to assign items in the state dictionary to their corresponding key in the module instead of copying them in place?)
  warnings.warn(
/opt/conda/envs/diffsensei/lib/python3.11/site-packages/torch/nn/modules/module.py:2400: UserWarning: for layer3.1.bn1.bias: copying from a non-meta parameter in the checkpoint to a meta parameter in the current model, which is a no-op. (Did you mean to pass `assign=True` to assign items in the state dictionary to their corresponding key in the module instead of copying them in place?)
  warnings.warn(
/opt/conda/envs/diffsensei/lib/python3.11/site-packages/torch/nn/modules/module.py:2400: UserWarning: for layer1.0.downsample.1.bias: copying from a non-meta parameter in the checkpoint to a meta parameter in the current model, which is a no-op. (Did you mean to pass `assign=True` to assign items in the state dictionary to their corresponding key in the module instead of copying them in place?)
  warnings.warn(
/opt/conda/envs/diffsensei/lib/python3.11/site-packages/torch/nn/modules/module.py:2400: UserWarning: for layer1.0.bn3.bias: copying from a non-meta parameter in the checkpoint to a meta parameter in the current model, which is a no-op. (Did you mean to pass `assign=True` to assign items in the state dictionary to their corresponding key in the module instead of copying them in place?)
  warnings.warn(
/opt/conda/envs/diffsensei/lib/python3.11/site-packages/torch/nn/modules/module.py:2400: UserWarning: for layer3.1.conv2.weight: copying from a non-meta parameter in the checkpoint to a meta parameter in the current model, which is a no-op. (Did you mean to pass `assign=True` to assign items in the state dictionary to their corresponding key in the module instead of copying them in place?)
  warnings.warn(
/opt/conda/envs/diffsensei/lib/python3.11/site-packages/torch/nn/modules/module.py:2400: UserWarning: for layer1.0.downsample.0.weight: copying from a non-meta parameter in the checkpoint to a meta parameter in the current model, which is a no-op. (Did you mean to pass `assign=True` to assign items in the state dictionary to their corresponding key in the module instead of copying them in place?)
  warnings.warn(
/opt/conda/envs/diffsensei/lib/python3.11/site-packages/torch/nn/modules/module.py:2400: UserWarning: for layer1.1.conv1.weight: copying from a non-meta parameter in the checkpoint to a meta parameter in the current model, which is a no-op. (Did you mean to pass `assign=True` to assign items in the state dictionary to their corresponding key in the module instead of copying them in place?)
  warnings.warn(
/opt/conda/envs/diffsensei/lib/python3.11/site-packages/torch/nn/modules/module.py:2400: UserWarning: for layer3.1.bn2.weight: copying from a non-meta parameter in the checkpoint to a meta parameter in the current model, which is a no-op. (Did you mean to pass `assign=True` to assign items in the state dictionary to their corresponding key in the module instead of copying them in place?)
  warnings.warn(
/opt/conda/envs/diffsensei/lib/python3.11/site-packages/torch/nn/modules/module.py:2400: UserWarning: for layer1.0.downsample.1.weight: copying from a non-meta parameter in the checkpoint to a meta parameter in the current model, which is a no-op. (Did you mean to pass `assign=True` to assign items in the state dictionary to their corresponding key in the module instead of copying them in place?)
  warnings.warn(
/opt/conda/envs/diffsensei/lib/python3.11/site-packages/torch/nn/modules/module.py:2400: UserWarning: for layer1.1.bn1.weight: copying from a non-meta parameter in the checkpoint to a meta parameter in the current model, which is a no-op. (Did you mean to pass `assign=True` to assign items in the state dictionary to their corresponding key in the module instead of copying them in place?)
  warnings.warn(
/opt/conda/envs/diffsensei/lib/python3.11/site-packages/torch/nn/modules/module.py:2400: UserWarning: for layer3.1.bn2.bias: copying from a non-meta parameter in the checkpoint to a meta parameter in the current model, which is a no-op. (Did you mean to pass `assign=True` to assign items in the state dictionary to their corresponding key in the module instead of copying them in place?)
  warnings.warn(
/opt/conda/envs/diffsensei/lib/python3.11/site-packages/torch/nn/modules/module.py:2400: UserWarning: for layer1.0.downsample.1.bias: copying from a non-meta parameter in the checkpoint to a meta parameter in the current model, which is a no-op. (Did you mean to pass `assign=True` to assign items in the state dictionary to their corresponding key in the module instead of copying them in place?)
  warnings.warn(
/opt/conda/envs/diffsensei/lib/python3.11/site-packages/torch/nn/modules/module.py:2400: UserWarning: for layer1.1.bn1.bias: copying from a non-meta parameter in the checkpoint to a meta parameter in the current model, which is a no-op. (Did you mean to pass `assign=True` to assign items in the state dictionary to their corresponding key in the module instead of copying them in place?)
  warnings.warn(
/opt/conda/envs/diffsensei/lib/python3.11/site-packages/torch/nn/modules/module.py:2400: UserWarning: for layer3.1.conv3.weight: copying from a non-meta parameter in the checkpoint to a meta parameter in the current model, which is a no-op. (Did you mean to pass `assign=True` to assign items in the state dictionary to their corresponding key in the module instead of copying them in place?)
  warnings.warn(
/opt/conda/envs/diffsensei/lib/python3.11/site-packages/torch/nn/modules/module.py:2400: UserWarning: for layer1.1.conv2.weight: copying from a non-meta parameter in the checkpoint to a meta parameter in the current model, which is a no-op. (Did you mean to pass `assign=True` to assign items in the state dictionary to their corresponding key in the module instead of copying them in place?)
  warnings.warn(
/opt/conda/envs/diffsensei/lib/python3.11/site-packages/torch/nn/modules/module.py:2400: UserWarning: for layer1.1.conv1.weight: copying from a non-meta parameter in the checkpoint to a meta parameter in the current model, which is a no-op. (Did you mean to pass `assign=True` to assign items in the state dictionary to their corresponding key in the module instead of copying them in place?)
  warnings.warn(
/opt/conda/envs/diffsensei/lib/python3.11/site-packages/torch/nn/modules/module.py:2400: UserWarning: for layer3.1.bn3.weight: copying from a non-meta parameter in the checkpoint to a meta parameter in the current model, which is a no-op. (Did you mean to pass `assign=True` to assign items in the state dictionary to their corresponding key in the module instead of copying them in place?)
  warnings.warn(
/opt/conda/envs/diffsensei/lib/python3.11/site-packages/torch/nn/modules/module.py:2400: UserWarning: for layer1.1.bn2.weight: copying from a non-meta parameter in the checkpoint to a meta parameter in the current model, which is a no-op. (Did you mean to pass `assign=True` to assign items in the state dictionary to their corresponding key in the module instead of copying them in place?)
  warnings.warn(
/opt/conda/envs/diffsensei/lib/python3.11/site-packages/torch/nn/modules/module.py:2400: UserWarning: for layer1.1.bn1.weight: copying from a non-meta parameter in the checkpoint to a meta parameter in the current model, which is a no-op. (Did you mean to pass `assign=True` to assign items in the state dictionary to their corresponding key in the module instead of copying them in place?)
  warnings.warn(
/opt/conda/envs/diffsensei/lib/python3.11/site-packages/torch/nn/modules/module.py:2400: UserWarning: for layer3.1.bn3.bias: copying from a non-meta parameter in the checkpoint to a meta parameter in the current model, which is a no-op. (Did you mean to pass `assign=True` to assign items in the state dictionary to their corresponding key in the module instead of copying them in place?)
  warnings.warn(
/opt/conda/envs/diffsensei/lib/python3.11/site-packages/torch/nn/modules/module.py:2400: UserWarning: for layer1.1.bn2.bias: copying from a non-meta parameter in the checkpoint to a meta parameter in the current model, which is a no-op. (Did you mean to pass `assign=True` to assign items in the state dictionary to their corresponding key in the module instead of copying them in place?)
  warnings.warn(
/opt/conda/envs/diffsensei/lib/python3.11/site-packages/torch/nn/modules/module.py:2400: UserWarning: for layer1.1.bn1.bias: copying from a non-meta parameter in the checkpoint to a meta parameter in the current model, which is a no-op. (Did you mean to pass `assign=True` to assign items in the state dictionary to their corresponding key in the module instead of copying them in place?)
  warnings.warn(
/opt/conda/envs/diffsensei/lib/python3.11/site-packages/torch/nn/modules/module.py:2400: UserWarning: for layer1.1.conv2.weight: copying from a non-meta parameter in the checkpoint to a meta parameter in the current model, which is a no-op. (Did you mean to pass `assign=True` to assign items in the state dictionary to their corresponding key in the module instead of copying them in place?)
  warnings.warn(
/opt/conda/envs/diffsensei/lib/python3.11/site-packages/torch/nn/modules/module.py:2400: UserWarning: for layer3.2.conv1.weight: copying from a non-meta parameter in the checkpoint to a meta parameter in the current model, which is a no-op. (Did you mean to pass `assign=True` to assign items in the state dictionary to their corresponding key in the module instead of copying them in place?)
  warnings.warn(
/opt/conda/envs/diffsensei/lib/python3.11/site-packages/torch/nn/modules/module.py:2400: UserWarning: for layer1.1.conv3.weight: copying from a non-meta parameter in the checkpoint to a meta parameter in the current model, which is a no-op. (Did you mean to pass `assign=True` to assign items in the state dictionary to their corresponding key in the module instead of copying them in place?)
  warnings.warn(
/opt/conda/envs/diffsensei/lib/python3.11/site-packages/torch/nn/modules/module.py:2400: UserWarning: for layer1.1.bn2.weight: copying from a non-meta parameter in the checkpoint to a meta parameter in the current model, which is a no-op. (Did you mean to pass `assign=True` to assign items in the state dictionary to their corresponding key in the module instead of copying them in place?)
  warnings.warn(
/opt/conda/envs/diffsensei/lib/python3.11/site-packages/torch/nn/modules/module.py:2400: UserWarning: for layer3.2.bn1.weight: copying from a non-meta parameter in the checkpoint to a meta parameter in the current model, which is a no-op. (Did you mean to pass `assign=True` to assign items in the state dictionary to their corresponding key in the module instead of copying them in place?)
  warnings.warn(
/opt/conda/envs/diffsensei/lib/python3.11/site-packages/torch/nn/modules/module.py:2400: UserWarning: for layer1.1.bn3.weight: copying from a non-meta parameter in the checkpoint to a meta parameter in the current model, which is a no-op. (Did you mean to pass `assign=True` to assign items in the state dictionary to their corresponding key in the module instead of copying them in place?)
  warnings.warn(
/opt/conda/envs/diffsensei/lib/python3.11/site-packages/torch/nn/modules/module.py:2400: UserWarning: for layer1.1.bn2.bias: copying from a non-meta parameter in the checkpoint to a meta parameter in the current model, which is a no-op. (Did you mean to pass `assign=True` to assign items in the state dictionary to their corresponding key in the module instead of copying them in place?)
  warnings.warn(
/opt/conda/envs/diffsensei/lib/python3.11/site-packages/torch/nn/modules/module.py:2400: UserWarning: for layer3.2.bn1.bias: copying from a non-meta parameter in the checkpoint to a meta parameter in the current model, which is a no-op. (Did you mean to pass `assign=True` to assign items in the state dictionary to their corresponding key in the module instead of copying them in place?)
  warnings.warn(
/opt/conda/envs/diffsensei/lib/python3.11/site-packages/torch/nn/modules/module.py:2400: UserWarning: for layer1.1.bn3.bias: copying from a non-meta parameter in the checkpoint to a meta parameter in the current model, which is a no-op. (Did you mean to pass `assign=True` to assign items in the state dictionary to their corresponding key in the module instead of copying them in place?)
  warnings.warn(
/opt/conda/envs/diffsensei/lib/python3.11/site-packages/torch/nn/modules/module.py:2400: UserWarning: for layer3.2.conv2.weight: copying from a non-meta parameter in the checkpoint to a meta parameter in the current model, which is a no-op. (Did you mean to pass `assign=True` to assign items in the state dictionary to their corresponding key in the module instead of copying them in place?)
  warnings.warn(
/opt/conda/envs/diffsensei/lib/python3.11/site-packages/torch/nn/modules/module.py:2400: UserWarning: for layer1.1.conv3.weight: copying from a non-meta parameter in the checkpoint to a meta parameter in the current model, which is a no-op. (Did you mean to pass `assign=True` to assign items in the state dictionary to their corresponding key in the module instead of copying them in place?)
  warnings.warn(
/opt/conda/envs/diffsensei/lib/python3.11/site-packages/torch/nn/modules/module.py:2400: UserWarning: for layer1.2.conv1.weight: copying from a non-meta parameter in the checkpoint to a meta parameter in the current model, which is a no-op. (Did you mean to pass `assign=True` to assign items in the state dictionary to their corresponding key in the module instead of copying them in place?)
  warnings.warn(
/opt/conda/envs/diffsensei/lib/python3.11/site-packages/torch/nn/modules/module.py:2400: UserWarning: for layer3.2.bn2.weight: copying from a non-meta parameter in the checkpoint to a meta parameter in the current model, which is a no-op. (Did you mean to pass `assign=True` to assign items in the state dictionary to their corresponding key in the module instead of copying them in place?)
  warnings.warn(
/opt/conda/envs/diffsensei/lib/python3.11/site-packages/torch/nn/modules/module.py:2400: UserWarning: for layer1.1.bn3.weight: copying from a non-meta parameter in the checkpoint to a meta parameter in the current model, which is a no-op. (Did you mean to pass `assign=True` to assign items in the state dictionary to their corresponding key in the module instead of copying them in place?)
  warnings.warn(
/opt/conda/envs/diffsensei/lib/python3.11/site-packages/torch/nn/modules/module.py:2400: UserWarning: for layer1.2.bn1.weight: copying from a non-meta parameter in the checkpoint to a meta parameter in the current model, which is a no-op. (Did you mean to pass `assign=True` to assign items in the state dictionary to their corresponding key in the module instead of copying them in place?)
  warnings.warn(
/opt/conda/envs/diffsensei/lib/python3.11/site-packages/torch/nn/modules/module.py:2400: UserWarning: for layer3.2.bn2.bias: copying from a non-meta parameter in the checkpoint to a meta parameter in the current model, which is a no-op. (Did you mean to pass `assign=True` to assign items in the state dictionary to their corresponding key in the module instead of copying them in place?)
  warnings.warn(
/opt/conda/envs/diffsensei/lib/python3.11/site-packages/torch/nn/modules/module.py:2400: UserWarning: for layer1.1.bn3.bias: copying from a non-meta parameter in the checkpoint to a meta parameter in the current model, which is a no-op. (Did you mean to pass `assign=True` to assign items in the state dictionary to their corresponding key in the module instead of copying them in place?)
  warnings.warn(
/opt/conda/envs/diffsensei/lib/python3.11/site-packages/torch/nn/modules/module.py:2400: UserWarning: for layer1.2.bn1.bias: copying from a non-meta parameter in the checkpoint to a meta parameter in the current model, which is a no-op. (Did you mean to pass `assign=True` to assign items in the state dictionary to their corresponding key in the module instead of copying them in place?)
  warnings.warn(
/opt/conda/envs/diffsensei/lib/python3.11/site-packages/torch/nn/modules/module.py:2400: UserWarning: for layer3.2.conv3.weight: copying from a non-meta parameter in the checkpoint to a meta parameter in the current model, which is a no-op. (Did you mean to pass `assign=True` to assign items in the state dictionary to their corresponding key in the module instead of copying them in place?)
  warnings.warn(
/opt/conda/envs/diffsensei/lib/python3.11/site-packages/torch/nn/modules/module.py:2400: UserWarning: for layer1.2.conv2.weight: copying from a non-meta parameter in the checkpoint to a meta parameter in the current model, which is a no-op. (Did you mean to pass `assign=True` to assign items in the state dictionary to their corresponding key in the module instead of copying them in place?)
  warnings.warn(
/opt/conda/envs/diffsensei/lib/python3.11/site-packages/torch/nn/modules/module.py:2400: UserWarning: for layer1.2.conv1.weight: copying from a non-meta parameter in the checkpoint to a meta parameter in the current model, which is a no-op. (Did you mean to pass `assign=True` to assign items in the state dictionary to their corresponding key in the module instead of copying them in place?)
  warnings.warn(
/opt/conda/envs/diffsensei/lib/python3.11/site-packages/torch/nn/modules/module.py:2400: UserWarning: for layer3.2.bn3.weight: copying from a non-meta parameter in the checkpoint to a meta parameter in the current model, which is a no-op. (Did you mean to pass `assign=True` to assign items in the state dictionary to their corresponding key in the module instead of copying them in place?)
  warnings.warn(
/opt/conda/envs/diffsensei/lib/python3.11/site-packages/torch/nn/modules/module.py:2400: UserWarning: for layer3.2.bn3.bias: copying from a non-meta parameter in the checkpoint to a meta parameter in the current model, which is a no-op. (Did you mean to pass `assign=True` to assign items in the state dictionary to their corresponding key in the module instead of copying them in place?)
  warnings.warn(
/opt/conda/envs/diffsensei/lib/python3.11/site-packages/torch/nn/modules/module.py:2400: UserWarning: for layer1.2.bn2.weight: copying from a non-meta parameter in the checkpoint to a meta parameter in the current model, which is a no-op. (Did you mean to pass `assign=True` to assign items in the state dictionary to their corresponding key in the module instead of copying them in place?)
  warnings.warn(
/opt/conda/envs/diffsensei/lib/python3.11/site-packages/torch/nn/modules/module.py:2400: UserWarning: for layer1.2.bn1.weight: copying from a non-meta parameter in the checkpoint to a meta parameter in the current model, which is a no-op. (Did you mean to pass `assign=True` to assign items in the state dictionary to their corresponding key in the module instead of copying them in place?)
  warnings.warn(
/opt/conda/envs/diffsensei/lib/python3.11/site-packages/torch/nn/modules/module.py:2400: UserWarning: for layer1.2.bn2.bias: copying from a non-meta parameter in the checkpoint to a meta parameter in the current model, which is a no-op. (Did you mean to pass `assign=True` to assign items in the state dictionary to their corresponding key in the module instead of copying them in place?)
  warnings.warn(
/opt/conda/envs/diffsensei/lib/python3.11/site-packages/torch/nn/modules/module.py:2400: UserWarning: for layer1.2.bn1.bias: copying from a non-meta parameter in the checkpoint to a meta parameter in the current model, which is a no-op. (Did you mean to pass `assign=True` to assign items in the state dictionary to their corresponding key in the module instead of copying them in place?)
  warnings.warn(
/opt/conda/envs/diffsensei/lib/python3.11/site-packages/torch/nn/modules/module.py:2400: UserWarning: for layer3.3.conv1.weight: copying from a non-meta parameter in the checkpoint to a meta parameter in the current model, which is a no-op. (Did you mean to pass `assign=True` to assign items in the state dictionary to their corresponding key in the module instead of copying them in place?)
  warnings.warn(
/opt/conda/envs/diffsensei/lib/python3.11/site-packages/torch/nn/modules/module.py:2400: UserWarning: for layer3.3.bn1.weight: copying from a non-meta parameter in the checkpoint to a meta parameter in the current model, which is a no-op. (Did you mean to pass `assign=True` to assign items in the state dictionary to their corresponding key in the module instead of copying them in place?)
  warnings.warn(
/opt/conda/envs/diffsensei/lib/python3.11/site-packages/torch/nn/modules/module.py:2400: UserWarning: for layer3.3.bn1.bias: copying from a non-meta parameter in the checkpoint to a meta parameter in the current model, which is a no-op. (Did you mean to pass `assign=True` to assign items in the state dictionary to their corresponding key in the module instead of copying them in place?)
  warnings.warn(
/opt/conda/envs/diffsensei/lib/python3.11/site-packages/torch/nn/modules/module.py:2400: UserWarning: for layer1.2.conv2.weight: copying from a non-meta parameter in the checkpoint to a meta parameter in the current model, which is a no-op. (Did you mean to pass `assign=True` to assign items in the state dictionary to their corresponding key in the module instead of copying them in place?)
  warnings.warn(
/opt/conda/envs/diffsensei/lib/python3.11/site-packages/torch/nn/modules/module.py:2400: UserWarning: for layer1.2.conv3.weight: copying from a non-meta parameter in the checkpoint to a meta parameter in the current model, which is a no-op. (Did you mean to pass `assign=True` to assign items in the state dictionary to their corresponding key in the module instead of copying them in place?)
  warnings.warn(
/opt/conda/envs/diffsensei/lib/python3.11/site-packages/torch/nn/modules/module.py:2400: UserWarning: for layer1.2.bn2.weight: copying from a non-meta parameter in the checkpoint to a meta parameter in the current model, which is a no-op. (Did you mean to pass `assign=True` to assign items in the state dictionary to their corresponding key in the module instead of copying them in place?)
  warnings.warn(
/opt/conda/envs/diffsensei/lib/python3.11/site-packages/torch/nn/modules/module.py:2400: UserWarning: for layer3.3.conv2.weight: copying from a non-meta parameter in the checkpoint to a meta parameter in the current model, which is a no-op. (Did you mean to pass `assign=True` to assign items in the state dictionary to their corresponding key in the module instead of copying them in place?)
  warnings.warn(
/opt/conda/envs/diffsensei/lib/python3.11/site-packages/torch/nn/modules/module.py:2400: UserWarning: for layer1.2.bn3.weight: copying from a non-meta parameter in the checkpoint to a meta parameter in the current model, which is a no-op. (Did you mean to pass `assign=True` to assign items in the state dictionary to their corresponding key in the module instead of copying them in place?)
  warnings.warn(
/opt/conda/envs/diffsensei/lib/python3.11/site-packages/torch/nn/modules/module.py:2400: UserWarning: for layer1.2.bn2.bias: copying from a non-meta parameter in the checkpoint to a meta parameter in the current model, which is a no-op. (Did you mean to pass `assign=True` to assign items in the state dictionary to their corresponding key in the module instead of copying them in place?)
  warnings.warn(
/opt/conda/envs/diffsensei/lib/python3.11/site-packages/torch/nn/modules/module.py:2400: UserWarning: for layer1.2.bn3.bias: copying from a non-meta parameter in the checkpoint to a meta parameter in the current model, which is a no-op. (Did you mean to pass `assign=True` to assign items in the state dictionary to their corresponding key in the module instead of copying them in place?)
  warnings.warn(
/opt/conda/envs/diffsensei/lib/python3.11/site-packages/torch/nn/modules/module.py:2400: UserWarning: for layer3.3.bn2.weight: copying from a non-meta parameter in the checkpoint to a meta parameter in the current model, which is a no-op. (Did you mean to pass `assign=True` to assign items in the state dictionary to their corresponding key in the module instead of copying them in place?)
  warnings.warn(
/opt/conda/envs/diffsensei/lib/python3.11/site-packages/torch/nn/modules/module.py:2400: UserWarning: for layer3.3.bn2.bias: copying from a non-meta parameter in the checkpoint to a meta parameter in the current model, which is a no-op. (Did you mean to pass `assign=True` to assign items in the state dictionary to their corresponding key in the module instead of copying them in place?)
  warnings.warn(
/opt/conda/envs/diffsensei/lib/python3.11/site-packages/torch/nn/modules/module.py:2400: UserWarning: for layer1.2.conv3.weight: copying from a non-meta parameter in the checkpoint to a meta parameter in the current model, which is a no-op. (Did you mean to pass `assign=True` to assign items in the state dictionary to their corresponding key in the module instead of copying them in place?)
  warnings.warn(
/opt/conda/envs/diffsensei/lib/python3.11/site-packages/torch/nn/modules/module.py:2400: UserWarning: for layer3.3.conv3.weight: copying from a non-meta parameter in the checkpoint to a meta parameter in the current model, which is a no-op. (Did you mean to pass `assign=True` to assign items in the state dictionary to their corresponding key in the module instead of copying them in place?)
  warnings.warn(
/opt/conda/envs/diffsensei/lib/python3.11/site-packages/torch/nn/modules/module.py:2400: UserWarning: for layer1.2.bn3.weight: copying from a non-meta parameter in the checkpoint to a meta parameter in the current model, which is a no-op. (Did you mean to pass `assign=True` to assign items in the state dictionary to their corresponding key in the module instead of copying them in place?)
  warnings.warn(
/opt/conda/envs/diffsensei/lib/python3.11/site-packages/torch/nn/modules/module.py:2400: UserWarning: for layer3.3.bn3.weight: copying from a non-meta parameter in the checkpoint to a meta parameter in the current model, which is a no-op. (Did you mean to pass `assign=True` to assign items in the state dictionary to their corresponding key in the module instead of copying them in place?)
  warnings.warn(
/opt/conda/envs/diffsensei/lib/python3.11/site-packages/torch/nn/modules/module.py:2400: UserWarning: for layer1.2.bn3.bias: copying from a non-meta parameter in the checkpoint to a meta parameter in the current model, which is a no-op. (Did you mean to pass `assign=True` to assign items in the state dictionary to their corresponding key in the module instead of copying them in place?)
  warnings.warn(
/opt/conda/envs/diffsensei/lib/python3.11/site-packages/torch/nn/modules/module.py:2400: UserWarning: for layer3.3.bn3.bias: copying from a non-meta parameter in the checkpoint to a meta parameter in the current model, which is a no-op. (Did you mean to pass `assign=True` to assign items in the state dictionary to their corresponding key in the module instead of copying them in place?)
  warnings.warn(
/opt/conda/envs/diffsensei/lib/python3.11/site-packages/torch/nn/modules/module.py:2400: UserWarning: for layer2.0.conv1.weight: copying from a non-meta parameter in the checkpoint to a meta parameter in the current model, which is a no-op. (Did you mean to pass `assign=True` to assign items in the state dictionary to their corresponding key in the module instead of copying them in place?)
  warnings.warn(
/opt/conda/envs/diffsensei/lib/python3.11/site-packages/torch/nn/modules/module.py:2400: UserWarning: for layer2.0.bn1.weight: copying from a non-meta parameter in the checkpoint to a meta parameter in the current model, which is a no-op. (Did you mean to pass `assign=True` to assign items in the state dictionary to their corresponding key in the module instead of copying them in place?)
  warnings.warn(
/opt/conda/envs/diffsensei/lib/python3.11/site-packages/torch/nn/modules/module.py:2400: UserWarning: for layer3.4.conv1.weight: copying from a non-meta parameter in the checkpoint to a meta parameter in the current model, which is a no-op. (Did you mean to pass `assign=True` to assign items in the state dictionary to their corresponding key in the module instead of copying them in place?)
  warnings.warn(
/opt/conda/envs/diffsensei/lib/python3.11/site-packages/torch/nn/modules/module.py:2400: UserWarning: for layer2.0.bn1.bias: copying from a non-meta parameter in the checkpoint to a meta parameter in the current model, which is a no-op. (Did you mean to pass `assign=True` to assign items in the state dictionary to their corresponding key in the module instead of copying them in place?)
  warnings.warn(
/opt/conda/envs/diffsensei/lib/python3.11/site-packages/torch/nn/modules/module.py:2400: UserWarning: for layer3.4.bn1.weight: copying from a non-meta parameter in the checkpoint to a meta parameter in the current model, which is a no-op. (Did you mean to pass `assign=True` to assign items in the state dictionary to their corresponding key in the module instead of copying them in place?)
  warnings.warn(
/opt/conda/envs/diffsensei/lib/python3.11/site-packages/torch/nn/modules/module.py:2400: UserWarning: for layer3.4.bn1.bias: copying from a non-meta parameter in the checkpoint to a meta parameter in the current model, which is a no-op. (Did you mean to pass `assign=True` to assign items in the state dictionary to their corresponding key in the module instead of copying them in place?)
  warnings.warn(
/opt/conda/envs/diffsensei/lib/python3.11/site-packages/torch/nn/modules/module.py:2400: UserWarning: for layer2.0.conv1.weight: copying from a non-meta parameter in the checkpoint to a meta parameter in the current model, which is a no-op. (Did you mean to pass `assign=True` to assign items in the state dictionary to their corresponding key in the module instead of copying them in place?)
  warnings.warn(
/opt/conda/envs/diffsensei/lib/python3.11/site-packages/torch/nn/modules/module.py:2400: UserWarning: for layer2.0.conv2.weight: copying from a non-meta parameter in the checkpoint to a meta parameter in the current model, which is a no-op. (Did you mean to pass `assign=True` to assign items in the state dictionary to their corresponding key in the module instead of copying them in place?)
  warnings.warn(
/opt/conda/envs/diffsensei/lib/python3.11/site-packages/torch/nn/modules/module.py:2400: UserWarning: for layer2.0.bn1.weight: copying from a non-meta parameter in the checkpoint to a meta parameter in the current model, which is a no-op. (Did you mean to pass `assign=True` to assign items in the state dictionary to their corresponding key in the module instead of copying them in place?)
  warnings.warn(
/opt/conda/envs/diffsensei/lib/python3.11/site-packages/torch/nn/modules/module.py:2400: UserWarning: for layer2.0.bn2.weight: copying from a non-meta parameter in the checkpoint to a meta parameter in the current model, which is a no-op. (Did you mean to pass `assign=True` to assign items in the state dictionary to their corresponding key in the module instead of copying them in place?)
  warnings.warn(
/opt/conda/envs/diffsensei/lib/python3.11/site-packages/torch/nn/modules/module.py:2400: UserWarning: for layer2.0.bn1.bias: copying from a non-meta parameter in the checkpoint to a meta parameter in the current model, which is a no-op. (Did you mean to pass `assign=True` to assign items in the state dictionary to their corresponding key in the module instead of copying them in place?)
  warnings.warn(
/opt/conda/envs/diffsensei/lib/python3.11/site-packages/torch/nn/modules/module.py:2400: UserWarning: for layer3.4.conv2.weight: copying from a non-meta parameter in the checkpoint to a meta parameter in the current model, which is a no-op. (Did you mean to pass `assign=True` to assign items in the state dictionary to their corresponding key in the module instead of copying them in place?)
  warnings.warn(
/opt/conda/envs/diffsensei/lib/python3.11/site-packages/torch/nn/modules/module.py:2400: UserWarning: for layer2.0.bn2.bias: copying from a non-meta parameter in the checkpoint to a meta parameter in the current model, which is a no-op. (Did you mean to pass `assign=True` to assign items in the state dictionary to their corresponding key in the module instead of copying them in place?)
  warnings.warn(
/opt/conda/envs/diffsensei/lib/python3.11/site-packages/torch/nn/modules/module.py:2400: UserWarning: for layer3.4.bn2.weight: copying from a non-meta parameter in the checkpoint to a meta parameter in the current model, which is a no-op. (Did you mean to pass `assign=True` to assign items in the state dictionary to their corresponding key in the module instead of copying them in place?)
  warnings.warn(
/opt/conda/envs/diffsensei/lib/python3.11/site-packages/torch/nn/modules/module.py:2400: UserWarning: for layer3.4.bn2.bias: copying from a non-meta parameter in the checkpoint to a meta parameter in the current model, which is a no-op. (Did you mean to pass `assign=True` to assign items in the state dictionary to their corresponding key in the module instead of copying them in place?)
  warnings.warn(
/opt/conda/envs/diffsensei/lib/python3.11/site-packages/torch/nn/modules/module.py:2400: UserWarning: for layer2.0.conv2.weight: copying from a non-meta parameter in the checkpoint to a meta parameter in the current model, which is a no-op. (Did you mean to pass `assign=True` to assign items in the state dictionary to their corresponding key in the module instead of copying them in place?)
  warnings.warn(
/opt/conda/envs/diffsensei/lib/python3.11/site-packages/torch/nn/modules/module.py:2400: UserWarning: for layer2.0.conv3.weight: copying from a non-meta parameter in the checkpoint to a meta parameter in the current model, which is a no-op. (Did you mean to pass `assign=True` to assign items in the state dictionary to their corresponding key in the module instead of copying them in place?)
  warnings.warn(
/opt/conda/envs/diffsensei/lib/python3.11/site-packages/torch/nn/modules/module.py:2400: UserWarning: for layer2.0.bn2.weight: copying from a non-meta parameter in the checkpoint to a meta parameter in the current model, which is a no-op. (Did you mean to pass `assign=True` to assign items in the state dictionary to their corresponding key in the module instead of copying them in place?)
  warnings.warn(
/opt/conda/envs/diffsensei/lib/python3.11/site-packages/torch/nn/modules/module.py:2400: UserWarning: for layer2.0.bn3.weight: copying from a non-meta parameter in the checkpoint to a meta parameter in the current model, which is a no-op. (Did you mean to pass `assign=True` to assign items in the state dictionary to their corresponding key in the module instead of copying them in place?)
  warnings.warn(
/opt/conda/envs/diffsensei/lib/python3.11/site-packages/torch/nn/modules/module.py:2400: UserWarning: for layer2.0.bn2.bias: copying from a non-meta parameter in the checkpoint to a meta parameter in the current model, which is a no-op. (Did you mean to pass `assign=True` to assign items in the state dictionary to their corresponding key in the module instead of copying them in place?)
  warnings.warn(
/opt/conda/envs/diffsensei/lib/python3.11/site-packages/torch/nn/modules/module.py:2400: UserWarning: for layer2.0.bn3.bias: copying from a non-meta parameter in the checkpoint to a meta parameter in the current model, which is a no-op. (Did you mean to pass `assign=True` to assign items in the state dictionary to their corresponding key in the module instead of copying them in place?)
  warnings.warn(
/opt/conda/envs/diffsensei/lib/python3.11/site-packages/torch/nn/modules/module.py:2400: UserWarning: for layer3.4.conv3.weight: copying from a non-meta parameter in the checkpoint to a meta parameter in the current model, which is a no-op. (Did you mean to pass `assign=True` to assign items in the state dictionary to their corresponding key in the module instead of copying them in place?)
  warnings.warn(
/opt/conda/envs/diffsensei/lib/python3.11/site-packages/torch/nn/modules/module.py:2400: UserWarning: for layer3.4.bn3.weight: copying from a non-meta parameter in the checkpoint to a meta parameter in the current model, which is a no-op. (Did you mean to pass `assign=True` to assign items in the state dictionary to their corresponding key in the module instead of copying them in place?)
  warnings.warn(
/opt/conda/envs/diffsensei/lib/python3.11/site-packages/torch/nn/modules/module.py:2400: UserWarning: for layer3.4.bn3.bias: copying from a non-meta parameter in the checkpoint to a meta parameter in the current model, which is a no-op. (Did you mean to pass `assign=True` to assign items in the state dictionary to their corresponding key in the module instead of copying them in place?)
  warnings.warn(
/opt/conda/envs/diffsensei/lib/python3.11/site-packages/torch/nn/modules/module.py:2400: UserWarning: for layer2.0.conv3.weight: copying from a non-meta parameter in the checkpoint to a meta parameter in the current model, which is a no-op. (Did you mean to pass `assign=True` to assign items in the state dictionary to their corresponding key in the module instead of copying them in place?)
  warnings.warn(
/opt/conda/envs/diffsensei/lib/python3.11/site-packages/torch/nn/modules/module.py:2400: UserWarning: for layer2.0.downsample.0.weight: copying from a non-meta parameter in the checkpoint to a meta parameter in the current model, which is a no-op. (Did you mean to pass `assign=True` to assign items in the state dictionary to their corresponding key in the module instead of copying them in place?)
  warnings.warn(
/opt/conda/envs/diffsensei/lib/python3.11/site-packages/torch/nn/modules/module.py:2400: UserWarning: for layer2.0.bn3.weight: copying from a non-meta parameter in the checkpoint to a meta parameter in the current model, which is a no-op. (Did you mean to pass `assign=True` to assign items in the state dictionary to their corresponding key in the module instead of copying them in place?)
  warnings.warn(
/opt/conda/envs/diffsensei/lib/python3.11/site-packages/torch/nn/modules/module.py:2400: UserWarning: for layer2.0.downsample.1.weight: copying from a non-meta parameter in the checkpoint to a meta parameter in the current model, which is a no-op. (Did you mean to pass `assign=True` to assign items in the state dictionary to their corresponding key in the module instead of copying them in place?)
  warnings.warn(
/opt/conda/envs/diffsensei/lib/python3.11/site-packages/torch/nn/modules/module.py:2400: UserWarning: for layer2.0.bn3.bias: copying from a non-meta parameter in the checkpoint to a meta parameter in the current model, which is a no-op. (Did you mean to pass `assign=True` to assign items in the state dictionary to their corresponding key in the module instead of copying them in place?)
  warnings.warn(
/opt/conda/envs/diffsensei/lib/python3.11/site-packages/torch/nn/modules/module.py:2400: UserWarning: for layer2.0.downsample.1.bias: copying from a non-meta parameter in the checkpoint to a meta parameter in the current model, which is a no-op. (Did you mean to pass `assign=True` to assign items in the state dictionary to their corresponding key in the module instead of copying them in place?)
  warnings.warn(
/opt/conda/envs/diffsensei/lib/python3.11/site-packages/torch/nn/modules/module.py:2400: UserWarning: for layer3.5.conv1.weight: copying from a non-meta parameter in the checkpoint to a meta parameter in the current model, which is a no-op. (Did you mean to pass `assign=True` to assign items in the state dictionary to their corresponding key in the module instead of copying them in place?)
  warnings.warn(
/opt/conda/envs/diffsensei/lib/python3.11/site-packages/torch/nn/modules/module.py:2400: UserWarning: for layer3.5.bn1.weight: copying from a non-meta parameter in the checkpoint to a meta parameter in the current model, which is a no-op. (Did you mean to pass `assign=True` to assign items in the state dictionary to their corresponding key in the module instead of copying them in place?)
  warnings.warn(
/opt/conda/envs/diffsensei/lib/python3.11/site-packages/torch/nn/modules/module.py:2400: UserWarning: for layer3.5.bn1.bias: copying from a non-meta parameter in the checkpoint to a meta parameter in the current model, which is a no-op. (Did you mean to pass `assign=True` to assign items in the state dictionary to their corresponding key in the module instead of copying them in place?)
  warnings.warn(
/opt/conda/envs/diffsensei/lib/python3.11/site-packages/torch/nn/modules/module.py:2400: UserWarning: for layer2.0.downsample.0.weight: copying from a non-meta parameter in the checkpoint to a meta parameter in the current model, which is a no-op. (Did you mean to pass `assign=True` to assign items in the state dictionary to their corresponding key in the module instead of copying them in place?)
  warnings.warn(
/opt/conda/envs/diffsensei/lib/python3.11/site-packages/torch/nn/modules/module.py:2400: UserWarning: for layer2.1.conv1.weight: copying from a non-meta parameter in the checkpoint to a meta parameter in the current model, which is a no-op. (Did you mean to pass `assign=True` to assign items in the state dictionary to their corresponding key in the module instead of copying them in place?)
  warnings.warn(
/opt/conda/envs/diffsensei/lib/python3.11/site-packages/torch/nn/modules/module.py:2400: UserWarning: for layer2.0.downsample.1.weight: copying from a non-meta parameter in the checkpoint to a meta parameter in the current model, which is a no-op. (Did you mean to pass `assign=True` to assign items in the state dictionary to their corresponding key in the module instead of copying them in place?)
  warnings.warn(
/opt/conda/envs/diffsensei/lib/python3.11/site-packages/torch/nn/modules/module.py:2400: UserWarning: for layer2.1.bn1.weight: copying from a non-meta parameter in the checkpoint to a meta parameter in the current model, which is a no-op. (Did you mean to pass `assign=True` to assign items in the state dictionary to their corresponding key in the module instead of copying them in place?)
  warnings.warn(
/opt/conda/envs/diffsensei/lib/python3.11/site-packages/torch/nn/modules/module.py:2400: UserWarning: for layer2.0.downsample.1.bias: copying from a non-meta parameter in the checkpoint to a meta parameter in the current model, which is a no-op. (Did you mean to pass `assign=True` to assign items in the state dictionary to their corresponding key in the module instead of copying them in place?)
  warnings.warn(
/opt/conda/envs/diffsensei/lib/python3.11/site-packages/torch/nn/modules/module.py:2400: UserWarning: for layer3.5.conv2.weight: copying from a non-meta parameter in the checkpoint to a meta parameter in the current model, which is a no-op. (Did you mean to pass `assign=True` to assign items in the state dictionary to their corresponding key in the module instead of copying them in place?)
  warnings.warn(
/opt/conda/envs/diffsensei/lib/python3.11/site-packages/torch/nn/modules/module.py:2400: UserWarning: for layer2.1.bn1.bias: copying from a non-meta parameter in the checkpoint to a meta parameter in the current model, which is a no-op. (Did you mean to pass `assign=True` to assign items in the state dictionary to their corresponding key in the module instead of copying them in place?)
  warnings.warn(
/opt/conda/envs/diffsensei/lib/python3.11/site-packages/torch/nn/modules/module.py:2400: UserWarning: for layer3.5.bn2.weight: copying from a non-meta parameter in the checkpoint to a meta parameter in the current model, which is a no-op. (Did you mean to pass `assign=True` to assign items in the state dictionary to their corresponding key in the module instead of copying them in place?)
  warnings.warn(
/opt/conda/envs/diffsensei/lib/python3.11/site-packages/torch/nn/modules/module.py:2400: UserWarning: for layer3.5.bn2.bias: copying from a non-meta parameter in the checkpoint to a meta parameter in the current model, which is a no-op. (Did you mean to pass `assign=True` to assign items in the state dictionary to their corresponding key in the module instead of copying them in place?)
  warnings.warn(
/opt/conda/envs/diffsensei/lib/python3.11/site-packages/torch/nn/modules/module.py:2400: UserWarning: for layer2.1.conv2.weight: copying from a non-meta parameter in the checkpoint to a meta parameter in the current model, which is a no-op. (Did you mean to pass `assign=True` to assign items in the state dictionary to their corresponding key in the module instead of copying them in place?)
  warnings.warn(
/opt/conda/envs/diffsensei/lib/python3.11/site-packages/torch/nn/modules/module.py:2400: UserWarning: for layer2.1.conv1.weight: copying from a non-meta parameter in the checkpoint to a meta parameter in the current model, which is a no-op. (Did you mean to pass `assign=True` to assign items in the state dictionary to their corresponding key in the module instead of copying them in place?)
  warnings.warn(
/opt/conda/envs/diffsensei/lib/python3.11/site-packages/torch/nn/modules/module.py:2400: UserWarning: for layer2.1.bn2.weight: copying from a non-meta parameter in the checkpoint to a meta parameter in the current model, which is a no-op. (Did you mean to pass `assign=True` to assign items in the state dictionary to their corresponding key in the module instead of copying them in place?)
  warnings.warn(
/opt/conda/envs/diffsensei/lib/python3.11/site-packages/torch/nn/modules/module.py:2400: UserWarning: for layer2.1.bn1.weight: copying from a non-meta parameter in the checkpoint to a meta parameter in the current model, which is a no-op. (Did you mean to pass `assign=True` to assign items in the state dictionary to their corresponding key in the module instead of copying them in place?)
  warnings.warn(
/opt/conda/envs/diffsensei/lib/python3.11/site-packages/torch/nn/modules/module.py:2400: UserWarning: for layer2.1.bn1.bias: copying from a non-meta parameter in the checkpoint to a meta parameter in the current model, which is a no-op. (Did you mean to pass `assign=True` to assign items in the state dictionary to their corresponding key in the module instead of copying them in place?)
  warnings.warn(
/opt/conda/envs/diffsensei/lib/python3.11/site-packages/torch/nn/modules/module.py:2400: UserWarning: for layer2.1.bn2.bias: copying from a non-meta parameter in the checkpoint to a meta parameter in the current model, which is a no-op. (Did you mean to pass `assign=True` to assign items in the state dictionary to their corresponding key in the module instead of copying them in place?)
  warnings.warn(
/opt/conda/envs/diffsensei/lib/python3.11/site-packages/torch/nn/modules/module.py:2400: UserWarning: for layer3.5.conv3.weight: copying from a non-meta parameter in the checkpoint to a meta parameter in the current model, which is a no-op. (Did you mean to pass `assign=True` to assign items in the state dictionary to their corresponding key in the module instead of copying them in place?)
  warnings.warn(
/opt/conda/envs/diffsensei/lib/python3.11/site-packages/torch/nn/modules/module.py:2400: UserWarning: for layer3.5.bn3.weight: copying from a non-meta parameter in the checkpoint to a meta parameter in the current model, which is a no-op. (Did you mean to pass `assign=True` to assign items in the state dictionary to their corresponding key in the module instead of copying them in place?)
  warnings.warn(
/opt/conda/envs/diffsensei/lib/python3.11/site-packages/torch/nn/modules/module.py:2400: UserWarning: for layer3.5.bn3.bias: copying from a non-meta parameter in the checkpoint to a meta parameter in the current model, which is a no-op. (Did you mean to pass `assign=True` to assign items in the state dictionary to their corresponding key in the module instead of copying them in place?)
  warnings.warn(
/opt/conda/envs/diffsensei/lib/python3.11/site-packages/torch/nn/modules/module.py:2400: UserWarning: for layer2.1.conv2.weight: copying from a non-meta parameter in the checkpoint to a meta parameter in the current model, which is a no-op. (Did you mean to pass `assign=True` to assign items in the state dictionary to their corresponding key in the module instead of copying them in place?)
  warnings.warn(
/opt/conda/envs/diffsensei/lib/python3.11/site-packages/torch/nn/modules/module.py:2400: UserWarning: for layer2.1.conv3.weight: copying from a non-meta parameter in the checkpoint to a meta parameter in the current model, which is a no-op. (Did you mean to pass `assign=True` to assign items in the state dictionary to their corresponding key in the module instead of copying them in place?)
  warnings.warn(
/opt/conda/envs/diffsensei/lib/python3.11/site-packages/torch/nn/modules/module.py:2400: UserWarning: for layer2.1.bn2.weight: copying from a non-meta parameter in the checkpoint to a meta parameter in the current model, which is a no-op. (Did you mean to pass `assign=True` to assign items in the state dictionary to their corresponding key in the module instead of copying them in place?)
  warnings.warn(
/opt/conda/envs/diffsensei/lib/python3.11/site-packages/torch/nn/modules/module.py:2400: UserWarning: for layer2.1.bn3.weight: copying from a non-meta parameter in the checkpoint to a meta parameter in the current model, which is a no-op. (Did you mean to pass `assign=True` to assign items in the state dictionary to their corresponding key in the module instead of copying them in place?)
  warnings.warn(
/opt/conda/envs/diffsensei/lib/python3.11/site-packages/torch/nn/modules/module.py:2400: UserWarning: for layer2.1.bn2.bias: copying from a non-meta parameter in the checkpoint to a meta parameter in the current model, which is a no-op. (Did you mean to pass `assign=True` to assign items in the state dictionary to their corresponding key in the module instead of copying them in place?)
  warnings.warn(
/opt/conda/envs/diffsensei/lib/python3.11/site-packages/torch/nn/modules/module.py:2400: UserWarning: for layer2.1.bn3.bias: copying from a non-meta parameter in the checkpoint to a meta parameter in the current model, which is a no-op. (Did you mean to pass `assign=True` to assign items in the state dictionary to their corresponding key in the module instead of copying them in place?)
  warnings.warn(
/opt/conda/envs/diffsensei/lib/python3.11/site-packages/torch/nn/modules/module.py:2400: UserWarning: for layer4.0.conv1.weight: copying from a non-meta parameter in the checkpoint to a meta parameter in the current model, which is a no-op. (Did you mean to pass `assign=True` to assign items in the state dictionary to their corresponding key in the module instead of copying them in place?)
  warnings.warn(
/opt/conda/envs/diffsensei/lib/python3.11/site-packages/torch/nn/modules/module.py:2400: UserWarning: for layer2.1.conv3.weight: copying from a non-meta parameter in the checkpoint to a meta parameter in the current model, which is a no-op. (Did you mean to pass `assign=True` to assign items in the state dictionary to their corresponding key in the module instead of copying them in place?)
  warnings.warn(
/opt/conda/envs/diffsensei/lib/python3.11/site-packages/torch/nn/modules/module.py:2400: UserWarning: for layer2.2.conv1.weight: copying from a non-meta parameter in the checkpoint to a meta parameter in the current model, which is a no-op. (Did you mean to pass `assign=True` to assign items in the state dictionary to their corresponding key in the module instead of copying them in place?)
  warnings.warn(
/opt/conda/envs/diffsensei/lib/python3.11/site-packages/torch/nn/modules/module.py:2400: UserWarning: for layer4.0.bn1.weight: copying from a non-meta parameter in the checkpoint to a meta parameter in the current model, which is a no-op. (Did you mean to pass `assign=True` to assign items in the state dictionary to their corresponding key in the module instead of copying them in place?)
  warnings.warn(
/opt/conda/envs/diffsensei/lib/python3.11/site-packages/torch/nn/modules/module.py:2400: UserWarning: for layer2.1.bn3.weight: copying from a non-meta parameter in the checkpoint to a meta parameter in the current model, which is a no-op. (Did you mean to pass `assign=True` to assign items in the state dictionary to their corresponding key in the module instead of copying them in place?)
  warnings.warn(
/opt/conda/envs/diffsensei/lib/python3.11/site-packages/torch/nn/modules/module.py:2400: UserWarning: for layer2.2.bn1.weight: copying from a non-meta parameter in the checkpoint to a meta parameter in the current model, which is a no-op. (Did you mean to pass `assign=True` to assign items in the state dictionary to their corresponding key in the module instead of copying them in place?)
  warnings.warn(
/opt/conda/envs/diffsensei/lib/python3.11/site-packages/torch/nn/modules/module.py:2400: UserWarning: for layer4.0.bn1.bias: copying from a non-meta parameter in the checkpoint to a meta parameter in the current model, which is a no-op. (Did you mean to pass `assign=True` to assign items in the state dictionary to their corresponding key in the module instead of copying them in place?)
  warnings.warn(
/opt/conda/envs/diffsensei/lib/python3.11/site-packages/torch/nn/modules/module.py:2400: UserWarning: for layer2.1.bn3.bias: copying from a non-meta parameter in the checkpoint to a meta parameter in the current model, which is a no-op. (Did you mean to pass `assign=True` to assign items in the state dictionary to their corresponding key in the module instead of copying them in place?)
  warnings.warn(
/opt/conda/envs/diffsensei/lib/python3.11/site-packages/torch/nn/modules/module.py:2400: UserWarning: for layer2.2.bn1.bias: copying from a non-meta parameter in the checkpoint to a meta parameter in the current model, which is a no-op. (Did you mean to pass `assign=True` to assign items in the state dictionary to their corresponding key in the module instead of copying them in place?)
  warnings.warn(
/opt/conda/envs/diffsensei/lib/python3.11/site-packages/torch/nn/modules/module.py:2400: UserWarning: for layer4.0.conv2.weight: copying from a non-meta parameter in the checkpoint to a meta parameter in the current model, which is a no-op. (Did you mean to pass `assign=True` to assign items in the state dictionary to their corresponding key in the module instead of copying them in place?)
  warnings.warn(
/opt/conda/envs/diffsensei/lib/python3.11/site-packages/torch/nn/modules/module.py:2400: UserWarning: for layer2.2.conv2.weight: copying from a non-meta parameter in the checkpoint to a meta parameter in the current model, which is a no-op. (Did you mean to pass `assign=True` to assign items in the state dictionary to their corresponding key in the module instead of copying them in place?)
  warnings.warn(
/opt/conda/envs/diffsensei/lib/python3.11/site-packages/torch/nn/modules/module.py:2400: UserWarning: for layer2.2.conv1.weight: copying from a non-meta parameter in the checkpoint to a meta parameter in the current model, which is a no-op. (Did you mean to pass `assign=True` to assign items in the state dictionary to their corresponding key in the module instead of copying them in place?)
  warnings.warn(
/opt/conda/envs/diffsensei/lib/python3.11/site-packages/torch/nn/modules/module.py:2400: UserWarning: for layer4.0.bn2.weight: copying from a non-meta parameter in the checkpoint to a meta parameter in the current model, which is a no-op. (Did you mean to pass `assign=True` to assign items in the state dictionary to their corresponding key in the module instead of copying them in place?)
  warnings.warn(
/opt/conda/envs/diffsensei/lib/python3.11/site-packages/torch/nn/modules/module.py:2400: UserWarning: for layer2.2.bn2.weight: copying from a non-meta parameter in the checkpoint to a meta parameter in the current model, which is a no-op. (Did you mean to pass `assign=True` to assign items in the state dictionary to their corresponding key in the module instead of copying them in place?)
  warnings.warn(
/opt/conda/envs/diffsensei/lib/python3.11/site-packages/torch/nn/modules/module.py:2400: UserWarning: for layer2.2.bn1.weight: copying from a non-meta parameter in the checkpoint to a meta parameter in the current model, which is a no-op. (Did you mean to pass `assign=True` to assign items in the state dictionary to their corresponding key in the module instead of copying them in place?)
  warnings.warn(
/opt/conda/envs/diffsensei/lib/python3.11/site-packages/torch/nn/modules/module.py:2400: UserWarning: for layer4.0.bn2.bias: copying from a non-meta parameter in the checkpoint to a meta parameter in the current model, which is a no-op. (Did you mean to pass `assign=True` to assign items in the state dictionary to their corresponding key in the module instead of copying them in place?)
  warnings.warn(
/opt/conda/envs/diffsensei/lib/python3.11/site-packages/torch/nn/modules/module.py:2400: UserWarning: for layer2.2.bn1.bias: copying from a non-meta parameter in the checkpoint to a meta parameter in the current model, which is a no-op. (Did you mean to pass `assign=True` to assign items in the state dictionary to their corresponding key in the module instead of copying them in place?)
  warnings.warn(
/opt/conda/envs/diffsensei/lib/python3.11/site-packages/torch/nn/modules/module.py:2400: UserWarning: for layer2.2.bn2.bias: copying from a non-meta parameter in the checkpoint to a meta parameter in the current model, which is a no-op. (Did you mean to pass `assign=True` to assign items in the state dictionary to their corresponding key in the module instead of copying them in place?)
  warnings.warn(
/opt/conda/envs/diffsensei/lib/python3.11/site-packages/torch/nn/modules/module.py:2400: UserWarning: for layer4.0.conv3.weight: copying from a non-meta parameter in the checkpoint to a meta parameter in the current model, which is a no-op. (Did you mean to pass `assign=True` to assign items in the state dictionary to their corresponding key in the module instead of copying them in place?)
  warnings.warn(
/opt/conda/envs/diffsensei/lib/python3.11/site-packages/torch/nn/modules/module.py:2400: UserWarning: for layer2.2.conv2.weight: copying from a non-meta parameter in the checkpoint to a meta parameter in the current model, which is a no-op. (Did you mean to pass `assign=True` to assign items in the state dictionary to their corresponding key in the module instead of copying them in place?)
  warnings.warn(
/opt/conda/envs/diffsensei/lib/python3.11/site-packages/torch/nn/modules/module.py:2400: UserWarning: for layer2.2.conv3.weight: copying from a non-meta parameter in the checkpoint to a meta parameter in the current model, which is a no-op. (Did you mean to pass `assign=True` to assign items in the state dictionary to their corresponding key in the module instead of copying them in place?)
  warnings.warn(
/opt/conda/envs/diffsensei/lib/python3.11/site-packages/torch/nn/modules/module.py:2400: UserWarning: for layer4.0.bn3.weight: copying from a non-meta parameter in the checkpoint to a meta parameter in the current model, which is a no-op. (Did you mean to pass `assign=True` to assign items in the state dictionary to their corresponding key in the module instead of copying them in place?)
  warnings.warn(
/opt/conda/envs/diffsensei/lib/python3.11/site-packages/torch/nn/modules/module.py:2400: UserWarning: for layer4.0.bn3.bias: copying from a non-meta parameter in the checkpoint to a meta parameter in the current model, which is a no-op. (Did you mean to pass `assign=True` to assign items in the state dictionary to their corresponding key in the module instead of copying them in place?)
  warnings.warn(
/opt/conda/envs/diffsensei/lib/python3.11/site-packages/torch/nn/modules/module.py:2400: UserWarning: for layer2.2.bn2.weight: copying from a non-meta parameter in the checkpoint to a meta parameter in the current model, which is a no-op. (Did you mean to pass `assign=True` to assign items in the state dictionary to their corresponding key in the module instead of copying them in place?)
  warnings.warn(
/opt/conda/envs/diffsensei/lib/python3.11/site-packages/torch/nn/modules/module.py:2400: UserWarning: for layer2.2.bn3.weight: copying from a non-meta parameter in the checkpoint to a meta parameter in the current model, which is a no-op. (Did you mean to pass `assign=True` to assign items in the state dictionary to their corresponding key in the module instead of copying them in place?)
  warnings.warn(
/opt/conda/envs/diffsensei/lib/python3.11/site-packages/torch/nn/modules/module.py:2400: UserWarning: for layer2.2.bn2.bias: copying from a non-meta parameter in the checkpoint to a meta parameter in the current model, which is a no-op. (Did you mean to pass `assign=True` to assign items in the state dictionary to their corresponding key in the module instead of copying them in place?)
  warnings.warn(
/opt/conda/envs/diffsensei/lib/python3.11/site-packages/torch/nn/modules/module.py:2400: UserWarning: for layer2.2.bn3.bias: copying from a non-meta parameter in the checkpoint to a meta parameter in the current model, which is a no-op. (Did you mean to pass `assign=True` to assign items in the state dictionary to their corresponding key in the module instead of copying them in place?)
  warnings.warn(
/opt/conda/envs/diffsensei/lib/python3.11/site-packages/torch/nn/modules/module.py:2400: UserWarning: for layer4.0.downsample.0.weight: copying from a non-meta parameter in the checkpoint to a meta parameter in the current model, which is a no-op. (Did you mean to pass `assign=True` to assign items in the state dictionary to their corresponding key in the module instead of copying them in place?)
  warnings.warn(
/opt/conda/envs/diffsensei/lib/python3.11/site-packages/torch/nn/modules/module.py:2400: UserWarning: for layer4.0.downsample.1.weight: copying from a non-meta parameter in the checkpoint to a meta parameter in the current model, which is a no-op. (Did you mean to pass `assign=True` to assign items in the state dictionary to their corresponding key in the module instead of copying them in place?)
  warnings.warn(
/opt/conda/envs/diffsensei/lib/python3.11/site-packages/torch/nn/modules/module.py:2400: UserWarning: for layer4.0.downsample.1.bias: copying from a non-meta parameter in the checkpoint to a meta parameter in the current model, which is a no-op. (Did you mean to pass `assign=True` to assign items in the state dictionary to their corresponding key in the module instead of copying them in place?)
  warnings.warn(
/opt/conda/envs/diffsensei/lib/python3.11/site-packages/torch/nn/modules/module.py:2400: UserWarning: for layer4.1.conv1.weight: copying from a non-meta parameter in the checkpoint to a meta parameter in the current model, which is a no-op. (Did you mean to pass `assign=True` to assign items in the state dictionary to their corresponding key in the module instead of copying them in place?)
  warnings.warn(
/opt/conda/envs/diffsensei/lib/python3.11/site-packages/torch/nn/modules/module.py:2400: UserWarning: for layer2.2.conv3.weight: copying from a non-meta parameter in the checkpoint to a meta parameter in the current model, which is a no-op. (Did you mean to pass `assign=True` to assign items in the state dictionary to their corresponding key in the module instead of copying them in place?)
  warnings.warn(
/opt/conda/envs/diffsensei/lib/python3.11/site-packages/torch/nn/modules/module.py:2400: UserWarning: for layer2.3.conv1.weight: copying from a non-meta parameter in the checkpoint to a meta parameter in the current model, which is a no-op. (Did you mean to pass `assign=True` to assign items in the state dictionary to their corresponding key in the module instead of copying them in place?)
  warnings.warn(
/opt/conda/envs/diffsensei/lib/python3.11/site-packages/torch/nn/modules/module.py:2400: UserWarning: for layer4.1.bn1.weight: copying from a non-meta parameter in the checkpoint to a meta parameter in the current model, which is a no-op. (Did you mean to pass `assign=True` to assign items in the state dictionary to their corresponding key in the module instead of copying them in place?)
  warnings.warn(
/opt/conda/envs/diffsensei/lib/python3.11/site-packages/torch/nn/modules/module.py:2400: UserWarning: for layer4.1.bn1.bias: copying from a non-meta parameter in the checkpoint to a meta parameter in the current model, which is a no-op. (Did you mean to pass `assign=True` to assign items in the state dictionary to their corresponding key in the module instead of copying them in place?)
  warnings.warn(
/opt/conda/envs/diffsensei/lib/python3.11/site-packages/torch/nn/modules/module.py:2400: UserWarning: for layer2.2.bn3.weight: copying from a non-meta parameter in the checkpoint to a meta parameter in the current model, which is a no-op. (Did you mean to pass `assign=True` to assign items in the state dictionary to their corresponding key in the module instead of copying them in place?)
  warnings.warn(
/opt/conda/envs/diffsensei/lib/python3.11/site-packages/torch/nn/modules/module.py:2400: UserWarning: for layer2.3.bn1.weight: copying from a non-meta parameter in the checkpoint to a meta parameter in the current model, which is a no-op. (Did you mean to pass `assign=True` to assign items in the state dictionary to their corresponding key in the module instead of copying them in place?)
  warnings.warn(
/opt/conda/envs/diffsensei/lib/python3.11/site-packages/torch/nn/modules/module.py:2400: UserWarning: for layer2.2.bn3.bias: copying from a non-meta parameter in the checkpoint to a meta parameter in the current model, which is a no-op. (Did you mean to pass `assign=True` to assign items in the state dictionary to their corresponding key in the module instead of copying them in place?)
  warnings.warn(
/opt/conda/envs/diffsensei/lib/python3.11/site-packages/torch/nn/modules/module.py:2400: UserWarning: for layer4.1.conv2.weight: copying from a non-meta parameter in the checkpoint to a meta parameter in the current model, which is a no-op. (Did you mean to pass `assign=True` to assign items in the state dictionary to their corresponding key in the module instead of copying them in place?)
  warnings.warn(
/opt/conda/envs/diffsensei/lib/python3.11/site-packages/torch/nn/modules/module.py:2400: UserWarning: for layer2.3.bn1.bias: copying from a non-meta parameter in the checkpoint to a meta parameter in the current model, which is a no-op. (Did you mean to pass `assign=True` to assign items in the state dictionary to their corresponding key in the module instead of copying them in place?)
  warnings.warn(
/opt/conda/envs/diffsensei/lib/python3.11/site-packages/torch/nn/modules/module.py:2400: UserWarning: for layer4.1.bn2.weight: copying from a non-meta parameter in the checkpoint to a meta parameter in the current model, which is a no-op. (Did you mean to pass `assign=True` to assign items in the state dictionary to their corresponding key in the module instead of copying them in place?)
  warnings.warn(
/opt/conda/envs/diffsensei/lib/python3.11/site-packages/torch/nn/modules/module.py:2400: UserWarning: for layer4.1.bn2.bias: copying from a non-meta parameter in the checkpoint to a meta parameter in the current model, which is a no-op. (Did you mean to pass `assign=True` to assign items in the state dictionary to their corresponding key in the module instead of copying them in place?)
  warnings.warn(
/opt/conda/envs/diffsensei/lib/python3.11/site-packages/torch/nn/modules/module.py:2400: UserWarning: for layer4.1.conv3.weight: copying from a non-meta parameter in the checkpoint to a meta parameter in the current model, which is a no-op. (Did you mean to pass `assign=True` to assign items in the state dictionary to their corresponding key in the module instead of copying them in place?)
  warnings.warn(
/opt/conda/envs/diffsensei/lib/python3.11/site-packages/torch/nn/modules/module.py:2400: UserWarning: for layer2.3.conv2.weight: copying from a non-meta parameter in the checkpoint to a meta parameter in the current model, which is a no-op. (Did you mean to pass `assign=True` to assign items in the state dictionary to their corresponding key in the module instead of copying them in place?)
  warnings.warn(
/opt/conda/envs/diffsensei/lib/python3.11/site-packages/torch/nn/modules/module.py:2400: UserWarning: for layer2.3.conv1.weight: copying from a non-meta parameter in the checkpoint to a meta parameter in the current model, which is a no-op. (Did you mean to pass `assign=True` to assign items in the state dictionary to their corresponding key in the module instead of copying them in place?)
  warnings.warn(
/opt/conda/envs/diffsensei/lib/python3.11/site-packages/torch/nn/modules/module.py:2400: UserWarning: for layer4.1.bn3.weight: copying from a non-meta parameter in the checkpoint to a meta parameter in the current model, which is a no-op. (Did you mean to pass `assign=True` to assign items in the state dictionary to their corresponding key in the module instead of copying them in place?)
  warnings.warn(
/opt/conda/envs/diffsensei/lib/python3.11/site-packages/torch/nn/modules/module.py:2400: UserWarning: for layer4.1.bn3.bias: copying from a non-meta parameter in the checkpoint to a meta parameter in the current model, which is a no-op. (Did you mean to pass `assign=True` to assign items in the state dictionary to their corresponding key in the module instead of copying them in place?)
  warnings.warn(
/opt/conda/envs/diffsensei/lib/python3.11/site-packages/torch/nn/modules/module.py:2400: UserWarning: for layer2.3.bn2.weight: copying from a non-meta parameter in the checkpoint to a meta parameter in the current model, which is a no-op. (Did you mean to pass `assign=True` to assign items in the state dictionary to their corresponding key in the module instead of copying them in place?)
  warnings.warn(
/opt/conda/envs/diffsensei/lib/python3.11/site-packages/torch/nn/modules/module.py:2400: UserWarning: for layer2.3.bn1.weight: copying from a non-meta parameter in the checkpoint to a meta parameter in the current model, which is a no-op. (Did you mean to pass `assign=True` to assign items in the state dictionary to their corresponding key in the module instead of copying them in place?)
  warnings.warn(
/opt/conda/envs/diffsensei/lib/python3.11/site-packages/torch/nn/modules/module.py:2400: UserWarning: for layer4.2.conv1.weight: copying from a non-meta parameter in the checkpoint to a meta parameter in the current model, which is a no-op. (Did you mean to pass `assign=True` to assign items in the state dictionary to their corresponding key in the module instead of copying them in place?)
  warnings.warn(
/opt/conda/envs/diffsensei/lib/python3.11/site-packages/torch/nn/modules/module.py:2400: UserWarning: for layer2.3.bn1.bias: copying from a non-meta parameter in the checkpoint to a meta parameter in the current model, which is a no-op. (Did you mean to pass `assign=True` to assign items in the state dictionary to their corresponding key in the module instead of copying them in place?)
  warnings.warn(
/opt/conda/envs/diffsensei/lib/python3.11/site-packages/torch/nn/modules/module.py:2400: UserWarning: for layer2.3.bn2.bias: copying from a non-meta parameter in the checkpoint to a meta parameter in the current model, which is a no-op. (Did you mean to pass `assign=True` to assign items in the state dictionary to their corresponding key in the module instead of copying them in place?)
  warnings.warn(
/opt/conda/envs/diffsensei/lib/python3.11/site-packages/torch/nn/modules/module.py:2400: UserWarning: for layer4.2.bn1.weight: copying from a non-meta parameter in the checkpoint to a meta parameter in the current model, which is a no-op. (Did you mean to pass `assign=True` to assign items in the state dictionary to their corresponding key in the module instead of copying them in place?)
  warnings.warn(
/opt/conda/envs/diffsensei/lib/python3.11/site-packages/torch/nn/modules/module.py:2400: UserWarning: for layer4.2.bn1.bias: copying from a non-meta parameter in the checkpoint to a meta parameter in the current model, which is a no-op. (Did you mean to pass `assign=True` to assign items in the state dictionary to their corresponding key in the module instead of copying them in place?)
  warnings.warn(
/opt/conda/envs/diffsensei/lib/python3.11/site-packages/torch/nn/modules/module.py:2400: UserWarning: for layer4.2.conv2.weight: copying from a non-meta parameter in the checkpoint to a meta parameter in the current model, which is a no-op. (Did you mean to pass `assign=True` to assign items in the state dictionary to their corresponding key in the module instead of copying them in place?)
  warnings.warn(
/opt/conda/envs/diffsensei/lib/python3.11/site-packages/torch/nn/modules/module.py:2400: UserWarning: for layer4.2.bn2.weight: copying from a non-meta parameter in the checkpoint to a meta parameter in the current model, which is a no-op. (Did you mean to pass `assign=True` to assign items in the state dictionary to their corresponding key in the module instead of copying them in place?)
  warnings.warn(
/opt/conda/envs/diffsensei/lib/python3.11/site-packages/torch/nn/modules/module.py:2400: UserWarning: for layer2.3.conv2.weight: copying from a non-meta parameter in the checkpoint to a meta parameter in the current model, which is a no-op. (Did you mean to pass `assign=True` to assign items in the state dictionary to their corresponding key in the module instead of copying them in place?)
  warnings.warn(
/opt/conda/envs/diffsensei/lib/python3.11/site-packages/torch/nn/modules/module.py:2400: UserWarning: for layer2.3.conv3.weight: copying from a non-meta parameter in the checkpoint to a meta parameter in the current model, which is a no-op. (Did you mean to pass `assign=True` to assign items in the state dictionary to their corresponding key in the module instead of copying them in place?)
  warnings.warn(
/opt/conda/envs/diffsensei/lib/python3.11/site-packages/torch/nn/modules/module.py:2400: UserWarning: for layer4.2.bn2.bias: copying from a non-meta parameter in the checkpoint to a meta parameter in the current model, which is a no-op. (Did you mean to pass `assign=True` to assign items in the state dictionary to their corresponding key in the module instead of copying them in place?)
  warnings.warn(
/opt/conda/envs/diffsensei/lib/python3.11/site-packages/torch/nn/modules/module.py:2400: UserWarning: for layer2.3.bn2.weight: copying from a non-meta parameter in the checkpoint to a meta parameter in the current model, which is a no-op. (Did you mean to pass `assign=True` to assign items in the state dictionary to their corresponding key in the module instead of copying them in place?)
  warnings.warn(
/opt/conda/envs/diffsensei/lib/python3.11/site-packages/torch/nn/modules/module.py:2400: UserWarning: for layer4.2.conv3.weight: copying from a non-meta parameter in the checkpoint to a meta parameter in the current model, which is a no-op. (Did you mean to pass `assign=True` to assign items in the state dictionary to their corresponding key in the module instead of copying them in place?)
  warnings.warn(
/opt/conda/envs/diffsensei/lib/python3.11/site-packages/torch/nn/modules/module.py:2400: UserWarning: for layer2.3.bn3.weight: copying from a non-meta parameter in the checkpoint to a meta parameter in the current model, which is a no-op. (Did you mean to pass `assign=True` to assign items in the state dictionary to their corresponding key in the module instead of copying them in place?)
  warnings.warn(
/opt/conda/envs/diffsensei/lib/python3.11/site-packages/torch/nn/modules/module.py:2400: UserWarning: for layer4.2.bn3.weight: copying from a non-meta parameter in the checkpoint to a meta parameter in the current model, which is a no-op. (Did you mean to pass `assign=True` to assign items in the state dictionary to their corresponding key in the module instead of copying them in place?)
  warnings.warn(
/opt/conda/envs/diffsensei/lib/python3.11/site-packages/torch/nn/modules/module.py:2400: UserWarning: for layer4.2.bn3.bias: copying from a non-meta parameter in the checkpoint to a meta parameter in the current model, which is a no-op. (Did you mean to pass `assign=True` to assign items in the state dictionary to their corresponding key in the module instead of copying them in place?)
  warnings.warn(
/opt/conda/envs/diffsensei/lib/python3.11/site-packages/torch/nn/modules/module.py:2400: UserWarning: for layer2.3.bn2.bias: copying from a non-meta parameter in the checkpoint to a meta parameter in the current model, which is a no-op. (Did you mean to pass `assign=True` to assign items in the state dictionary to their corresponding key in the module instead of copying them in place?)
  warnings.warn(
/opt/conda/envs/diffsensei/lib/python3.11/site-packages/torch/nn/modules/module.py:2400: UserWarning: for layer2.3.bn3.bias: copying from a non-meta parameter in the checkpoint to a meta parameter in the current model, which is a no-op. (Did you mean to pass `assign=True` to assign items in the state dictionary to their corresponding key in the module instead of copying them in place?)
  warnings.warn(
/opt/conda/envs/diffsensei/lib/python3.11/site-packages/torch/nn/modules/module.py:2400: UserWarning: for layer2.3.conv3.weight: copying from a non-meta parameter in the checkpoint to a meta parameter in the current model, which is a no-op. (Did you mean to pass `assign=True` to assign items in the state dictionary to their corresponding key in the module instead of copying them in place?)
  warnings.warn(
/opt/conda/envs/diffsensei/lib/python3.11/site-packages/torch/nn/modules/module.py:2400: UserWarning: for layer2.3.bn3.weight: copying from a non-meta parameter in the checkpoint to a meta parameter in the current model, which is a no-op. (Did you mean to pass `assign=True` to assign items in the state dictionary to their corresponding key in the module instead of copying them in place?)
  warnings.warn(
/opt/conda/envs/diffsensei/lib/python3.11/site-packages/torch/nn/modules/module.py:2400: UserWarning: for layer2.3.bn3.bias: copying from a non-meta parameter in the checkpoint to a meta parameter in the current model, which is a no-op. (Did you mean to pass `assign=True` to assign items in the state dictionary to their corresponding key in the module instead of copying them in place?)
  warnings.warn(
/opt/conda/envs/diffsensei/lib/python3.11/site-packages/torch/nn/modules/module.py:2400: UserWarning: for layer3.0.conv1.weight: copying from a non-meta parameter in the checkpoint to a meta parameter in the current model, which is a no-op. (Did you mean to pass `assign=True` to assign items in the state dictionary to their corresponding key in the module instead of copying them in place?)
  warnings.warn(
/opt/conda/envs/diffsensei/lib/python3.11/site-packages/torch/nn/modules/module.py:2400: UserWarning: for layer3.0.bn1.weight: copying from a non-meta parameter in the checkpoint to a meta parameter in the current model, which is a no-op. (Did you mean to pass `assign=True` to assign items in the state dictionary to their corresponding key in the module instead of copying them in place?)
  warnings.warn(
/opt/conda/envs/diffsensei/lib/python3.11/site-packages/torch/nn/modules/module.py:2400: UserWarning: for layer3.0.bn1.bias: copying from a non-meta parameter in the checkpoint to a meta parameter in the current model, which is a no-op. (Did you mean to pass `assign=True` to assign items in the state dictionary to their corresponding key in the module instead of copying them in place?)
  warnings.warn(
/opt/conda/envs/diffsensei/lib/python3.11/site-packages/torch/nn/modules/module.py:2400: UserWarning: for layer3.0.conv1.weight: copying from a non-meta parameter in the checkpoint to a meta parameter in the current model, which is a no-op. (Did you mean to pass `assign=True` to assign items in the state dictionary to their corresponding key in the module instead of copying them in place?)
  warnings.warn(
/opt/conda/envs/diffsensei/lib/python3.11/site-packages/torch/nn/modules/module.py:2400: UserWarning: for layer3.0.conv2.weight: copying from a non-meta parameter in the checkpoint to a meta parameter in the current model, which is a no-op. (Did you mean to pass `assign=True` to assign items in the state dictionary to their corresponding key in the module instead of copying them in place?)
  warnings.warn(
/opt/conda/envs/diffsensei/lib/python3.11/site-packages/torch/nn/modules/module.py:2400: UserWarning: for layer3.0.bn1.weight: copying from a non-meta parameter in the checkpoint to a meta parameter in the current model, which is a no-op. (Did you mean to pass `assign=True` to assign items in the state dictionary to their corresponding key in the module instead of copying them in place?)
  warnings.warn(
/opt/conda/envs/diffsensei/lib/python3.11/site-packages/torch/nn/modules/module.py:2400: UserWarning: for layer3.0.bn2.weight: copying from a non-meta parameter in the checkpoint to a meta parameter in the current model, which is a no-op. (Did you mean to pass `assign=True` to assign items in the state dictionary to their corresponding key in the module instead of copying them in place?)
  warnings.warn(
/opt/conda/envs/diffsensei/lib/python3.11/site-packages/torch/nn/modules/module.py:2400: UserWarning: for layer3.0.bn1.bias: copying from a non-meta parameter in the checkpoint to a meta parameter in the current model, which is a no-op. (Did you mean to pass `assign=True` to assign items in the state dictionary to their corresponding key in the module instead of copying them in place?)
  warnings.warn(
/opt/conda/envs/diffsensei/lib/python3.11/site-packages/torch/nn/modules/module.py:2400: UserWarning: for layer3.0.bn2.bias: copying from a non-meta parameter in the checkpoint to a meta parameter in the current model, which is a no-op. (Did you mean to pass `assign=True` to assign items in the state dictionary to their corresponding key in the module instead of copying them in place?)
  warnings.warn(
/opt/conda/envs/diffsensei/lib/python3.11/site-packages/torch/nn/modules/module.py:2400: UserWarning: for layer3.0.conv2.weight: copying from a non-meta parameter in the checkpoint to a meta parameter in the current model, which is a no-op. (Did you mean to pass `assign=True` to assign items in the state dictionary to their corresponding key in the module instead of copying them in place?)
  warnings.warn(
/opt/conda/envs/diffsensei/lib/python3.11/site-packages/torch/nn/modules/module.py:2400: UserWarning: for layer3.0.conv3.weight: copying from a non-meta parameter in the checkpoint to a meta parameter in the current model, which is a no-op. (Did you mean to pass `assign=True` to assign items in the state dictionary to their corresponding key in the module instead of copying them in place?)
  warnings.warn(
/opt/conda/envs/diffsensei/lib/python3.11/site-packages/torch/nn/modules/module.py:2400: UserWarning: for layer3.0.bn2.weight: copying from a non-meta parameter in the checkpoint to a meta parameter in the current model, which is a no-op. (Did you mean to pass `assign=True` to assign items in the state dictionary to their corresponding key in the module instead of copying them in place?)
  warnings.warn(
/opt/conda/envs/diffsensei/lib/python3.11/site-packages/torch/nn/modules/module.py:2400: UserWarning: for layer3.0.bn3.weight: copying from a non-meta parameter in the checkpoint to a meta parameter in the current model, which is a no-op. (Did you mean to pass `assign=True` to assign items in the state dictionary to their corresponding key in the module instead of copying them in place?)
  warnings.warn(
/opt/conda/envs/diffsensei/lib/python3.11/site-packages/torch/nn/modules/module.py:2400: UserWarning: for layer3.0.bn2.bias: copying from a non-meta parameter in the checkpoint to a meta parameter in the current model, which is a no-op. (Did you mean to pass `assign=True` to assign items in the state dictionary to their corresponding key in the module instead of copying them in place?)
  warnings.warn(
/opt/conda/envs/diffsensei/lib/python3.11/site-packages/torch/nn/modules/module.py:2400: UserWarning: for layer3.0.bn3.bias: copying from a non-meta parameter in the checkpoint to a meta parameter in the current model, which is a no-op. (Did you mean to pass `assign=True` to assign items in the state dictionary to their corresponding key in the module instead of copying them in place?)
  warnings.warn(
/opt/conda/envs/diffsensei/lib/python3.11/site-packages/torch/nn/modules/module.py:2400: UserWarning: for layer3.0.conv3.weight: copying from a non-meta parameter in the checkpoint to a meta parameter in the current model, which is a no-op. (Did you mean to pass `assign=True` to assign items in the state dictionary to their corresponding key in the module instead of copying them in place?)
  warnings.warn(
/opt/conda/envs/diffsensei/lib/python3.11/site-packages/torch/nn/modules/module.py:2400: UserWarning: for layer3.0.downsample.0.weight: copying from a non-meta parameter in the checkpoint to a meta parameter in the current model, which is a no-op. (Did you mean to pass `assign=True` to assign items in the state dictionary to their corresponding key in the module instead of copying them in place?)
  warnings.warn(
/opt/conda/envs/diffsensei/lib/python3.11/site-packages/torch/nn/modules/module.py:2400: UserWarning: for layer3.0.bn3.weight: copying from a non-meta parameter in the checkpoint to a meta parameter in the current model, which is a no-op. (Did you mean to pass `assign=True` to assign items in the state dictionary to their corresponding key in the module instead of copying them in place?)
  warnings.warn(
/opt/conda/envs/diffsensei/lib/python3.11/site-packages/torch/nn/modules/module.py:2400: UserWarning: for layer3.0.downsample.1.weight: copying from a non-meta parameter in the checkpoint to a meta parameter in the current model, which is a no-op. (Did you mean to pass `assign=True` to assign items in the state dictionary to their corresponding key in the module instead of copying them in place?)
  warnings.warn(
/opt/conda/envs/diffsensei/lib/python3.11/site-packages/torch/nn/modules/module.py:2400: UserWarning: for layer3.0.bn3.bias: copying from a non-meta parameter in the checkpoint to a meta parameter in the current model, which is a no-op. (Did you mean to pass `assign=True` to assign items in the state dictionary to their corresponding key in the module instead of copying them in place?)
  warnings.warn(
/opt/conda/envs/diffsensei/lib/python3.11/site-packages/torch/nn/modules/module.py:2400: UserWarning: for layer3.0.downsample.1.bias: copying from a non-meta parameter in the checkpoint to a meta parameter in the current model, which is a no-op. (Did you mean to pass `assign=True` to assign items in the state dictionary to their corresponding key in the module instead of copying them in place?)
  warnings.warn(
/opt/conda/envs/diffsensei/lib/python3.11/site-packages/torch/nn/modules/module.py:2400: UserWarning: for layer3.0.downsample.0.weight: copying from a non-meta parameter in the checkpoint to a meta parameter in the current model, which is a no-op. (Did you mean to pass `assign=True` to assign items in the state dictionary to their corresponding key in the module instead of copying them in place?)
  warnings.warn(
/opt/conda/envs/diffsensei/lib/python3.11/site-packages/torch/nn/modules/module.py:2400: UserWarning: for layer3.1.conv1.weight: copying from a non-meta parameter in the checkpoint to a meta parameter in the current model, which is a no-op. (Did you mean to pass `assign=True` to assign items in the state dictionary to their corresponding key in the module instead of copying them in place?)
  warnings.warn(
Config of the encoder: <class 'transformers.models.vit.modeling_vit.ViTModel'> is overwritten by shared encoder config: ViTConfig {
  "attention_probs_dropout_prob": 0.0,
  "encoder_stride": 16,
  "hidden_act": "gelu",
  "hidden_dropout_prob": 0.0,
  "hidden_size": 768,
  "image_size": 384,
  "initializer_range": 0.02,
  "intermediate_size": 3072,
  "layer_norm_eps": 1e-12,
  "model_type": "vit",
  "num_attention_heads": 12,
  "num_channels": 3,
  "num_hidden_layers": 12,
  "patch_size": 16,
  "pooler_act": "tanh",
  "pooler_output_size": 768,
  "qkv_bias": false,
  "transformers_version": "4.51.3"
}

/opt/conda/envs/diffsensei/lib/python3.11/site-packages/torch/nn/modules/module.py:2400: UserWarning: for layer3.0.downsample.1.weight: copying from a non-meta parameter in the checkpoint to a meta parameter in the current model, which is a no-op. (Did you mean to pass `assign=True` to assign items in the state dictionary to their corresponding key in the module instead of copying them in place?)
  warnings.warn(
/opt/conda/envs/diffsensei/lib/python3.11/site-packages/torch/nn/modules/module.py:2400: UserWarning: for layer3.1.bn1.weight: copying from a non-meta parameter in the checkpoint to a meta parameter in the current model, which is a no-op. (Did you mean to pass `assign=True` to assign items in the state dictionary to their corresponding key in the module instead of copying them in place?)
  warnings.warn(
/opt/conda/envs/diffsensei/lib/python3.11/site-packages/torch/nn/modules/module.py:2400: UserWarning: for layer3.0.downsample.1.bias: copying from a non-meta parameter in the checkpoint to a meta parameter in the current model, which is a no-op. (Did you mean to pass `assign=True` to assign items in the state dictionary to their corresponding key in the module instead of copying them in place?)
  warnings.warn(
/opt/conda/envs/diffsensei/lib/python3.11/site-packages/torch/nn/modules/module.py:2400: UserWarning: for layer3.1.bn1.bias: copying from a non-meta parameter in the checkpoint to a meta parameter in the current model, which is a no-op. (Did you mean to pass `assign=True` to assign items in the state dictionary to their corresponding key in the module instead of copying them in place?)
  warnings.warn(
/opt/conda/envs/diffsensei/lib/python3.11/site-packages/torch/nn/modules/module.py:2400: UserWarning: for layer3.1.conv2.weight: copying from a non-meta parameter in the checkpoint to a meta parameter in the current model, which is a no-op. (Did you mean to pass `assign=True` to assign items in the state dictionary to their corresponding key in the module instead of copying them in place?)
  warnings.warn(
/opt/conda/envs/diffsensei/lib/python3.11/site-packages/torch/nn/modules/module.py:2400: UserWarning: for layer3.1.conv1.weight: copying from a non-meta parameter in the checkpoint to a meta parameter in the current model, which is a no-op. (Did you mean to pass `assign=True` to assign items in the state dictionary to their corresponding key in the module instead of copying them in place?)
  warnings.warn(
/opt/conda/envs/diffsensei/lib/python3.11/site-packages/torch/nn/modules/module.py:2400: UserWarning: for layer3.1.bn2.weight: copying from a non-meta parameter in the checkpoint to a meta parameter in the current model, which is a no-op. (Did you mean to pass `assign=True` to assign items in the state dictionary to their corresponding key in the module instead of copying them in place?)
  warnings.warn(
/opt/conda/envs/diffsensei/lib/python3.11/site-packages/torch/nn/modules/module.py:2400: UserWarning: for layer3.1.bn1.weight: copying from a non-meta parameter in the checkpoint to a meta parameter in the current model, which is a no-op. (Did you mean to pass `assign=True` to assign items in the state dictionary to their corresponding key in the module instead of copying them in place?)
  warnings.warn(
/opt/conda/envs/diffsensei/lib/python3.11/site-packages/torch/nn/modules/module.py:2400: UserWarning: for layer3.1.bn1.bias: copying from a non-meta parameter in the checkpoint to a meta parameter in the current model, which is a no-op. (Did you mean to pass `assign=True` to assign items in the state dictionary to their corresponding key in the module instead of copying them in place?)
  warnings.warn(
/opt/conda/envs/diffsensei/lib/python3.11/site-packages/torch/nn/modules/module.py:2400: UserWarning: for layer3.1.bn2.bias: copying from a non-meta parameter in the checkpoint to a meta parameter in the current model, which is a no-op. (Did you mean to pass `assign=True` to assign items in the state dictionary to their corresponding key in the module instead of copying them in place?)
  warnings.warn(
Config of the decoder: <class 'transformers.models.trocr.modeling_trocr.TrOCRForCausalLM'> is overwritten by shared decoder config: TrOCRConfig {
  "activation_dropout": 0.0,
  "activation_function": "gelu",
  "add_cross_attention": true,
  "attention_dropout": 0.0,
  "bos_token_id": 0,
  "classifier_dropout": 0.0,
  "cross_attention_hidden_size": 768,
  "d_model": 1024,
  "decoder_attention_heads": 16,
  "decoder_ffn_dim": 4096,
  "decoder_layerdrop": 0.0,
  "decoder_layers": 12,
  "decoder_start_token_id": 2,
  "dropout": 0.1,
  "eos_token_id": 2,
  "init_std": 0.02,
  "is_decoder": true,
  "layernorm_embedding": true,
  "max_position_embeddings": 512,
  "model_type": "trocr",
  "pad_token_id": 1,
  "scale_embedding": false,
  "transformers_version": "4.51.3",
  "use_cache": false,
  "use_learned_position_embeddings": true,
  "vocab_size": 50265
}

/opt/conda/envs/diffsensei/lib/python3.11/site-packages/torch/nn/modules/module.py:2400: UserWarning: for layer3.1.conv2.weight: copying from a non-meta parameter in the checkpoint to a meta parameter in the current model, which is a no-op. (Did you mean to pass `assign=True` to assign items in the state dictionary to their corresponding key in the module instead of copying them in place?)
  warnings.warn(
/opt/conda/envs/diffsensei/lib/python3.11/site-packages/torch/nn/modules/module.py:2400: UserWarning: for layer3.1.conv3.weight: copying from a non-meta parameter in the checkpoint to a meta parameter in the current model, which is a no-op. (Did you mean to pass `assign=True` to assign items in the state dictionary to their corresponding key in the module instead of copying them in place?)
  warnings.warn(
/opt/conda/envs/diffsensei/lib/python3.11/site-packages/torch/nn/modules/module.py:2400: UserWarning: for layer3.1.bn2.weight: copying from a non-meta parameter in the checkpoint to a meta parameter in the current model, which is a no-op. (Did you mean to pass `assign=True` to assign items in the state dictionary to their corresponding key in the module instead of copying them in place?)
  warnings.warn(
/opt/conda/envs/diffsensei/lib/python3.11/site-packages/torch/nn/modules/module.py:2400: UserWarning: for layer3.1.bn3.weight: copying from a non-meta parameter in the checkpoint to a meta parameter in the current model, which is a no-op. (Did you mean to pass `assign=True` to assign items in the state dictionary to their corresponding key in the module instead of copying them in place?)
  warnings.warn(
/opt/conda/envs/diffsensei/lib/python3.11/site-packages/torch/nn/modules/module.py:2400: UserWarning: for layer3.1.bn2.bias: copying from a non-meta parameter in the checkpoint to a meta parameter in the current model, which is a no-op. (Did you mean to pass `assign=True` to assign items in the state dictionary to their corresponding key in the module instead of copying them in place?)
  warnings.warn(
/opt/conda/envs/diffsensei/lib/python3.11/site-packages/torch/nn/modules/module.py:2400: UserWarning: for layer3.1.bn3.bias: copying from a non-meta parameter in the checkpoint to a meta parameter in the current model, which is a no-op. (Did you mean to pass `assign=True` to assign items in the state dictionary to their corresponding key in the module instead of copying them in place?)
  warnings.warn(
/opt/conda/envs/diffsensei/lib/python3.11/site-packages/torch/nn/modules/module.py:2400: UserWarning: for layer3.1.conv3.weight: copying from a non-meta parameter in the checkpoint to a meta parameter in the current model, which is a no-op. (Did you mean to pass `assign=True` to assign items in the state dictionary to their corresponding key in the module instead of copying them in place?)
  warnings.warn(
/opt/conda/envs/diffsensei/lib/python3.11/site-packages/torch/nn/modules/module.py:2400: UserWarning: for layer3.2.conv1.weight: copying from a non-meta parameter in the checkpoint to a meta parameter in the current model, which is a no-op. (Did you mean to pass `assign=True` to assign items in the state dictionary to their corresponding key in the module instead of copying them in place?)
  warnings.warn(
/opt/conda/envs/diffsensei/lib/python3.11/site-packages/torch/nn/modules/module.py:2400: UserWarning: for layer3.1.bn3.weight: copying from a non-meta parameter in the checkpoint to a meta parameter in the current model, which is a no-op. (Did you mean to pass `assign=True` to assign items in the state dictionary to their corresponding key in the module instead of copying them in place?)
  warnings.warn(
/opt/conda/envs/diffsensei/lib/python3.11/site-packages/torch/nn/modules/module.py:2400: UserWarning: for layer3.2.bn1.weight: copying from a non-meta parameter in the checkpoint to a meta parameter in the current model, which is a no-op. (Did you mean to pass `assign=True` to assign items in the state dictionary to their corresponding key in the module instead of copying them in place?)
  warnings.warn(
/opt/conda/envs/diffsensei/lib/python3.11/site-packages/torch/nn/modules/module.py:2400: UserWarning: for layer3.1.bn3.bias: copying from a non-meta parameter in the checkpoint to a meta parameter in the current model, which is a no-op. (Did you mean to pass `assign=True` to assign items in the state dictionary to their corresponding key in the module instead of copying them in place?)
  warnings.warn(
/opt/conda/envs/diffsensei/lib/python3.11/site-packages/torch/nn/modules/module.py:2400: UserWarning: for layer3.2.bn1.bias: copying from a non-meta parameter in the checkpoint to a meta parameter in the current model, which is a no-op. (Did you mean to pass `assign=True` to assign items in the state dictionary to their corresponding key in the module instead of copying them in place?)
  warnings.warn(
/opt/conda/envs/diffsensei/lib/python3.11/site-packages/torch/nn/modules/module.py:2400: UserWarning: for layer3.2.conv1.weight: copying from a non-meta parameter in the checkpoint to a meta parameter in the current model, which is a no-op. (Did you mean to pass `assign=True` to assign items in the state dictionary to their corresponding key in the module instead of copying them in place?)
  warnings.warn(
/opt/conda/envs/diffsensei/lib/python3.11/site-packages/torch/nn/modules/module.py:2400: UserWarning: for layer3.2.bn1.weight: copying from a non-meta parameter in the checkpoint to a meta parameter in the current model, which is a no-op. (Did you mean to pass `assign=True` to assign items in the state dictionary to their corresponding key in the module instead of copying them in place?)
  warnings.warn(
/opt/conda/envs/diffsensei/lib/python3.11/site-packages/torch/nn/modules/module.py:2400: UserWarning: for layer3.2.bn1.bias: copying from a non-meta parameter in the checkpoint to a meta parameter in the current model, which is a no-op. (Did you mean to pass `assign=True` to assign items in the state dictionary to their corresponding key in the module instead of copying them in place?)
  warnings.warn(
/opt/conda/envs/diffsensei/lib/python3.11/site-packages/torch/nn/modules/module.py:2400: UserWarning: for layer3.2.conv2.weight: copying from a non-meta parameter in the checkpoint to a meta parameter in the current model, which is a no-op. (Did you mean to pass `assign=True` to assign items in the state dictionary to their corresponding key in the module instead of copying them in place?)
  warnings.warn(
/opt/conda/envs/diffsensei/lib/python3.11/site-packages/torch/nn/modules/module.py:2400: UserWarning: for layer3.2.bn2.weight: copying from a non-meta parameter in the checkpoint to a meta parameter in the current model, which is a no-op. (Did you mean to pass `assign=True` to assign items in the state dictionary to their corresponding key in the module instead of copying them in place?)
  warnings.warn(
/opt/conda/envs/diffsensei/lib/python3.11/site-packages/torch/nn/modules/module.py:2400: UserWarning: for layer3.2.bn2.bias: copying from a non-meta parameter in the checkpoint to a meta parameter in the current model, which is a no-op. (Did you mean to pass `assign=True` to assign items in the state dictionary to their corresponding key in the module instead of copying them in place?)
  warnings.warn(
/opt/conda/envs/diffsensei/lib/python3.11/site-packages/torch/nn/modules/module.py:2400: UserWarning: for layer3.2.conv2.weight: copying from a non-meta parameter in the checkpoint to a meta parameter in the current model, which is a no-op. (Did you mean to pass `assign=True` to assign items in the state dictionary to their corresponding key in the module instead of copying them in place?)
  warnings.warn(
/opt/conda/envs/diffsensei/lib/python3.11/site-packages/torch/nn/modules/module.py:2400: UserWarning: for layer3.2.bn2.weight: copying from a non-meta parameter in the checkpoint to a meta parameter in the current model, which is a no-op. (Did you mean to pass `assign=True` to assign items in the state dictionary to their corresponding key in the module instead of copying them in place?)
  warnings.warn(
/opt/conda/envs/diffsensei/lib/python3.11/site-packages/torch/nn/modules/module.py:2400: UserWarning: for layer3.2.bn2.bias: copying from a non-meta parameter in the checkpoint to a meta parameter in the current model, which is a no-op. (Did you mean to pass `assign=True` to assign items in the state dictionary to their corresponding key in the module instead of copying them in place?)
  warnings.warn(
/opt/conda/envs/diffsensei/lib/python3.11/site-packages/torch/nn/modules/module.py:2400: UserWarning: for layer3.2.conv3.weight: copying from a non-meta parameter in the checkpoint to a meta parameter in the current model, which is a no-op. (Did you mean to pass `assign=True` to assign items in the state dictionary to their corresponding key in the module instead of copying them in place?)
  warnings.warn(
/opt/conda/envs/diffsensei/lib/python3.11/site-packages/torch/nn/modules/module.py:2400: UserWarning: for layer3.2.bn3.weight: copying from a non-meta parameter in the checkpoint to a meta parameter in the current model, which is a no-op. (Did you mean to pass `assign=True` to assign items in the state dictionary to their corresponding key in the module instead of copying them in place?)
  warnings.warn(
/opt/conda/envs/diffsensei/lib/python3.11/site-packages/torch/nn/modules/module.py:2400: UserWarning: for layer3.2.bn3.bias: copying from a non-meta parameter in the checkpoint to a meta parameter in the current model, which is a no-op. (Did you mean to pass `assign=True` to assign items in the state dictionary to their corresponding key in the module instead of copying them in place?)
  warnings.warn(
/opt/conda/envs/diffsensei/lib/python3.11/site-packages/torch/nn/modules/module.py:2400: UserWarning: for layer3.2.conv3.weight: copying from a non-meta parameter in the checkpoint to a meta parameter in the current model, which is a no-op. (Did you mean to pass `assign=True` to assign items in the state dictionary to their corresponding key in the module instead of copying them in place?)
  warnings.warn(
/opt/conda/envs/diffsensei/lib/python3.11/site-packages/torch/nn/modules/module.py:2400: UserWarning: for layer3.2.bn3.weight: copying from a non-meta parameter in the checkpoint to a meta parameter in the current model, which is a no-op. (Did you mean to pass `assign=True` to assign items in the state dictionary to their corresponding key in the module instead of copying them in place?)
  warnings.warn(
/opt/conda/envs/diffsensei/lib/python3.11/site-packages/torch/nn/modules/module.py:2400: UserWarning: for layer3.2.bn3.bias: copying from a non-meta parameter in the checkpoint to a meta parameter in the current model, which is a no-op. (Did you mean to pass `assign=True` to assign items in the state dictionary to their corresponding key in the module instead of copying them in place?)
  warnings.warn(
/opt/conda/envs/diffsensei/lib/python3.11/site-packages/torch/nn/modules/module.py:2400: UserWarning: for layer3.3.conv1.weight: copying from a non-meta parameter in the checkpoint to a meta parameter in the current model, which is a no-op. (Did you mean to pass `assign=True` to assign items in the state dictionary to their corresponding key in the module instead of copying them in place?)
  warnings.warn(
/opt/conda/envs/diffsensei/lib/python3.11/site-packages/torch/nn/modules/module.py:2400: UserWarning: for layer3.3.bn1.weight: copying from a non-meta parameter in the checkpoint to a meta parameter in the current model, which is a no-op. (Did you mean to pass `assign=True` to assign items in the state dictionary to their corresponding key in the module instead of copying them in place?)
  warnings.warn(
/opt/conda/envs/diffsensei/lib/python3.11/site-packages/torch/nn/modules/module.py:2400: UserWarning: for layer3.3.bn1.bias: copying from a non-meta parameter in the checkpoint to a meta parameter in the current model, which is a no-op. (Did you mean to pass `assign=True` to assign items in the state dictionary to their corresponding key in the module instead of copying them in place?)
  warnings.warn(
/opt/conda/envs/diffsensei/lib/python3.11/site-packages/torch/nn/modules/module.py:2400: UserWarning: for layer3.3.conv1.weight: copying from a non-meta parameter in the checkpoint to a meta parameter in the current model, which is a no-op. (Did you mean to pass `assign=True` to assign items in the state dictionary to their corresponding key in the module instead of copying them in place?)
  warnings.warn(
/opt/conda/envs/diffsensei/lib/python3.11/site-packages/torch/nn/modules/module.py:2400: UserWarning: for layer3.3.bn1.weight: copying from a non-meta parameter in the checkpoint to a meta parameter in the current model, which is a no-op. (Did you mean to pass `assign=True` to assign items in the state dictionary to their corresponding key in the module instead of copying them in place?)
  warnings.warn(
/opt/conda/envs/diffsensei/lib/python3.11/site-packages/torch/nn/modules/module.py:2400: UserWarning: for layer3.3.bn1.bias: copying from a non-meta parameter in the checkpoint to a meta parameter in the current model, which is a no-op. (Did you mean to pass `assign=True` to assign items in the state dictionary to their corresponding key in the module instead of copying them in place?)
  warnings.warn(
/opt/conda/envs/diffsensei/lib/python3.11/site-packages/torch/nn/modules/module.py:2400: UserWarning: for layer3.3.conv2.weight: copying from a non-meta parameter in the checkpoint to a meta parameter in the current model, which is a no-op. (Did you mean to pass `assign=True` to assign items in the state dictionary to their corresponding key in the module instead of copying them in place?)
  warnings.warn(
/opt/conda/envs/diffsensei/lib/python3.11/site-packages/torch/nn/modules/module.py:2400: UserWarning: for layer3.3.bn2.weight: copying from a non-meta parameter in the checkpoint to a meta parameter in the current model, which is a no-op. (Did you mean to pass `assign=True` to assign items in the state dictionary to their corresponding key in the module instead of copying them in place?)
  warnings.warn(
/opt/conda/envs/diffsensei/lib/python3.11/site-packages/torch/nn/modules/module.py:2400: UserWarning: for layer3.3.conv2.weight: copying from a non-meta parameter in the checkpoint to a meta parameter in the current model, which is a no-op. (Did you mean to pass `assign=True` to assign items in the state dictionary to their corresponding key in the module instead of copying them in place?)
  warnings.warn(
/opt/conda/envs/diffsensei/lib/python3.11/site-packages/torch/nn/modules/module.py:2400: UserWarning: for layer3.3.bn2.bias: copying from a non-meta parameter in the checkpoint to a meta parameter in the current model, which is a no-op. (Did you mean to pass `assign=True` to assign items in the state dictionary to their corresponding key in the module instead of copying them in place?)
  warnings.warn(
/opt/conda/envs/diffsensei/lib/python3.11/site-packages/torch/nn/modules/module.py:2400: UserWarning: for layer3.3.bn2.weight: copying from a non-meta parameter in the checkpoint to a meta parameter in the current model, which is a no-op. (Did you mean to pass `assign=True` to assign items in the state dictionary to their corresponding key in the module instead of copying them in place?)
  warnings.warn(
/opt/conda/envs/diffsensei/lib/python3.11/site-packages/torch/nn/modules/module.py:2400: UserWarning: for layer3.3.bn2.bias: copying from a non-meta parameter in the checkpoint to a meta parameter in the current model, which is a no-op. (Did you mean to pass `assign=True` to assign items in the state dictionary to their corresponding key in the module instead of copying them in place?)
  warnings.warn(
/opt/conda/envs/diffsensei/lib/python3.11/site-packages/torch/nn/modules/module.py:2400: UserWarning: for layer3.3.conv3.weight: copying from a non-meta parameter in the checkpoint to a meta parameter in the current model, which is a no-op. (Did you mean to pass `assign=True` to assign items in the state dictionary to their corresponding key in the module instead of copying them in place?)
  warnings.warn(
/opt/conda/envs/diffsensei/lib/python3.11/site-packages/torch/nn/modules/module.py:2400: UserWarning: for layer3.3.conv3.weight: copying from a non-meta parameter in the checkpoint to a meta parameter in the current model, which is a no-op. (Did you mean to pass `assign=True` to assign items in the state dictionary to their corresponding key in the module instead of copying them in place?)
  warnings.warn(
/opt/conda/envs/diffsensei/lib/python3.11/site-packages/torch/nn/modules/module.py:2400: UserWarning: for layer3.3.bn3.weight: copying from a non-meta parameter in the checkpoint to a meta parameter in the current model, which is a no-op. (Did you mean to pass `assign=True` to assign items in the state dictionary to their corresponding key in the module instead of copying them in place?)
  warnings.warn(
/opt/conda/envs/diffsensei/lib/python3.11/site-packages/torch/nn/modules/module.py:2400: UserWarning: for layer3.3.bn3.weight: copying from a non-meta parameter in the checkpoint to a meta parameter in the current model, which is a no-op. (Did you mean to pass `assign=True` to assign items in the state dictionary to their corresponding key in the module instead of copying them in place?)
  warnings.warn(
/opt/conda/envs/diffsensei/lib/python3.11/site-packages/torch/nn/modules/module.py:2400: UserWarning: for layer3.3.bn3.bias: copying from a non-meta parameter in the checkpoint to a meta parameter in the current model, which is a no-op. (Did you mean to pass `assign=True` to assign items in the state dictionary to their corresponding key in the module instead of copying them in place?)
  warnings.warn(
/opt/conda/envs/diffsensei/lib/python3.11/site-packages/torch/nn/modules/module.py:2400: UserWarning: for layer3.3.bn3.bias: copying from a non-meta parameter in the checkpoint to a meta parameter in the current model, which is a no-op. (Did you mean to pass `assign=True` to assign items in the state dictionary to their corresponding key in the module instead of copying them in place?)
  warnings.warn(
/opt/conda/envs/diffsensei/lib/python3.11/site-packages/torch/nn/modules/module.py:2400: UserWarning: for layer3.4.conv1.weight: copying from a non-meta parameter in the checkpoint to a meta parameter in the current model, which is a no-op. (Did you mean to pass `assign=True` to assign items in the state dictionary to their corresponding key in the module instead of copying them in place?)
  warnings.warn(
/opt/conda/envs/diffsensei/lib/python3.11/site-packages/torch/nn/modules/module.py:2400: UserWarning: for layer3.4.conv1.weight: copying from a non-meta parameter in the checkpoint to a meta parameter in the current model, which is a no-op. (Did you mean to pass `assign=True` to assign items in the state dictionary to their corresponding key in the module instead of copying them in place?)
  warnings.warn(
/opt/conda/envs/diffsensei/lib/python3.11/site-packages/torch/nn/modules/module.py:2400: UserWarning: for layer3.4.bn1.weight: copying from a non-meta parameter in the checkpoint to a meta parameter in the current model, which is a no-op. (Did you mean to pass `assign=True` to assign items in the state dictionary to their corresponding key in the module instead of copying them in place?)
  warnings.warn(
/opt/conda/envs/diffsensei/lib/python3.11/site-packages/torch/nn/modules/module.py:2400: UserWarning: for layer3.4.bn1.weight: copying from a non-meta parameter in the checkpoint to a meta parameter in the current model, which is a no-op. (Did you mean to pass `assign=True` to assign items in the state dictionary to their corresponding key in the module instead of copying them in place?)
  warnings.warn(
/opt/conda/envs/diffsensei/lib/python3.11/site-packages/torch/nn/modules/module.py:2400: UserWarning: for layer3.4.bn1.bias: copying from a non-meta parameter in the checkpoint to a meta parameter in the current model, which is a no-op. (Did you mean to pass `assign=True` to assign items in the state dictionary to their corresponding key in the module instead of copying them in place?)
  warnings.warn(
/opt/conda/envs/diffsensei/lib/python3.11/site-packages/torch/nn/modules/module.py:2400: UserWarning: for layer3.4.bn1.bias: copying from a non-meta parameter in the checkpoint to a meta parameter in the current model, which is a no-op. (Did you mean to pass `assign=True` to assign items in the state dictionary to their corresponding key in the module instead of copying them in place?)
  warnings.warn(
/opt/conda/envs/diffsensei/lib/python3.11/site-packages/torch/nn/modules/module.py:2400: UserWarning: for layer3.4.conv2.weight: copying from a non-meta parameter in the checkpoint to a meta parameter in the current model, which is a no-op. (Did you mean to pass `assign=True` to assign items in the state dictionary to their corresponding key in the module instead of copying them in place?)
  warnings.warn(
/opt/conda/envs/diffsensei/lib/python3.11/site-packages/torch/nn/modules/module.py:2400: UserWarning: for layer3.4.bn2.weight: copying from a non-meta parameter in the checkpoint to a meta parameter in the current model, which is a no-op. (Did you mean to pass `assign=True` to assign items in the state dictionary to their corresponding key in the module instead of copying them in place?)
  warnings.warn(
/opt/conda/envs/diffsensei/lib/python3.11/site-packages/torch/nn/modules/module.py:2400: UserWarning: for layer3.4.bn2.bias: copying from a non-meta parameter in the checkpoint to a meta parameter in the current model, which is a no-op. (Did you mean to pass `assign=True` to assign items in the state dictionary to their corresponding key in the module instead of copying them in place?)
  warnings.warn(
/opt/conda/envs/diffsensei/lib/python3.11/site-packages/torch/nn/modules/module.py:2400: UserWarning: for layer3.4.conv2.weight: copying from a non-meta parameter in the checkpoint to a meta parameter in the current model, which is a no-op. (Did you mean to pass `assign=True` to assign items in the state dictionary to their corresponding key in the module instead of copying them in place?)
  warnings.warn(
/opt/conda/envs/diffsensei/lib/python3.11/site-packages/torch/nn/modules/module.py:2400: UserWarning: for layer3.4.bn2.weight: copying from a non-meta parameter in the checkpoint to a meta parameter in the current model, which is a no-op. (Did you mean to pass `assign=True` to assign items in the state dictionary to their corresponding key in the module instead of copying them in place?)
  warnings.warn(
/opt/conda/envs/diffsensei/lib/python3.11/site-packages/torch/nn/modules/module.py:2400: UserWarning: for layer3.4.bn2.bias: copying from a non-meta parameter in the checkpoint to a meta parameter in the current model, which is a no-op. (Did you mean to pass `assign=True` to assign items in the state dictionary to their corresponding key in the module instead of copying them in place?)
  warnings.warn(
/opt/conda/envs/diffsensei/lib/python3.11/site-packages/torch/nn/modules/module.py:2400: UserWarning: for layer3.4.conv3.weight: copying from a non-meta parameter in the checkpoint to a meta parameter in the current model, which is a no-op. (Did you mean to pass `assign=True` to assign items in the state dictionary to their corresponding key in the module instead of copying them in place?)
  warnings.warn(
/opt/conda/envs/diffsensei/lib/python3.11/site-packages/torch/nn/modules/module.py:2400: UserWarning: for layer3.4.bn3.weight: copying from a non-meta parameter in the checkpoint to a meta parameter in the current model, which is a no-op. (Did you mean to pass `assign=True` to assign items in the state dictionary to their corresponding key in the module instead of copying them in place?)
  warnings.warn(
/opt/conda/envs/diffsensei/lib/python3.11/site-packages/torch/nn/modules/module.py:2400: UserWarning: for layer3.4.bn3.bias: copying from a non-meta parameter in the checkpoint to a meta parameter in the current model, which is a no-op. (Did you mean to pass `assign=True` to assign items in the state dictionary to their corresponding key in the module instead of copying them in place?)
  warnings.warn(
/opt/conda/envs/diffsensei/lib/python3.11/site-packages/torch/nn/modules/module.py:2400: UserWarning: for layer3.4.conv3.weight: copying from a non-meta parameter in the checkpoint to a meta parameter in the current model, which is a no-op. (Did you mean to pass `assign=True` to assign items in the state dictionary to their corresponding key in the module instead of copying them in place?)
  warnings.warn(
/opt/conda/envs/diffsensei/lib/python3.11/site-packages/torch/nn/modules/module.py:2400: UserWarning: for layer3.4.bn3.weight: copying from a non-meta parameter in the checkpoint to a meta parameter in the current model, which is a no-op. (Did you mean to pass `assign=True` to assign items in the state dictionary to their corresponding key in the module instead of copying them in place?)
  warnings.warn(
/opt/conda/envs/diffsensei/lib/python3.11/site-packages/torch/nn/modules/module.py:2400: UserWarning: for layer3.4.bn3.bias: copying from a non-meta parameter in the checkpoint to a meta parameter in the current model, which is a no-op. (Did you mean to pass `assign=True` to assign items in the state dictionary to their corresponding key in the module instead of copying them in place?)
  warnings.warn(
/opt/conda/envs/diffsensei/lib/python3.11/site-packages/torch/nn/modules/module.py:2400: UserWarning: for layer3.5.conv1.weight: copying from a non-meta parameter in the checkpoint to a meta parameter in the current model, which is a no-op. (Did you mean to pass `assign=True` to assign items in the state dictionary to their corresponding key in the module instead of copying them in place?)
  warnings.warn(
/opt/conda/envs/diffsensei/lib/python3.11/site-packages/torch/nn/modules/module.py:2400: UserWarning: for layer3.5.bn1.weight: copying from a non-meta parameter in the checkpoint to a meta parameter in the current model, which is a no-op. (Did you mean to pass `assign=True` to assign items in the state dictionary to their corresponding key in the module instead of copying them in place?)
  warnings.warn(
/opt/conda/envs/diffsensei/lib/python3.11/site-packages/torch/nn/modules/module.py:2400: UserWarning: for layer3.5.bn1.bias: copying from a non-meta parameter in the checkpoint to a meta parameter in the current model, which is a no-op. (Did you mean to pass `assign=True` to assign items in the state dictionary to their corresponding key in the module instead of copying them in place?)
  warnings.warn(
/opt/conda/envs/diffsensei/lib/python3.11/site-packages/torch/nn/modules/module.py:2400: UserWarning: for layer3.5.conv1.weight: copying from a non-meta parameter in the checkpoint to a meta parameter in the current model, which is a no-op. (Did you mean to pass `assign=True` to assign items in the state dictionary to their corresponding key in the module instead of copying them in place?)
  warnings.warn(
/opt/conda/envs/diffsensei/lib/python3.11/site-packages/torch/nn/modules/module.py:2400: UserWarning: for layer3.5.conv2.weight: copying from a non-meta parameter in the checkpoint to a meta parameter in the current model, which is a no-op. (Did you mean to pass `assign=True` to assign items in the state dictionary to their corresponding key in the module instead of copying them in place?)
  warnings.warn(
/opt/conda/envs/diffsensei/lib/python3.11/site-packages/torch/nn/modules/module.py:2400: UserWarning: for layer3.5.bn2.weight: copying from a non-meta parameter in the checkpoint to a meta parameter in the current model, which is a no-op. (Did you mean to pass `assign=True` to assign items in the state dictionary to their corresponding key in the module instead of copying them in place?)
  warnings.warn(
/opt/conda/envs/diffsensei/lib/python3.11/site-packages/torch/nn/modules/module.py:2400: UserWarning: for layer3.5.bn1.weight: copying from a non-meta parameter in the checkpoint to a meta parameter in the current model, which is a no-op. (Did you mean to pass `assign=True` to assign items in the state dictionary to their corresponding key in the module instead of copying them in place?)
  warnings.warn(
/opt/conda/envs/diffsensei/lib/python3.11/site-packages/torch/nn/modules/module.py:2400: UserWarning: for layer3.5.bn2.bias: copying from a non-meta parameter in the checkpoint to a meta parameter in the current model, which is a no-op. (Did you mean to pass `assign=True` to assign items in the state dictionary to their corresponding key in the module instead of copying them in place?)
  warnings.warn(
/opt/conda/envs/diffsensei/lib/python3.11/site-packages/torch/nn/modules/module.py:2400: UserWarning: for layer3.5.bn1.bias: copying from a non-meta parameter in the checkpoint to a meta parameter in the current model, which is a no-op. (Did you mean to pass `assign=True` to assign items in the state dictionary to their corresponding key in the module instead of copying them in place?)
  warnings.warn(
/opt/conda/envs/diffsensei/lib/python3.11/site-packages/torch/nn/modules/module.py:2400: UserWarning: for layer3.5.conv2.weight: copying from a non-meta parameter in the checkpoint to a meta parameter in the current model, which is a no-op. (Did you mean to pass `assign=True` to assign items in the state dictionary to their corresponding key in the module instead of copying them in place?)
  warnings.warn(
/opt/conda/envs/diffsensei/lib/python3.11/site-packages/torch/nn/modules/module.py:2400: UserWarning: for layer3.5.conv3.weight: copying from a non-meta parameter in the checkpoint to a meta parameter in the current model, which is a no-op. (Did you mean to pass `assign=True` to assign items in the state dictionary to their corresponding key in the module instead of copying them in place?)
  warnings.warn(
/opt/conda/envs/diffsensei/lib/python3.11/site-packages/torch/nn/modules/module.py:2400: UserWarning: for layer3.5.bn3.weight: copying from a non-meta parameter in the checkpoint to a meta parameter in the current model, which is a no-op. (Did you mean to pass `assign=True` to assign items in the state dictionary to their corresponding key in the module instead of copying them in place?)
  warnings.warn(
/opt/conda/envs/diffsensei/lib/python3.11/site-packages/torch/nn/modules/module.py:2400: UserWarning: for layer3.5.bn2.weight: copying from a non-meta parameter in the checkpoint to a meta parameter in the current model, which is a no-op. (Did you mean to pass `assign=True` to assign items in the state dictionary to their corresponding key in the module instead of copying them in place?)
  warnings.warn(
/opt/conda/envs/diffsensei/lib/python3.11/site-packages/torch/nn/modules/module.py:2400: UserWarning: for layer3.5.bn3.bias: copying from a non-meta parameter in the checkpoint to a meta parameter in the current model, which is a no-op. (Did you mean to pass `assign=True` to assign items in the state dictionary to their corresponding key in the module instead of copying them in place?)
  warnings.warn(
/opt/conda/envs/diffsensei/lib/python3.11/site-packages/torch/nn/modules/module.py:2400: UserWarning: for layer3.5.bn2.bias: copying from a non-meta parameter in the checkpoint to a meta parameter in the current model, which is a no-op. (Did you mean to pass `assign=True` to assign items in the state dictionary to their corresponding key in the module instead of copying them in place?)
  warnings.warn(
/opt/conda/envs/diffsensei/lib/python3.11/site-packages/torch/nn/modules/module.py:2400: UserWarning: for layer3.5.conv3.weight: copying from a non-meta parameter in the checkpoint to a meta parameter in the current model, which is a no-op. (Did you mean to pass `assign=True` to assign items in the state dictionary to their corresponding key in the module instead of copying them in place?)
  warnings.warn(
/opt/conda/envs/diffsensei/lib/python3.11/site-packages/torch/nn/modules/module.py:2400: UserWarning: for layer3.5.bn3.weight: copying from a non-meta parameter in the checkpoint to a meta parameter in the current model, which is a no-op. (Did you mean to pass `assign=True` to assign items in the state dictionary to their corresponding key in the module instead of copying them in place?)
  warnings.warn(
/opt/conda/envs/diffsensei/lib/python3.11/site-packages/torch/nn/modules/module.py:2400: UserWarning: for layer3.5.bn3.bias: copying from a non-meta parameter in the checkpoint to a meta parameter in the current model, which is a no-op. (Did you mean to pass `assign=True` to assign items in the state dictionary to their corresponding key in the module instead of copying them in place?)
  warnings.warn(
/opt/conda/envs/diffsensei/lib/python3.11/site-packages/torch/nn/modules/module.py:2400: UserWarning: for layer4.0.conv1.weight: copying from a non-meta parameter in the checkpoint to a meta parameter in the current model, which is a no-op. (Did you mean to pass `assign=True` to assign items in the state dictionary to their corresponding key in the module instead of copying them in place?)
  warnings.warn(
/opt/conda/envs/diffsensei/lib/python3.11/site-packages/torch/nn/modules/module.py:2400: UserWarning: for layer4.0.bn1.weight: copying from a non-meta parameter in the checkpoint to a meta parameter in the current model, which is a no-op. (Did you mean to pass `assign=True` to assign items in the state dictionary to their corresponding key in the module instead of copying them in place?)
  warnings.warn(
/opt/conda/envs/diffsensei/lib/python3.11/site-packages/torch/nn/modules/module.py:2400: UserWarning: for layer4.0.bn1.bias: copying from a non-meta parameter in the checkpoint to a meta parameter in the current model, which is a no-op. (Did you mean to pass `assign=True` to assign items in the state dictionary to their corresponding key in the module instead of copying them in place?)
  warnings.warn(
/opt/conda/envs/diffsensei/lib/python3.11/site-packages/torch/nn/modules/module.py:2400: UserWarning: for layer4.0.conv2.weight: copying from a non-meta parameter in the checkpoint to a meta parameter in the current model, which is a no-op. (Did you mean to pass `assign=True` to assign items in the state dictionary to their corresponding key in the module instead of copying them in place?)
  warnings.warn(
/opt/conda/envs/diffsensei/lib/python3.11/site-packages/torch/nn/modules/module.py:2400: UserWarning: for layer4.0.conv1.weight: copying from a non-meta parameter in the checkpoint to a meta parameter in the current model, which is a no-op. (Did you mean to pass `assign=True` to assign items in the state dictionary to their corresponding key in the module instead of copying them in place?)
  warnings.warn(
/opt/conda/envs/diffsensei/lib/python3.11/site-packages/torch/nn/modules/module.py:2400: UserWarning: for layer4.0.bn2.weight: copying from a non-meta parameter in the checkpoint to a meta parameter in the current model, which is a no-op. (Did you mean to pass `assign=True` to assign items in the state dictionary to their corresponding key in the module instead of copying them in place?)
  warnings.warn(
/opt/conda/envs/diffsensei/lib/python3.11/site-packages/torch/nn/modules/module.py:2400: UserWarning: for layer4.0.bn1.weight: copying from a non-meta parameter in the checkpoint to a meta parameter in the current model, which is a no-op. (Did you mean to pass `assign=True` to assign items in the state dictionary to their corresponding key in the module instead of copying them in place?)
  warnings.warn(
/opt/conda/envs/diffsensei/lib/python3.11/site-packages/torch/nn/modules/module.py:2400: UserWarning: for layer4.0.bn2.bias: copying from a non-meta parameter in the checkpoint to a meta parameter in the current model, which is a no-op. (Did you mean to pass `assign=True` to assign items in the state dictionary to their corresponding key in the module instead of copying them in place?)
  warnings.warn(
/opt/conda/envs/diffsensei/lib/python3.11/site-packages/torch/nn/modules/module.py:2400: UserWarning: for layer4.0.bn1.bias: copying from a non-meta parameter in the checkpoint to a meta parameter in the current model, which is a no-op. (Did you mean to pass `assign=True` to assign items in the state dictionary to their corresponding key in the module instead of copying them in place?)
  warnings.warn(
/opt/conda/envs/diffsensei/lib/python3.11/site-packages/torch/nn/modules/module.py:2400: UserWarning: for layer4.0.conv2.weight: copying from a non-meta parameter in the checkpoint to a meta parameter in the current model, which is a no-op. (Did you mean to pass `assign=True` to assign items in the state dictionary to their corresponding key in the module instead of copying them in place?)
  warnings.warn(
/opt/conda/envs/diffsensei/lib/python3.11/site-packages/torch/nn/modules/module.py:2400: UserWarning: for layer4.0.conv3.weight: copying from a non-meta parameter in the checkpoint to a meta parameter in the current model, which is a no-op. (Did you mean to pass `assign=True` to assign items in the state dictionary to their corresponding key in the module instead of copying them in place?)
  warnings.warn(
/opt/conda/envs/diffsensei/lib/python3.11/site-packages/torch/nn/modules/module.py:2400: UserWarning: for layer4.0.bn2.weight: copying from a non-meta parameter in the checkpoint to a meta parameter in the current model, which is a no-op. (Did you mean to pass `assign=True` to assign items in the state dictionary to their corresponding key in the module instead of copying them in place?)
  warnings.warn(
/opt/conda/envs/diffsensei/lib/python3.11/site-packages/torch/nn/modules/module.py:2400: UserWarning: for layer4.0.bn3.weight: copying from a non-meta parameter in the checkpoint to a meta parameter in the current model, which is a no-op. (Did you mean to pass `assign=True` to assign items in the state dictionary to their corresponding key in the module instead of copying them in place?)
  warnings.warn(
/opt/conda/envs/diffsensei/lib/python3.11/site-packages/torch/nn/modules/module.py:2400: UserWarning: for layer4.0.bn3.bias: copying from a non-meta parameter in the checkpoint to a meta parameter in the current model, which is a no-op. (Did you mean to pass `assign=True` to assign items in the state dictionary to their corresponding key in the module instead of copying them in place?)
  warnings.warn(
/opt/conda/envs/diffsensei/lib/python3.11/site-packages/torch/nn/modules/module.py:2400: UserWarning: for layer4.0.bn2.bias: copying from a non-meta parameter in the checkpoint to a meta parameter in the current model, which is a no-op. (Did you mean to pass `assign=True` to assign items in the state dictionary to their corresponding key in the module instead of copying them in place?)
  warnings.warn(
/opt/conda/envs/diffsensei/lib/python3.11/site-packages/torch/nn/modules/module.py:2400: UserWarning: for layer4.0.downsample.0.weight: copying from a non-meta parameter in the checkpoint to a meta parameter in the current model, which is a no-op. (Did you mean to pass `assign=True` to assign items in the state dictionary to their corresponding key in the module instead of copying them in place?)
  warnings.warn(
/opt/conda/envs/diffsensei/lib/python3.11/site-packages/torch/nn/modules/module.py:2400: UserWarning: for layer4.0.conv3.weight: copying from a non-meta parameter in the checkpoint to a meta parameter in the current model, which is a no-op. (Did you mean to pass `assign=True` to assign items in the state dictionary to their corresponding key in the module instead of copying them in place?)
  warnings.warn(
/opt/conda/envs/diffsensei/lib/python3.11/site-packages/torch/nn/modules/module.py:2400: UserWarning: for layer4.0.downsample.1.weight: copying from a non-meta parameter in the checkpoint to a meta parameter in the current model, which is a no-op. (Did you mean to pass `assign=True` to assign items in the state dictionary to their corresponding key in the module instead of copying them in place?)
  warnings.warn(
/opt/conda/envs/diffsensei/lib/python3.11/site-packages/torch/nn/modules/module.py:2400: UserWarning: for layer4.0.bn3.weight: copying from a non-meta parameter in the checkpoint to a meta parameter in the current model, which is a no-op. (Did you mean to pass `assign=True` to assign items in the state dictionary to their corresponding key in the module instead of copying them in place?)
  warnings.warn(
/opt/conda/envs/diffsensei/lib/python3.11/site-packages/torch/nn/modules/module.py:2400: UserWarning: for layer4.0.downsample.1.bias: copying from a non-meta parameter in the checkpoint to a meta parameter in the current model, which is a no-op. (Did you mean to pass `assign=True` to assign items in the state dictionary to their corresponding key in the module instead of copying them in place?)
  warnings.warn(
/opt/conda/envs/diffsensei/lib/python3.11/site-packages/torch/nn/modules/module.py:2400: UserWarning: for layer4.0.bn3.bias: copying from a non-meta parameter in the checkpoint to a meta parameter in the current model, which is a no-op. (Did you mean to pass `assign=True` to assign items in the state dictionary to their corresponding key in the module instead of copying them in place?)
  warnings.warn(
/opt/conda/envs/diffsensei/lib/python3.11/site-packages/torch/nn/modules/module.py:2400: UserWarning: for layer4.1.conv1.weight: copying from a non-meta parameter in the checkpoint to a meta parameter in the current model, which is a no-op. (Did you mean to pass `assign=True` to assign items in the state dictionary to their corresponding key in the module instead of copying them in place?)
  warnings.warn(
/opt/conda/envs/diffsensei/lib/python3.11/site-packages/torch/nn/modules/module.py:2400: UserWarning: for layer4.1.bn1.weight: copying from a non-meta parameter in the checkpoint to a meta parameter in the current model, which is a no-op. (Did you mean to pass `assign=True` to assign items in the state dictionary to their corresponding key in the module instead of copying them in place?)
  warnings.warn(
/opt/conda/envs/diffsensei/lib/python3.11/site-packages/torch/nn/modules/module.py:2400: UserWarning: for layer4.0.downsample.0.weight: copying from a non-meta parameter in the checkpoint to a meta parameter in the current model, which is a no-op. (Did you mean to pass `assign=True` to assign items in the state dictionary to their corresponding key in the module instead of copying them in place?)
  warnings.warn(
/opt/conda/envs/diffsensei/lib/python3.11/site-packages/torch/nn/modules/module.py:2400: UserWarning: for layer4.1.bn1.bias: copying from a non-meta parameter in the checkpoint to a meta parameter in the current model, which is a no-op. (Did you mean to pass `assign=True` to assign items in the state dictionary to their corresponding key in the module instead of copying them in place?)
  warnings.warn(
/opt/conda/envs/diffsensei/lib/python3.11/site-packages/torch/nn/modules/module.py:2400: UserWarning: for layer4.0.downsample.1.weight: copying from a non-meta parameter in the checkpoint to a meta parameter in the current model, which is a no-op. (Did you mean to pass `assign=True` to assign items in the state dictionary to their corresponding key in the module instead of copying them in place?)
  warnings.warn(
/opt/conda/envs/diffsensei/lib/python3.11/site-packages/torch/nn/modules/module.py:2400: UserWarning: for layer4.1.conv2.weight: copying from a non-meta parameter in the checkpoint to a meta parameter in the current model, which is a no-op. (Did you mean to pass `assign=True` to assign items in the state dictionary to their corresponding key in the module instead of copying them in place?)
  warnings.warn(
/opt/conda/envs/diffsensei/lib/python3.11/site-packages/torch/nn/modules/module.py:2400: UserWarning: for layer4.1.bn2.weight: copying from a non-meta parameter in the checkpoint to a meta parameter in the current model, which is a no-op. (Did you mean to pass `assign=True` to assign items in the state dictionary to their corresponding key in the module instead of copying them in place?)
  warnings.warn(
/opt/conda/envs/diffsensei/lib/python3.11/site-packages/torch/nn/modules/module.py:2400: UserWarning: for layer4.0.downsample.1.bias: copying from a non-meta parameter in the checkpoint to a meta parameter in the current model, which is a no-op. (Did you mean to pass `assign=True` to assign items in the state dictionary to their corresponding key in the module instead of copying them in place?)
  warnings.warn(
/opt/conda/envs/diffsensei/lib/python3.11/site-packages/torch/nn/modules/module.py:2400: UserWarning: for layer4.1.bn2.bias: copying from a non-meta parameter in the checkpoint to a meta parameter in the current model, which is a no-op. (Did you mean to pass `assign=True` to assign items in the state dictionary to their corresponding key in the module instead of copying them in place?)
  warnings.warn(
/opt/conda/envs/diffsensei/lib/python3.11/site-packages/torch/nn/modules/module.py:2400: UserWarning: for layer4.1.conv3.weight: copying from a non-meta parameter in the checkpoint to a meta parameter in the current model, which is a no-op. (Did you mean to pass `assign=True` to assign items in the state dictionary to their corresponding key in the module instead of copying them in place?)
  warnings.warn(
/opt/conda/envs/diffsensei/lib/python3.11/site-packages/torch/nn/modules/module.py:2400: UserWarning: for layer4.1.bn3.weight: copying from a non-meta parameter in the checkpoint to a meta parameter in the current model, which is a no-op. (Did you mean to pass `assign=True` to assign items in the state dictionary to their corresponding key in the module instead of copying them in place?)
  warnings.warn(
/opt/conda/envs/diffsensei/lib/python3.11/site-packages/torch/nn/modules/module.py:2400: UserWarning: for layer4.1.conv1.weight: copying from a non-meta parameter in the checkpoint to a meta parameter in the current model, which is a no-op. (Did you mean to pass `assign=True` to assign items in the state dictionary to their corresponding key in the module instead of copying them in place?)
  warnings.warn(
/opt/conda/envs/diffsensei/lib/python3.11/site-packages/torch/nn/modules/module.py:2400: UserWarning: for layer4.1.bn3.bias: copying from a non-meta parameter in the checkpoint to a meta parameter in the current model, which is a no-op. (Did you mean to pass `assign=True` to assign items in the state dictionary to their corresponding key in the module instead of copying them in place?)
  warnings.warn(
/opt/conda/envs/diffsensei/lib/python3.11/site-packages/torch/nn/modules/module.py:2400: UserWarning: for layer4.1.bn1.weight: copying from a non-meta parameter in the checkpoint to a meta parameter in the current model, which is a no-op. (Did you mean to pass `assign=True` to assign items in the state dictionary to their corresponding key in the module instead of copying them in place?)
  warnings.warn(
/opt/conda/envs/diffsensei/lib/python3.11/site-packages/torch/nn/modules/module.py:2400: UserWarning: for layer4.2.conv1.weight: copying from a non-meta parameter in the checkpoint to a meta parameter in the current model, which is a no-op. (Did you mean to pass `assign=True` to assign items in the state dictionary to their corresponding key in the module instead of copying them in place?)
  warnings.warn(
/opt/conda/envs/diffsensei/lib/python3.11/site-packages/torch/nn/modules/module.py:2400: UserWarning: for layer4.1.bn1.bias: copying from a non-meta parameter in the checkpoint to a meta parameter in the current model, which is a no-op. (Did you mean to pass `assign=True` to assign items in the state dictionary to their corresponding key in the module instead of copying them in place?)
  warnings.warn(
/opt/conda/envs/diffsensei/lib/python3.11/site-packages/torch/nn/modules/module.py:2400: UserWarning: for layer4.2.bn1.weight: copying from a non-meta parameter in the checkpoint to a meta parameter in the current model, which is a no-op. (Did you mean to pass `assign=True` to assign items in the state dictionary to their corresponding key in the module instead of copying them in place?)
  warnings.warn(
/opt/conda/envs/diffsensei/lib/python3.11/site-packages/torch/nn/modules/module.py:2400: UserWarning: for layer4.2.bn1.bias: copying from a non-meta parameter in the checkpoint to a meta parameter in the current model, which is a no-op. (Did you mean to pass `assign=True` to assign items in the state dictionary to their corresponding key in the module instead of copying them in place?)
  warnings.warn(
/opt/conda/envs/diffsensei/lib/python3.11/site-packages/torch/nn/modules/module.py:2400: UserWarning: for layer4.2.conv2.weight: copying from a non-meta parameter in the checkpoint to a meta parameter in the current model, which is a no-op. (Did you mean to pass `assign=True` to assign items in the state dictionary to their corresponding key in the module instead of copying them in place?)
  warnings.warn(
/opt/conda/envs/diffsensei/lib/python3.11/site-packages/torch/nn/modules/module.py:2400: UserWarning: for layer4.1.conv2.weight: copying from a non-meta parameter in the checkpoint to a meta parameter in the current model, which is a no-op. (Did you mean to pass `assign=True` to assign items in the state dictionary to their corresponding key in the module instead of copying them in place?)
  warnings.warn(
/opt/conda/envs/diffsensei/lib/python3.11/site-packages/torch/nn/modules/module.py:2400: UserWarning: for layer4.2.bn2.weight: copying from a non-meta parameter in the checkpoint to a meta parameter in the current model, which is a no-op. (Did you mean to pass `assign=True` to assign items in the state dictionary to their corresponding key in the module instead of copying them in place?)
  warnings.warn(
/opt/conda/envs/diffsensei/lib/python3.11/site-packages/torch/nn/modules/module.py:2400: UserWarning: for layer4.2.bn2.bias: copying from a non-meta parameter in the checkpoint to a meta parameter in the current model, which is a no-op. (Did you mean to pass `assign=True` to assign items in the state dictionary to their corresponding key in the module instead of copying them in place?)
  warnings.warn(
/opt/conda/envs/diffsensei/lib/python3.11/site-packages/torch/nn/modules/module.py:2400: UserWarning: for layer4.1.bn2.weight: copying from a non-meta parameter in the checkpoint to a meta parameter in the current model, which is a no-op. (Did you mean to pass `assign=True` to assign items in the state dictionary to their corresponding key in the module instead of copying them in place?)
  warnings.warn(
/opt/conda/envs/diffsensei/lib/python3.11/site-packages/torch/nn/modules/module.py:2400: UserWarning: for layer4.1.bn2.bias: copying from a non-meta parameter in the checkpoint to a meta parameter in the current model, which is a no-op. (Did you mean to pass `assign=True` to assign items in the state dictionary to their corresponding key in the module instead of copying them in place?)
  warnings.warn(
/opt/conda/envs/diffsensei/lib/python3.11/site-packages/torch/nn/modules/module.py:2400: UserWarning: for layer4.2.conv3.weight: copying from a non-meta parameter in the checkpoint to a meta parameter in the current model, which is a no-op. (Did you mean to pass `assign=True` to assign items in the state dictionary to their corresponding key in the module instead of copying them in place?)
  warnings.warn(
/opt/conda/envs/diffsensei/lib/python3.11/site-packages/torch/nn/modules/module.py:2400: UserWarning: for layer4.2.bn3.weight: copying from a non-meta parameter in the checkpoint to a meta parameter in the current model, which is a no-op. (Did you mean to pass `assign=True` to assign items in the state dictionary to their corresponding key in the module instead of copying them in place?)
  warnings.warn(
/opt/conda/envs/diffsensei/lib/python3.11/site-packages/torch/nn/modules/module.py:2400: UserWarning: for layer4.2.bn3.bias: copying from a non-meta parameter in the checkpoint to a meta parameter in the current model, which is a no-op. (Did you mean to pass `assign=True` to assign items in the state dictionary to their corresponding key in the module instead of copying them in place?)
  warnings.warn(
/opt/conda/envs/diffsensei/lib/python3.11/site-packages/torch/nn/modules/module.py:2400: UserWarning: for layer4.1.conv3.weight: copying from a non-meta parameter in the checkpoint to a meta parameter in the current model, which is a no-op. (Did you mean to pass `assign=True` to assign items in the state dictionary to their corresponding key in the module instead of copying them in place?)
  warnings.warn(
/opt/conda/envs/diffsensei/lib/python3.11/site-packages/torch/nn/modules/module.py:2400: UserWarning: for layer4.1.bn3.weight: copying from a non-meta parameter in the checkpoint to a meta parameter in the current model, which is a no-op. (Did you mean to pass `assign=True` to assign items in the state dictionary to their corresponding key in the module instead of copying them in place?)
  warnings.warn(
/opt/conda/envs/diffsensei/lib/python3.11/site-packages/torch/nn/modules/module.py:2400: UserWarning: for layer4.1.bn3.bias: copying from a non-meta parameter in the checkpoint to a meta parameter in the current model, which is a no-op. (Did you mean to pass `assign=True` to assign items in the state dictionary to their corresponding key in the module instead of copying them in place?)
  warnings.warn(
/opt/conda/envs/diffsensei/lib/python3.11/site-packages/torch/nn/modules/module.py:2400: UserWarning: for layer4.2.conv1.weight: copying from a non-meta parameter in the checkpoint to a meta parameter in the current model, which is a no-op. (Did you mean to pass `assign=True` to assign items in the state dictionary to their corresponding key in the module instead of copying them in place?)
  warnings.warn(
/opt/conda/envs/diffsensei/lib/python3.11/site-packages/torch/nn/modules/module.py:2400: UserWarning: for layer4.2.bn1.weight: copying from a non-meta parameter in the checkpoint to a meta parameter in the current model, which is a no-op. (Did you mean to pass `assign=True` to assign items in the state dictionary to their corresponding key in the module instead of copying them in place?)
  warnings.warn(
/opt/conda/envs/diffsensei/lib/python3.11/site-packages/torch/nn/modules/module.py:2400: UserWarning: for layer4.2.bn1.bias: copying from a non-meta parameter in the checkpoint to a meta parameter in the current model, which is a no-op. (Did you mean to pass `assign=True` to assign items in the state dictionary to their corresponding key in the module instead of copying them in place?)
  warnings.warn(
/opt/conda/envs/diffsensei/lib/python3.11/site-packages/torch/nn/modules/module.py:2400: UserWarning: for layer4.2.conv2.weight: copying from a non-meta parameter in the checkpoint to a meta parameter in the current model, which is a no-op. (Did you mean to pass `assign=True` to assign items in the state dictionary to their corresponding key in the module instead of copying them in place?)
  warnings.warn(
/opt/conda/envs/diffsensei/lib/python3.11/site-packages/torch/nn/modules/module.py:2400: UserWarning: for layer4.2.bn2.weight: copying from a non-meta parameter in the checkpoint to a meta parameter in the current model, which is a no-op. (Did you mean to pass `assign=True` to assign items in the state dictionary to their corresponding key in the module instead of copying them in place?)
  warnings.warn(
/opt/conda/envs/diffsensei/lib/python3.11/site-packages/torch/nn/modules/module.py:2400: UserWarning: for layer4.2.bn2.bias: copying from a non-meta parameter in the checkpoint to a meta parameter in the current model, which is a no-op. (Did you mean to pass `assign=True` to assign items in the state dictionary to their corresponding key in the module instead of copying them in place?)
  warnings.warn(
/opt/conda/envs/diffsensei/lib/python3.11/site-packages/torch/nn/modules/module.py:2400: UserWarning: for layer4.2.conv3.weight: copying from a non-meta parameter in the checkpoint to a meta parameter in the current model, which is a no-op. (Did you mean to pass `assign=True` to assign items in the state dictionary to their corresponding key in the module instead of copying them in place?)
  warnings.warn(
/opt/conda/envs/diffsensei/lib/python3.11/site-packages/torch/nn/modules/module.py:2400: UserWarning: for layer4.2.bn3.weight: copying from a non-meta parameter in the checkpoint to a meta parameter in the current model, which is a no-op. (Did you mean to pass `assign=True` to assign items in the state dictionary to their corresponding key in the module instead of copying them in place?)
  warnings.warn(
/opt/conda/envs/diffsensei/lib/python3.11/site-packages/torch/nn/modules/module.py:2400: UserWarning: for layer4.2.bn3.bias: copying from a non-meta parameter in the checkpoint to a meta parameter in the current model, which is a no-op. (Did you mean to pass `assign=True` to assign items in the state dictionary to their corresponding key in the module instead of copying them in place?)
  warnings.warn(
/opt/conda/envs/diffsensei/lib/python3.11/site-packages/torch/nn/modules/module.py:2400: UserWarning: for conv1.weight: copying from a non-meta parameter in the checkpoint to a meta parameter in the current model, which is a no-op. (Did you mean to pass `assign=True` to assign items in the state dictionary to their corresponding key in the module instead of copying them in place?)
  warnings.warn(
/opt/conda/envs/diffsensei/lib/python3.11/site-packages/torch/nn/modules/module.py:2400: UserWarning: for bn1.weight: copying from a non-meta parameter in the checkpoint to a meta parameter in the current model, which is a no-op. (Did you mean to pass `assign=True` to assign items in the state dictionary to their corresponding key in the module instead of copying them in place?)
  warnings.warn(
/opt/conda/envs/diffsensei/lib/python3.11/site-packages/torch/nn/modules/module.py:2400: UserWarning: for bn1.bias: copying from a non-meta parameter in the checkpoint to a meta parameter in the current model, which is a no-op. (Did you mean to pass `assign=True` to assign items in the state dictionary to their corresponding key in the module instead of copying them in place?)
  warnings.warn(
/opt/conda/envs/diffsensei/lib/python3.11/site-packages/torch/nn/modules/module.py:2400: UserWarning: for layer1.0.conv1.weight: copying from a non-meta parameter in the checkpoint to a meta parameter in the current model, which is a no-op. (Did you mean to pass `assign=True` to assign items in the state dictionary to their corresponding key in the module instead of copying them in place?)
  warnings.warn(
/opt/conda/envs/diffsensei/lib/python3.11/site-packages/torch/nn/modules/module.py:2400: UserWarning: for layer1.0.bn1.weight: copying from a non-meta parameter in the checkpoint to a meta parameter in the current model, which is a no-op. (Did you mean to pass `assign=True` to assign items in the state dictionary to their corresponding key in the module instead of copying them in place?)
  warnings.warn(
/opt/conda/envs/diffsensei/lib/python3.11/site-packages/torch/nn/modules/module.py:2400: UserWarning: for layer1.0.bn1.bias: copying from a non-meta parameter in the checkpoint to a meta parameter in the current model, which is a no-op. (Did you mean to pass `assign=True` to assign items in the state dictionary to their corresponding key in the module instead of copying them in place?)
  warnings.warn(
/opt/conda/envs/diffsensei/lib/python3.11/site-packages/torch/nn/modules/module.py:2400: UserWarning: for layer1.0.conv2.weight: copying from a non-meta parameter in the checkpoint to a meta parameter in the current model, which is a no-op. (Did you mean to pass `assign=True` to assign items in the state dictionary to their corresponding key in the module instead of copying them in place?)
  warnings.warn(
/opt/conda/envs/diffsensei/lib/python3.11/site-packages/torch/nn/modules/module.py:2400: UserWarning: for layer1.0.bn2.weight: copying from a non-meta parameter in the checkpoint to a meta parameter in the current model, which is a no-op. (Did you mean to pass `assign=True` to assign items in the state dictionary to their corresponding key in the module instead of copying them in place?)
  warnings.warn(
/opt/conda/envs/diffsensei/lib/python3.11/site-packages/torch/nn/modules/module.py:2400: UserWarning: for layer1.0.bn2.bias: copying from a non-meta parameter in the checkpoint to a meta parameter in the current model, which is a no-op. (Did you mean to pass `assign=True` to assign items in the state dictionary to their corresponding key in the module instead of copying them in place?)
  warnings.warn(
/opt/conda/envs/diffsensei/lib/python3.11/site-packages/torch/nn/modules/module.py:2400: UserWarning: for layer1.0.conv3.weight: copying from a non-meta parameter in the checkpoint to a meta parameter in the current model, which is a no-op. (Did you mean to pass `assign=True` to assign items in the state dictionary to their corresponding key in the module instead of copying them in place?)
  warnings.warn(
/opt/conda/envs/diffsensei/lib/python3.11/site-packages/torch/nn/modules/module.py:2400: UserWarning: for layer1.0.bn3.weight: copying from a non-meta parameter in the checkpoint to a meta parameter in the current model, which is a no-op. (Did you mean to pass `assign=True` to assign items in the state dictionary to their corresponding key in the module instead of copying them in place?)
  warnings.warn(
/opt/conda/envs/diffsensei/lib/python3.11/site-packages/torch/nn/modules/module.py:2400: UserWarning: for layer1.0.bn3.bias: copying from a non-meta parameter in the checkpoint to a meta parameter in the current model, which is a no-op. (Did you mean to pass `assign=True` to assign items in the state dictionary to their corresponding key in the module instead of copying them in place?)
  warnings.warn(
/opt/conda/envs/diffsensei/lib/python3.11/site-packages/torch/nn/modules/module.py:2400: UserWarning: for layer1.0.downsample.0.weight: copying from a non-meta parameter in the checkpoint to a meta parameter in the current model, which is a no-op. (Did you mean to pass `assign=True` to assign items in the state dictionary to their corresponding key in the module instead of copying them in place?)
  warnings.warn(
/opt/conda/envs/diffsensei/lib/python3.11/site-packages/torch/nn/modules/module.py:2400: UserWarning: for layer1.0.downsample.1.weight: copying from a non-meta parameter in the checkpoint to a meta parameter in the current model, which is a no-op. (Did you mean to pass `assign=True` to assign items in the state dictionary to their corresponding key in the module instead of copying them in place?)
  warnings.warn(
/opt/conda/envs/diffsensei/lib/python3.11/site-packages/torch/nn/modules/module.py:2400: UserWarning: for layer1.0.downsample.1.bias: copying from a non-meta parameter in the checkpoint to a meta parameter in the current model, which is a no-op. (Did you mean to pass `assign=True` to assign items in the state dictionary to their corresponding key in the module instead of copying them in place?)
  warnings.warn(
/opt/conda/envs/diffsensei/lib/python3.11/site-packages/torch/nn/modules/module.py:2400: UserWarning: for layer1.1.conv1.weight: copying from a non-meta parameter in the checkpoint to a meta parameter in the current model, which is a no-op. (Did you mean to pass `assign=True` to assign items in the state dictionary to their corresponding key in the module instead of copying them in place?)
  warnings.warn(
/opt/conda/envs/diffsensei/lib/python3.11/site-packages/torch/nn/modules/module.py:2400: UserWarning: for layer1.1.bn1.weight: copying from a non-meta parameter in the checkpoint to a meta parameter in the current model, which is a no-op. (Did you mean to pass `assign=True` to assign items in the state dictionary to their corresponding key in the module instead of copying them in place?)
  warnings.warn(
/opt/conda/envs/diffsensei/lib/python3.11/site-packages/torch/nn/modules/module.py:2400: UserWarning: for layer1.1.bn1.bias: copying from a non-meta parameter in the checkpoint to a meta parameter in the current model, which is a no-op. (Did you mean to pass `assign=True` to assign items in the state dictionary to their corresponding key in the module instead of copying them in place?)
  warnings.warn(
/opt/conda/envs/diffsensei/lib/python3.11/site-packages/torch/nn/modules/module.py:2400: UserWarning: for layer1.1.conv2.weight: copying from a non-meta parameter in the checkpoint to a meta parameter in the current model, which is a no-op. (Did you mean to pass `assign=True` to assign items in the state dictionary to their corresponding key in the module instead of copying them in place?)
  warnings.warn(
/opt/conda/envs/diffsensei/lib/python3.11/site-packages/torch/nn/modules/module.py:2400: UserWarning: for layer1.1.bn2.weight: copying from a non-meta parameter in the checkpoint to a meta parameter in the current model, which is a no-op. (Did you mean to pass `assign=True` to assign items in the state dictionary to their corresponding key in the module instead of copying them in place?)
  warnings.warn(
/opt/conda/envs/diffsensei/lib/python3.11/site-packages/torch/nn/modules/module.py:2400: UserWarning: for layer1.1.bn2.bias: copying from a non-meta parameter in the checkpoint to a meta parameter in the current model, which is a no-op. (Did you mean to pass `assign=True` to assign items in the state dictionary to their corresponding key in the module instead of copying them in place?)
  warnings.warn(
/opt/conda/envs/diffsensei/lib/python3.11/site-packages/torch/nn/modules/module.py:2400: UserWarning: for layer1.1.conv3.weight: copying from a non-meta parameter in the checkpoint to a meta parameter in the current model, which is a no-op. (Did you mean to pass `assign=True` to assign items in the state dictionary to their corresponding key in the module instead of copying them in place?)
  warnings.warn(
/opt/conda/envs/diffsensei/lib/python3.11/site-packages/torch/nn/modules/module.py:2400: UserWarning: for layer1.1.bn3.weight: copying from a non-meta parameter in the checkpoint to a meta parameter in the current model, which is a no-op. (Did you mean to pass `assign=True` to assign items in the state dictionary to their corresponding key in the module instead of copying them in place?)
  warnings.warn(
/opt/conda/envs/diffsensei/lib/python3.11/site-packages/torch/nn/modules/module.py:2400: UserWarning: for layer1.1.bn3.bias: copying from a non-meta parameter in the checkpoint to a meta parameter in the current model, which is a no-op. (Did you mean to pass `assign=True` to assign items in the state dictionary to their corresponding key in the module instead of copying them in place?)
  warnings.warn(
/opt/conda/envs/diffsensei/lib/python3.11/site-packages/torch/nn/modules/module.py:2400: UserWarning: for layer1.2.conv1.weight: copying from a non-meta parameter in the checkpoint to a meta parameter in the current model, which is a no-op. (Did you mean to pass `assign=True` to assign items in the state dictionary to their corresponding key in the module instead of copying them in place?)
  warnings.warn(
/opt/conda/envs/diffsensei/lib/python3.11/site-packages/torch/nn/modules/module.py:2400: UserWarning: for layer1.2.bn1.weight: copying from a non-meta parameter in the checkpoint to a meta parameter in the current model, which is a no-op. (Did you mean to pass `assign=True` to assign items in the state dictionary to their corresponding key in the module instead of copying them in place?)
  warnings.warn(
/opt/conda/envs/diffsensei/lib/python3.11/site-packages/torch/nn/modules/module.py:2400: UserWarning: for layer1.2.bn1.bias: copying from a non-meta parameter in the checkpoint to a meta parameter in the current model, which is a no-op. (Did you mean to pass `assign=True` to assign items in the state dictionary to their corresponding key in the module instead of copying them in place?)
  warnings.warn(
/opt/conda/envs/diffsensei/lib/python3.11/site-packages/torch/nn/modules/module.py:2400: UserWarning: for layer1.2.conv2.weight: copying from a non-meta parameter in the checkpoint to a meta parameter in the current model, which is a no-op. (Did you mean to pass `assign=True` to assign items in the state dictionary to their corresponding key in the module instead of copying them in place?)
  warnings.warn(
/opt/conda/envs/diffsensei/lib/python3.11/site-packages/torch/nn/modules/module.py:2400: UserWarning: for layer1.2.bn2.weight: copying from a non-meta parameter in the checkpoint to a meta parameter in the current model, which is a no-op. (Did you mean to pass `assign=True` to assign items in the state dictionary to their corresponding key in the module instead of copying them in place?)
  warnings.warn(
/opt/conda/envs/diffsensei/lib/python3.11/site-packages/torch/nn/modules/module.py:2400: UserWarning: for layer1.2.bn2.bias: copying from a non-meta parameter in the checkpoint to a meta parameter in the current model, which is a no-op. (Did you mean to pass `assign=True` to assign items in the state dictionary to their corresponding key in the module instead of copying them in place?)
  warnings.warn(
/opt/conda/envs/diffsensei/lib/python3.11/site-packages/torch/nn/modules/module.py:2400: UserWarning: for layer1.2.conv3.weight: copying from a non-meta parameter in the checkpoint to a meta parameter in the current model, which is a no-op. (Did you mean to pass `assign=True` to assign items in the state dictionary to their corresponding key in the module instead of copying them in place?)
  warnings.warn(
/opt/conda/envs/diffsensei/lib/python3.11/site-packages/torch/nn/modules/module.py:2400: UserWarning: for layer1.2.bn3.weight: copying from a non-meta parameter in the checkpoint to a meta parameter in the current model, which is a no-op. (Did you mean to pass `assign=True` to assign items in the state dictionary to their corresponding key in the module instead of copying them in place?)
  warnings.warn(
/opt/conda/envs/diffsensei/lib/python3.11/site-packages/torch/nn/modules/module.py:2400: UserWarning: for layer1.2.bn3.bias: copying from a non-meta parameter in the checkpoint to a meta parameter in the current model, which is a no-op. (Did you mean to pass `assign=True` to assign items in the state dictionary to their corresponding key in the module instead of copying them in place?)
  warnings.warn(
/opt/conda/envs/diffsensei/lib/python3.11/site-packages/torch/nn/modules/module.py:2400: UserWarning: for layer2.0.conv1.weight: copying from a non-meta parameter in the checkpoint to a meta parameter in the current model, which is a no-op. (Did you mean to pass `assign=True` to assign items in the state dictionary to their corresponding key in the module instead of copying them in place?)
  warnings.warn(
/opt/conda/envs/diffsensei/lib/python3.11/site-packages/torch/nn/modules/module.py:2400: UserWarning: for layer2.0.bn1.weight: copying from a non-meta parameter in the checkpoint to a meta parameter in the current model, which is a no-op. (Did you mean to pass `assign=True` to assign items in the state dictionary to their corresponding key in the module instead of copying them in place?)
  warnings.warn(
/opt/conda/envs/diffsensei/lib/python3.11/site-packages/torch/nn/modules/module.py:2400: UserWarning: for layer2.0.bn1.bias: copying from a non-meta parameter in the checkpoint to a meta parameter in the current model, which is a no-op. (Did you mean to pass `assign=True` to assign items in the state dictionary to their corresponding key in the module instead of copying them in place?)
  warnings.warn(
/opt/conda/envs/diffsensei/lib/python3.11/site-packages/torch/nn/modules/module.py:2400: UserWarning: for layer2.0.conv2.weight: copying from a non-meta parameter in the checkpoint to a meta parameter in the current model, which is a no-op. (Did you mean to pass `assign=True` to assign items in the state dictionary to their corresponding key in the module instead of copying them in place?)
  warnings.warn(
/opt/conda/envs/diffsensei/lib/python3.11/site-packages/torch/nn/modules/module.py:2400: UserWarning: for layer2.0.bn2.weight: copying from a non-meta parameter in the checkpoint to a meta parameter in the current model, which is a no-op. (Did you mean to pass `assign=True` to assign items in the state dictionary to their corresponding key in the module instead of copying them in place?)
  warnings.warn(
/opt/conda/envs/diffsensei/lib/python3.11/site-packages/torch/nn/modules/module.py:2400: UserWarning: for layer2.0.bn2.bias: copying from a non-meta parameter in the checkpoint to a meta parameter in the current model, which is a no-op. (Did you mean to pass `assign=True` to assign items in the state dictionary to their corresponding key in the module instead of copying them in place?)
  warnings.warn(
/opt/conda/envs/diffsensei/lib/python3.11/site-packages/torch/nn/modules/module.py:2400: UserWarning: for layer2.0.conv3.weight: copying from a non-meta parameter in the checkpoint to a meta parameter in the current model, which is a no-op. (Did you mean to pass `assign=True` to assign items in the state dictionary to their corresponding key in the module instead of copying them in place?)
  warnings.warn(
/opt/conda/envs/diffsensei/lib/python3.11/site-packages/torch/nn/modules/module.py:2400: UserWarning: for layer2.0.bn3.weight: copying from a non-meta parameter in the checkpoint to a meta parameter in the current model, which is a no-op. (Did you mean to pass `assign=True` to assign items in the state dictionary to their corresponding key in the module instead of copying them in place?)
  warnings.warn(
/opt/conda/envs/diffsensei/lib/python3.11/site-packages/torch/nn/modules/module.py:2400: UserWarning: for layer2.0.bn3.bias: copying from a non-meta parameter in the checkpoint to a meta parameter in the current model, which is a no-op. (Did you mean to pass `assign=True` to assign items in the state dictionary to their corresponding key in the module instead of copying them in place?)
  warnings.warn(
/opt/conda/envs/diffsensei/lib/python3.11/site-packages/torch/nn/modules/module.py:2400: UserWarning: for layer2.0.downsample.0.weight: copying from a non-meta parameter in the checkpoint to a meta parameter in the current model, which is a no-op. (Did you mean to pass `assign=True` to assign items in the state dictionary to their corresponding key in the module instead of copying them in place?)
  warnings.warn(
/opt/conda/envs/diffsensei/lib/python3.11/site-packages/torch/nn/modules/module.py:2400: UserWarning: for layer2.0.downsample.1.weight: copying from a non-meta parameter in the checkpoint to a meta parameter in the current model, which is a no-op. (Did you mean to pass `assign=True` to assign items in the state dictionary to their corresponding key in the module instead of copying them in place?)
  warnings.warn(
/opt/conda/envs/diffsensei/lib/python3.11/site-packages/torch/nn/modules/module.py:2400: UserWarning: for layer2.0.downsample.1.bias: copying from a non-meta parameter in the checkpoint to a meta parameter in the current model, which is a no-op. (Did you mean to pass `assign=True` to assign items in the state dictionary to their corresponding key in the module instead of copying them in place?)
  warnings.warn(
/opt/conda/envs/diffsensei/lib/python3.11/site-packages/torch/nn/modules/module.py:2400: UserWarning: for layer2.1.conv1.weight: copying from a non-meta parameter in the checkpoint to a meta parameter in the current model, which is a no-op. (Did you mean to pass `assign=True` to assign items in the state dictionary to their corresponding key in the module instead of copying them in place?)
  warnings.warn(
/opt/conda/envs/diffsensei/lib/python3.11/site-packages/torch/nn/modules/module.py:2400: UserWarning: for layer2.1.bn1.weight: copying from a non-meta parameter in the checkpoint to a meta parameter in the current model, which is a no-op. (Did you mean to pass `assign=True` to assign items in the state dictionary to their corresponding key in the module instead of copying them in place?)
  warnings.warn(
/opt/conda/envs/diffsensei/lib/python3.11/site-packages/torch/nn/modules/module.py:2400: UserWarning: for layer2.1.bn1.bias: copying from a non-meta parameter in the checkpoint to a meta parameter in the current model, which is a no-op. (Did you mean to pass `assign=True` to assign items in the state dictionary to their corresponding key in the module instead of copying them in place?)
  warnings.warn(
/opt/conda/envs/diffsensei/lib/python3.11/site-packages/torch/nn/modules/module.py:2400: UserWarning: for layer2.1.conv2.weight: copying from a non-meta parameter in the checkpoint to a meta parameter in the current model, which is a no-op. (Did you mean to pass `assign=True` to assign items in the state dictionary to their corresponding key in the module instead of copying them in place?)
  warnings.warn(
/opt/conda/envs/diffsensei/lib/python3.11/site-packages/torch/nn/modules/module.py:2400: UserWarning: for layer2.1.bn2.weight: copying from a non-meta parameter in the checkpoint to a meta parameter in the current model, which is a no-op. (Did you mean to pass `assign=True` to assign items in the state dictionary to their corresponding key in the module instead of copying them in place?)
  warnings.warn(
/opt/conda/envs/diffsensei/lib/python3.11/site-packages/torch/nn/modules/module.py:2400: UserWarning: for layer2.1.bn2.bias: copying from a non-meta parameter in the checkpoint to a meta parameter in the current model, which is a no-op. (Did you mean to pass `assign=True` to assign items in the state dictionary to their corresponding key in the module instead of copying them in place?)
  warnings.warn(
/opt/conda/envs/diffsensei/lib/python3.11/site-packages/torch/nn/modules/module.py:2400: UserWarning: for layer2.1.conv3.weight: copying from a non-meta parameter in the checkpoint to a meta parameter in the current model, which is a no-op. (Did you mean to pass `assign=True` to assign items in the state dictionary to their corresponding key in the module instead of copying them in place?)
  warnings.warn(
/opt/conda/envs/diffsensei/lib/python3.11/site-packages/torch/nn/modules/module.py:2400: UserWarning: for layer2.1.bn3.weight: copying from a non-meta parameter in the checkpoint to a meta parameter in the current model, which is a no-op. (Did you mean to pass `assign=True` to assign items in the state dictionary to their corresponding key in the module instead of copying them in place?)
  warnings.warn(
/opt/conda/envs/diffsensei/lib/python3.11/site-packages/torch/nn/modules/module.py:2400: UserWarning: for layer2.1.bn3.bias: copying from a non-meta parameter in the checkpoint to a meta parameter in the current model, which is a no-op. (Did you mean to pass `assign=True` to assign items in the state dictionary to their corresponding key in the module instead of copying them in place?)
  warnings.warn(
/opt/conda/envs/diffsensei/lib/python3.11/site-packages/torch/nn/modules/module.py:2400: UserWarning: for layer2.2.conv1.weight: copying from a non-meta parameter in the checkpoint to a meta parameter in the current model, which is a no-op. (Did you mean to pass `assign=True` to assign items in the state dictionary to their corresponding key in the module instead of copying them in place?)
  warnings.warn(
/opt/conda/envs/diffsensei/lib/python3.11/site-packages/torch/nn/modules/module.py:2400: UserWarning: for layer2.2.bn1.weight: copying from a non-meta parameter in the checkpoint to a meta parameter in the current model, which is a no-op. (Did you mean to pass `assign=True` to assign items in the state dictionary to their corresponding key in the module instead of copying them in place?)
  warnings.warn(
/opt/conda/envs/diffsensei/lib/python3.11/site-packages/torch/nn/modules/module.py:2400: UserWarning: for layer2.2.bn1.bias: copying from a non-meta parameter in the checkpoint to a meta parameter in the current model, which is a no-op. (Did you mean to pass `assign=True` to assign items in the state dictionary to their corresponding key in the module instead of copying them in place?)
  warnings.warn(
/opt/conda/envs/diffsensei/lib/python3.11/site-packages/torch/nn/modules/module.py:2400: UserWarning: for layer2.2.conv2.weight: copying from a non-meta parameter in the checkpoint to a meta parameter in the current model, which is a no-op. (Did you mean to pass `assign=True` to assign items in the state dictionary to their corresponding key in the module instead of copying them in place?)
  warnings.warn(
/opt/conda/envs/diffsensei/lib/python3.11/site-packages/torch/nn/modules/module.py:2400: UserWarning: for layer2.2.bn2.weight: copying from a non-meta parameter in the checkpoint to a meta parameter in the current model, which is a no-op. (Did you mean to pass `assign=True` to assign items in the state dictionary to their corresponding key in the module instead of copying them in place?)
  warnings.warn(
/opt/conda/envs/diffsensei/lib/python3.11/site-packages/torch/nn/modules/module.py:2400: UserWarning: for layer2.2.bn2.bias: copying from a non-meta parameter in the checkpoint to a meta parameter in the current model, which is a no-op. (Did you mean to pass `assign=True` to assign items in the state dictionary to their corresponding key in the module instead of copying them in place?)
  warnings.warn(
/opt/conda/envs/diffsensei/lib/python3.11/site-packages/torch/nn/modules/module.py:2400: UserWarning: for layer2.2.conv3.weight: copying from a non-meta parameter in the checkpoint to a meta parameter in the current model, which is a no-op. (Did you mean to pass `assign=True` to assign items in the state dictionary to their corresponding key in the module instead of copying them in place?)
  warnings.warn(
/opt/conda/envs/diffsensei/lib/python3.11/site-packages/torch/nn/modules/module.py:2400: UserWarning: for layer2.2.bn3.weight: copying from a non-meta parameter in the checkpoint to a meta parameter in the current model, which is a no-op. (Did you mean to pass `assign=True` to assign items in the state dictionary to their corresponding key in the module instead of copying them in place?)
  warnings.warn(
/opt/conda/envs/diffsensei/lib/python3.11/site-packages/torch/nn/modules/module.py:2400: UserWarning: for layer2.2.bn3.bias: copying from a non-meta parameter in the checkpoint to a meta parameter in the current model, which is a no-op. (Did you mean to pass `assign=True` to assign items in the state dictionary to their corresponding key in the module instead of copying them in place?)
  warnings.warn(
/opt/conda/envs/diffsensei/lib/python3.11/site-packages/torch/nn/modules/module.py:2400: UserWarning: for layer2.3.conv1.weight: copying from a non-meta parameter in the checkpoint to a meta parameter in the current model, which is a no-op. (Did you mean to pass `assign=True` to assign items in the state dictionary to their corresponding key in the module instead of copying them in place?)
  warnings.warn(
/opt/conda/envs/diffsensei/lib/python3.11/site-packages/torch/nn/modules/module.py:2400: UserWarning: for layer2.3.bn1.weight: copying from a non-meta parameter in the checkpoint to a meta parameter in the current model, which is a no-op. (Did you mean to pass `assign=True` to assign items in the state dictionary to their corresponding key in the module instead of copying them in place?)
  warnings.warn(
/opt/conda/envs/diffsensei/lib/python3.11/site-packages/torch/nn/modules/module.py:2400: UserWarning: for layer2.3.bn1.bias: copying from a non-meta parameter in the checkpoint to a meta parameter in the current model, which is a no-op. (Did you mean to pass `assign=True` to assign items in the state dictionary to their corresponding key in the module instead of copying them in place?)
  warnings.warn(
/opt/conda/envs/diffsensei/lib/python3.11/site-packages/torch/nn/modules/module.py:2400: UserWarning: for layer2.3.conv2.weight: copying from a non-meta parameter in the checkpoint to a meta parameter in the current model, which is a no-op. (Did you mean to pass `assign=True` to assign items in the state dictionary to their corresponding key in the module instead of copying them in place?)
  warnings.warn(
/opt/conda/envs/diffsensei/lib/python3.11/site-packages/torch/nn/modules/module.py:2400: UserWarning: for layer2.3.bn2.weight: copying from a non-meta parameter in the checkpoint to a meta parameter in the current model, which is a no-op. (Did you mean to pass `assign=True` to assign items in the state dictionary to their corresponding key in the module instead of copying them in place?)
  warnings.warn(
/opt/conda/envs/diffsensei/lib/python3.11/site-packages/torch/nn/modules/module.py:2400: UserWarning: for layer2.3.bn2.bias: copying from a non-meta parameter in the checkpoint to a meta parameter in the current model, which is a no-op. (Did you mean to pass `assign=True` to assign items in the state dictionary to their corresponding key in the module instead of copying them in place?)
  warnings.warn(
/opt/conda/envs/diffsensei/lib/python3.11/site-packages/torch/nn/modules/module.py:2400: UserWarning: for layer2.3.conv3.weight: copying from a non-meta parameter in the checkpoint to a meta parameter in the current model, which is a no-op. (Did you mean to pass `assign=True` to assign items in the state dictionary to their corresponding key in the module instead of copying them in place?)
  warnings.warn(
/opt/conda/envs/diffsensei/lib/python3.11/site-packages/torch/nn/modules/module.py:2400: UserWarning: for layer2.3.bn3.weight: copying from a non-meta parameter in the checkpoint to a meta parameter in the current model, which is a no-op. (Did you mean to pass `assign=True` to assign items in the state dictionary to their corresponding key in the module instead of copying them in place?)
  warnings.warn(
/opt/conda/envs/diffsensei/lib/python3.11/site-packages/torch/nn/modules/module.py:2400: UserWarning: for layer2.3.bn3.bias: copying from a non-meta parameter in the checkpoint to a meta parameter in the current model, which is a no-op. (Did you mean to pass `assign=True` to assign items in the state dictionary to their corresponding key in the module instead of copying them in place?)
  warnings.warn(
/opt/conda/envs/diffsensei/lib/python3.11/site-packages/torch/nn/modules/module.py:2400: UserWarning: for layer3.0.conv1.weight: copying from a non-meta parameter in the checkpoint to a meta parameter in the current model, which is a no-op. (Did you mean to pass `assign=True` to assign items in the state dictionary to their corresponding key in the module instead of copying them in place?)
  warnings.warn(
/opt/conda/envs/diffsensei/lib/python3.11/site-packages/torch/nn/modules/module.py:2400: UserWarning: for layer3.0.bn1.weight: copying from a non-meta parameter in the checkpoint to a meta parameter in the current model, which is a no-op. (Did you mean to pass `assign=True` to assign items in the state dictionary to their corresponding key in the module instead of copying them in place?)
  warnings.warn(
/opt/conda/envs/diffsensei/lib/python3.11/site-packages/torch/nn/modules/module.py:2400: UserWarning: for layer3.0.bn1.bias: copying from a non-meta parameter in the checkpoint to a meta parameter in the current model, which is a no-op. (Did you mean to pass `assign=True` to assign items in the state dictionary to their corresponding key in the module instead of copying them in place?)
  warnings.warn(
/opt/conda/envs/diffsensei/lib/python3.11/site-packages/torch/nn/modules/module.py:2400: UserWarning: for layer3.0.conv2.weight: copying from a non-meta parameter in the checkpoint to a meta parameter in the current model, which is a no-op. (Did you mean to pass `assign=True` to assign items in the state dictionary to their corresponding key in the module instead of copying them in place?)
  warnings.warn(
/opt/conda/envs/diffsensei/lib/python3.11/site-packages/torch/nn/modules/module.py:2400: UserWarning: for layer3.0.bn2.weight: copying from a non-meta parameter in the checkpoint to a meta parameter in the current model, which is a no-op. (Did you mean to pass `assign=True` to assign items in the state dictionary to their corresponding key in the module instead of copying them in place?)
  warnings.warn(
/opt/conda/envs/diffsensei/lib/python3.11/site-packages/torch/nn/modules/module.py:2400: UserWarning: for layer3.0.bn2.bias: copying from a non-meta parameter in the checkpoint to a meta parameter in the current model, which is a no-op. (Did you mean to pass `assign=True` to assign items in the state dictionary to their corresponding key in the module instead of copying them in place?)
  warnings.warn(
/opt/conda/envs/diffsensei/lib/python3.11/site-packages/torch/nn/modules/module.py:2400: UserWarning: for layer3.0.conv3.weight: copying from a non-meta parameter in the checkpoint to a meta parameter in the current model, which is a no-op. (Did you mean to pass `assign=True` to assign items in the state dictionary to their corresponding key in the module instead of copying them in place?)
  warnings.warn(
/opt/conda/envs/diffsensei/lib/python3.11/site-packages/torch/nn/modules/module.py:2400: UserWarning: for layer3.0.bn3.weight: copying from a non-meta parameter in the checkpoint to a meta parameter in the current model, which is a no-op. (Did you mean to pass `assign=True` to assign items in the state dictionary to their corresponding key in the module instead of copying them in place?)
  warnings.warn(
/opt/conda/envs/diffsensei/lib/python3.11/site-packages/torch/nn/modules/module.py:2400: UserWarning: for layer3.0.bn3.bias: copying from a non-meta parameter in the checkpoint to a meta parameter in the current model, which is a no-op. (Did you mean to pass `assign=True` to assign items in the state dictionary to their corresponding key in the module instead of copying them in place?)
  warnings.warn(
/opt/conda/envs/diffsensei/lib/python3.11/site-packages/torch/nn/modules/module.py:2400: UserWarning: for layer3.0.downsample.0.weight: copying from a non-meta parameter in the checkpoint to a meta parameter in the current model, which is a no-op. (Did you mean to pass `assign=True` to assign items in the state dictionary to their corresponding key in the module instead of copying them in place?)
  warnings.warn(
/opt/conda/envs/diffsensei/lib/python3.11/site-packages/torch/nn/modules/module.py:2400: UserWarning: for layer3.0.downsample.1.weight: copying from a non-meta parameter in the checkpoint to a meta parameter in the current model, which is a no-op. (Did you mean to pass `assign=True` to assign items in the state dictionary to their corresponding key in the module instead of copying them in place?)
  warnings.warn(
/opt/conda/envs/diffsensei/lib/python3.11/site-packages/torch/nn/modules/module.py:2400: UserWarning: for layer3.0.downsample.1.bias: copying from a non-meta parameter in the checkpoint to a meta parameter in the current model, which is a no-op. (Did you mean to pass `assign=True` to assign items in the state dictionary to their corresponding key in the module instead of copying them in place?)
  warnings.warn(
/opt/conda/envs/diffsensei/lib/python3.11/site-packages/torch/nn/modules/module.py:2400: UserWarning: for layer3.1.conv1.weight: copying from a non-meta parameter in the checkpoint to a meta parameter in the current model, which is a no-op. (Did you mean to pass `assign=True` to assign items in the state dictionary to their corresponding key in the module instead of copying them in place?)
  warnings.warn(
/opt/conda/envs/diffsensei/lib/python3.11/site-packages/torch/nn/modules/module.py:2400: UserWarning: for layer3.1.bn1.weight: copying from a non-meta parameter in the checkpoint to a meta parameter in the current model, which is a no-op. (Did you mean to pass `assign=True` to assign items in the state dictionary to their corresponding key in the module instead of copying them in place?)
  warnings.warn(
/opt/conda/envs/diffsensei/lib/python3.11/site-packages/torch/nn/modules/module.py:2400: UserWarning: for layer3.1.bn1.bias: copying from a non-meta parameter in the checkpoint to a meta parameter in the current model, which is a no-op. (Did you mean to pass `assign=True` to assign items in the state dictionary to their corresponding key in the module instead of copying them in place?)
  warnings.warn(
/opt/conda/envs/diffsensei/lib/python3.11/site-packages/torch/nn/modules/module.py:2400: UserWarning: for layer3.1.conv2.weight: copying from a non-meta parameter in the checkpoint to a meta parameter in the current model, which is a no-op. (Did you mean to pass `assign=True` to assign items in the state dictionary to their corresponding key in the module instead of copying them in place?)
  warnings.warn(
/opt/conda/envs/diffsensei/lib/python3.11/site-packages/torch/nn/modules/module.py:2400: UserWarning: for layer3.1.bn2.weight: copying from a non-meta parameter in the checkpoint to a meta parameter in the current model, which is a no-op. (Did you mean to pass `assign=True` to assign items in the state dictionary to their corresponding key in the module instead of copying them in place?)
  warnings.warn(
/opt/conda/envs/diffsensei/lib/python3.11/site-packages/torch/nn/modules/module.py:2400: UserWarning: for layer3.1.bn2.bias: copying from a non-meta parameter in the checkpoint to a meta parameter in the current model, which is a no-op. (Did you mean to pass `assign=True` to assign items in the state dictionary to their corresponding key in the module instead of copying them in place?)
  warnings.warn(
/opt/conda/envs/diffsensei/lib/python3.11/site-packages/torch/nn/modules/module.py:2400: UserWarning: for layer3.1.conv3.weight: copying from a non-meta parameter in the checkpoint to a meta parameter in the current model, which is a no-op. (Did you mean to pass `assign=True` to assign items in the state dictionary to their corresponding key in the module instead of copying them in place?)
  warnings.warn(
/opt/conda/envs/diffsensei/lib/python3.11/site-packages/torch/nn/modules/module.py:2400: UserWarning: for layer3.1.bn3.weight: copying from a non-meta parameter in the checkpoint to a meta parameter in the current model, which is a no-op. (Did you mean to pass `assign=True` to assign items in the state dictionary to their corresponding key in the module instead of copying them in place?)
  warnings.warn(
/opt/conda/envs/diffsensei/lib/python3.11/site-packages/torch/nn/modules/module.py:2400: UserWarning: for layer3.1.bn3.bias: copying from a non-meta parameter in the checkpoint to a meta parameter in the current model, which is a no-op. (Did you mean to pass `assign=True` to assign items in the state dictionary to their corresponding key in the module instead of copying them in place?)
  warnings.warn(
/opt/conda/envs/diffsensei/lib/python3.11/site-packages/torch/nn/modules/module.py:2400: UserWarning: for layer3.2.conv1.weight: copying from a non-meta parameter in the checkpoint to a meta parameter in the current model, which is a no-op. (Did you mean to pass `assign=True` to assign items in the state dictionary to their corresponding key in the module instead of copying them in place?)
  warnings.warn(
/opt/conda/envs/diffsensei/lib/python3.11/site-packages/torch/nn/modules/module.py:2400: UserWarning: for layer3.2.bn1.weight: copying from a non-meta parameter in the checkpoint to a meta parameter in the current model, which is a no-op. (Did you mean to pass `assign=True` to assign items in the state dictionary to their corresponding key in the module instead of copying them in place?)
  warnings.warn(
/opt/conda/envs/diffsensei/lib/python3.11/site-packages/torch/nn/modules/module.py:2400: UserWarning: for layer3.2.bn1.bias: copying from a non-meta parameter in the checkpoint to a meta parameter in the current model, which is a no-op. (Did you mean to pass `assign=True` to assign items in the state dictionary to their corresponding key in the module instead of copying them in place?)
  warnings.warn(
/opt/conda/envs/diffsensei/lib/python3.11/site-packages/torch/nn/modules/module.py:2400: UserWarning: for layer3.2.conv2.weight: copying from a non-meta parameter in the checkpoint to a meta parameter in the current model, which is a no-op. (Did you mean to pass `assign=True` to assign items in the state dictionary to their corresponding key in the module instead of copying them in place?)
  warnings.warn(
/opt/conda/envs/diffsensei/lib/python3.11/site-packages/torch/nn/modules/module.py:2400: UserWarning: for layer3.2.bn2.weight: copying from a non-meta parameter in the checkpoint to a meta parameter in the current model, which is a no-op. (Did you mean to pass `assign=True` to assign items in the state dictionary to their corresponding key in the module instead of copying them in place?)
  warnings.warn(
/opt/conda/envs/diffsensei/lib/python3.11/site-packages/torch/nn/modules/module.py:2400: UserWarning: for layer3.2.bn2.bias: copying from a non-meta parameter in the checkpoint to a meta parameter in the current model, which is a no-op. (Did you mean to pass `assign=True` to assign items in the state dictionary to their corresponding key in the module instead of copying them in place?)
  warnings.warn(
/opt/conda/envs/diffsensei/lib/python3.11/site-packages/torch/nn/modules/module.py:2400: UserWarning: for layer3.2.conv3.weight: copying from a non-meta parameter in the checkpoint to a meta parameter in the current model, which is a no-op. (Did you mean to pass `assign=True` to assign items in the state dictionary to their corresponding key in the module instead of copying them in place?)
  warnings.warn(
/opt/conda/envs/diffsensei/lib/python3.11/site-packages/torch/nn/modules/module.py:2400: UserWarning: for layer3.2.bn3.weight: copying from a non-meta parameter in the checkpoint to a meta parameter in the current model, which is a no-op. (Did you mean to pass `assign=True` to assign items in the state dictionary to their corresponding key in the module instead of copying them in place?)
  warnings.warn(
/opt/conda/envs/diffsensei/lib/python3.11/site-packages/torch/nn/modules/module.py:2400: UserWarning: for layer3.2.bn3.bias: copying from a non-meta parameter in the checkpoint to a meta parameter in the current model, which is a no-op. (Did you mean to pass `assign=True` to assign items in the state dictionary to their corresponding key in the module instead of copying them in place?)
  warnings.warn(
/opt/conda/envs/diffsensei/lib/python3.11/site-packages/torch/nn/modules/module.py:2400: UserWarning: for layer3.3.conv1.weight: copying from a non-meta parameter in the checkpoint to a meta parameter in the current model, which is a no-op. (Did you mean to pass `assign=True` to assign items in the state dictionary to their corresponding key in the module instead of copying them in place?)
  warnings.warn(
/opt/conda/envs/diffsensei/lib/python3.11/site-packages/torch/nn/modules/module.py:2400: UserWarning: for layer3.3.bn1.weight: copying from a non-meta parameter in the checkpoint to a meta parameter in the current model, which is a no-op. (Did you mean to pass `assign=True` to assign items in the state dictionary to their corresponding key in the module instead of copying them in place?)
  warnings.warn(
/opt/conda/envs/diffsensei/lib/python3.11/site-packages/torch/nn/modules/module.py:2400: UserWarning: for layer3.3.bn1.bias: copying from a non-meta parameter in the checkpoint to a meta parameter in the current model, which is a no-op. (Did you mean to pass `assign=True` to assign items in the state dictionary to their corresponding key in the module instead of copying them in place?)
  warnings.warn(
/opt/conda/envs/diffsensei/lib/python3.11/site-packages/torch/nn/modules/module.py:2400: UserWarning: for layer3.3.conv2.weight: copying from a non-meta parameter in the checkpoint to a meta parameter in the current model, which is a no-op. (Did you mean to pass `assign=True` to assign items in the state dictionary to their corresponding key in the module instead of copying them in place?)
  warnings.warn(
/opt/conda/envs/diffsensei/lib/python3.11/site-packages/torch/nn/modules/module.py:2400: UserWarning: for layer3.3.bn2.weight: copying from a non-meta parameter in the checkpoint to a meta parameter in the current model, which is a no-op. (Did you mean to pass `assign=True` to assign items in the state dictionary to their corresponding key in the module instead of copying them in place?)
  warnings.warn(
/opt/conda/envs/diffsensei/lib/python3.11/site-packages/torch/nn/modules/module.py:2400: UserWarning: for layer3.3.bn2.bias: copying from a non-meta parameter in the checkpoint to a meta parameter in the current model, which is a no-op. (Did you mean to pass `assign=True` to assign items in the state dictionary to their corresponding key in the module instead of copying them in place?)
  warnings.warn(
/opt/conda/envs/diffsensei/lib/python3.11/site-packages/torch/nn/modules/module.py:2400: UserWarning: for layer3.3.conv3.weight: copying from a non-meta parameter in the checkpoint to a meta parameter in the current model, which is a no-op. (Did you mean to pass `assign=True` to assign items in the state dictionary to their corresponding key in the module instead of copying them in place?)
  warnings.warn(
/opt/conda/envs/diffsensei/lib/python3.11/site-packages/torch/nn/modules/module.py:2400: UserWarning: for layer3.3.bn3.weight: copying from a non-meta parameter in the checkpoint to a meta parameter in the current model, which is a no-op. (Did you mean to pass `assign=True` to assign items in the state dictionary to their corresponding key in the module instead of copying them in place?)
  warnings.warn(
/opt/conda/envs/diffsensei/lib/python3.11/site-packages/torch/nn/modules/module.py:2400: UserWarning: for layer3.3.bn3.bias: copying from a non-meta parameter in the checkpoint to a meta parameter in the current model, which is a no-op. (Did you mean to pass `assign=True` to assign items in the state dictionary to their corresponding key in the module instead of copying them in place?)
  warnings.warn(
/opt/conda/envs/diffsensei/lib/python3.11/site-packages/torch/nn/modules/module.py:2400: UserWarning: for layer3.4.conv1.weight: copying from a non-meta parameter in the checkpoint to a meta parameter in the current model, which is a no-op. (Did you mean to pass `assign=True` to assign items in the state dictionary to their corresponding key in the module instead of copying them in place?)
  warnings.warn(
/opt/conda/envs/diffsensei/lib/python3.11/site-packages/torch/nn/modules/module.py:2400: UserWarning: for layer3.4.bn1.weight: copying from a non-meta parameter in the checkpoint to a meta parameter in the current model, which is a no-op. (Did you mean to pass `assign=True` to assign items in the state dictionary to their corresponding key in the module instead of copying them in place?)
  warnings.warn(
/opt/conda/envs/diffsensei/lib/python3.11/site-packages/torch/nn/modules/module.py:2400: UserWarning: for layer3.4.bn1.bias: copying from a non-meta parameter in the checkpoint to a meta parameter in the current model, which is a no-op. (Did you mean to pass `assign=True` to assign items in the state dictionary to their corresponding key in the module instead of copying them in place?)
  warnings.warn(
/opt/conda/envs/diffsensei/lib/python3.11/site-packages/torch/nn/modules/module.py:2400: UserWarning: for layer3.4.conv2.weight: copying from a non-meta parameter in the checkpoint to a meta parameter in the current model, which is a no-op. (Did you mean to pass `assign=True` to assign items in the state dictionary to their corresponding key in the module instead of copying them in place?)
  warnings.warn(
/opt/conda/envs/diffsensei/lib/python3.11/site-packages/torch/nn/modules/module.py:2400: UserWarning: for layer3.4.bn2.weight: copying from a non-meta parameter in the checkpoint to a meta parameter in the current model, which is a no-op. (Did you mean to pass `assign=True` to assign items in the state dictionary to their corresponding key in the module instead of copying them in place?)
  warnings.warn(
/opt/conda/envs/diffsensei/lib/python3.11/site-packages/torch/nn/modules/module.py:2400: UserWarning: for layer3.4.bn2.bias: copying from a non-meta parameter in the checkpoint to a meta parameter in the current model, which is a no-op. (Did you mean to pass `assign=True` to assign items in the state dictionary to their corresponding key in the module instead of copying them in place?)
  warnings.warn(
/opt/conda/envs/diffsensei/lib/python3.11/site-packages/torch/nn/modules/module.py:2400: UserWarning: for layer3.4.conv3.weight: copying from a non-meta parameter in the checkpoint to a meta parameter in the current model, which is a no-op. (Did you mean to pass `assign=True` to assign items in the state dictionary to their corresponding key in the module instead of copying them in place?)
  warnings.warn(
/opt/conda/envs/diffsensei/lib/python3.11/site-packages/torch/nn/modules/module.py:2400: UserWarning: for layer3.4.bn3.weight: copying from a non-meta parameter in the checkpoint to a meta parameter in the current model, which is a no-op. (Did you mean to pass `assign=True` to assign items in the state dictionary to their corresponding key in the module instead of copying them in place?)
  warnings.warn(
/opt/conda/envs/diffsensei/lib/python3.11/site-packages/torch/nn/modules/module.py:2400: UserWarning: for layer3.4.bn3.bias: copying from a non-meta parameter in the checkpoint to a meta parameter in the current model, which is a no-op. (Did you mean to pass `assign=True` to assign items in the state dictionary to their corresponding key in the module instead of copying them in place?)
  warnings.warn(
/opt/conda/envs/diffsensei/lib/python3.11/site-packages/torch/nn/modules/module.py:2400: UserWarning: for layer3.5.conv1.weight: copying from a non-meta parameter in the checkpoint to a meta parameter in the current model, which is a no-op. (Did you mean to pass `assign=True` to assign items in the state dictionary to their corresponding key in the module instead of copying them in place?)
  warnings.warn(
/opt/conda/envs/diffsensei/lib/python3.11/site-packages/torch/nn/modules/module.py:2400: UserWarning: for layer3.5.bn1.weight: copying from a non-meta parameter in the checkpoint to a meta parameter in the current model, which is a no-op. (Did you mean to pass `assign=True` to assign items in the state dictionary to their corresponding key in the module instead of copying them in place?)
  warnings.warn(
/opt/conda/envs/diffsensei/lib/python3.11/site-packages/torch/nn/modules/module.py:2400: UserWarning: for layer3.5.bn1.bias: copying from a non-meta parameter in the checkpoint to a meta parameter in the current model, which is a no-op. (Did you mean to pass `assign=True` to assign items in the state dictionary to their corresponding key in the module instead of copying them in place?)
  warnings.warn(
/opt/conda/envs/diffsensei/lib/python3.11/site-packages/torch/nn/modules/module.py:2400: UserWarning: for layer3.5.conv2.weight: copying from a non-meta parameter in the checkpoint to a meta parameter in the current model, which is a no-op. (Did you mean to pass `assign=True` to assign items in the state dictionary to their corresponding key in the module instead of copying them in place?)
  warnings.warn(
/opt/conda/envs/diffsensei/lib/python3.11/site-packages/torch/nn/modules/module.py:2400: UserWarning: for layer3.5.bn2.weight: copying from a non-meta parameter in the checkpoint to a meta parameter in the current model, which is a no-op. (Did you mean to pass `assign=True` to assign items in the state dictionary to their corresponding key in the module instead of copying them in place?)
  warnings.warn(
/opt/conda/envs/diffsensei/lib/python3.11/site-packages/torch/nn/modules/module.py:2400: UserWarning: for layer3.5.bn2.bias: copying from a non-meta parameter in the checkpoint to a meta parameter in the current model, which is a no-op. (Did you mean to pass `assign=True` to assign items in the state dictionary to their corresponding key in the module instead of copying them in place?)
  warnings.warn(
/opt/conda/envs/diffsensei/lib/python3.11/site-packages/torch/nn/modules/module.py:2400: UserWarning: for layer3.5.conv3.weight: copying from a non-meta parameter in the checkpoint to a meta parameter in the current model, which is a no-op. (Did you mean to pass `assign=True` to assign items in the state dictionary to their corresponding key in the module instead of copying them in place?)
  warnings.warn(
/opt/conda/envs/diffsensei/lib/python3.11/site-packages/torch/nn/modules/module.py:2400: UserWarning: for layer3.5.bn3.weight: copying from a non-meta parameter in the checkpoint to a meta parameter in the current model, which is a no-op. (Did you mean to pass `assign=True` to assign items in the state dictionary to their corresponding key in the module instead of copying them in place?)
  warnings.warn(
/opt/conda/envs/diffsensei/lib/python3.11/site-packages/torch/nn/modules/module.py:2400: UserWarning: for layer3.5.bn3.bias: copying from a non-meta parameter in the checkpoint to a meta parameter in the current model, which is a no-op. (Did you mean to pass `assign=True` to assign items in the state dictionary to their corresponding key in the module instead of copying them in place?)
  warnings.warn(
/opt/conda/envs/diffsensei/lib/python3.11/site-packages/torch/nn/modules/module.py:2400: UserWarning: for layer4.0.conv1.weight: copying from a non-meta parameter in the checkpoint to a meta parameter in the current model, which is a no-op. (Did you mean to pass `assign=True` to assign items in the state dictionary to their corresponding key in the module instead of copying them in place?)
  warnings.warn(
/opt/conda/envs/diffsensei/lib/python3.11/site-packages/torch/nn/modules/module.py:2400: UserWarning: for layer4.0.bn1.weight: copying from a non-meta parameter in the checkpoint to a meta parameter in the current model, which is a no-op. (Did you mean to pass `assign=True` to assign items in the state dictionary to their corresponding key in the module instead of copying them in place?)
  warnings.warn(
/opt/conda/envs/diffsensei/lib/python3.11/site-packages/torch/nn/modules/module.py:2400: UserWarning: for layer4.0.bn1.bias: copying from a non-meta parameter in the checkpoint to a meta parameter in the current model, which is a no-op. (Did you mean to pass `assign=True` to assign items in the state dictionary to their corresponding key in the module instead of copying them in place?)
  warnings.warn(
/opt/conda/envs/diffsensei/lib/python3.11/site-packages/torch/nn/modules/module.py:2400: UserWarning: for layer4.0.conv2.weight: copying from a non-meta parameter in the checkpoint to a meta parameter in the current model, which is a no-op. (Did you mean to pass `assign=True` to assign items in the state dictionary to their corresponding key in the module instead of copying them in place?)
  warnings.warn(
/opt/conda/envs/diffsensei/lib/python3.11/site-packages/torch/nn/modules/module.py:2400: UserWarning: for layer4.0.bn2.weight: copying from a non-meta parameter in the checkpoint to a meta parameter in the current model, which is a no-op. (Did you mean to pass `assign=True` to assign items in the state dictionary to their corresponding key in the module instead of copying them in place?)
  warnings.warn(
/opt/conda/envs/diffsensei/lib/python3.11/site-packages/torch/nn/modules/module.py:2400: UserWarning: for layer4.0.bn2.bias: copying from a non-meta parameter in the checkpoint to a meta parameter in the current model, which is a no-op. (Did you mean to pass `assign=True` to assign items in the state dictionary to their corresponding key in the module instead of copying them in place?)
  warnings.warn(
/opt/conda/envs/diffsensei/lib/python3.11/site-packages/torch/nn/modules/module.py:2400: UserWarning: for layer4.0.conv3.weight: copying from a non-meta parameter in the checkpoint to a meta parameter in the current model, which is a no-op. (Did you mean to pass `assign=True` to assign items in the state dictionary to their corresponding key in the module instead of copying them in place?)
  warnings.warn(
/opt/conda/envs/diffsensei/lib/python3.11/site-packages/torch/nn/modules/module.py:2400: UserWarning: for layer4.0.bn3.weight: copying from a non-meta parameter in the checkpoint to a meta parameter in the current model, which is a no-op. (Did you mean to pass `assign=True` to assign items in the state dictionary to their corresponding key in the module instead of copying them in place?)
  warnings.warn(
/opt/conda/envs/diffsensei/lib/python3.11/site-packages/torch/nn/modules/module.py:2400: UserWarning: for layer4.0.bn3.bias: copying from a non-meta parameter in the checkpoint to a meta parameter in the current model, which is a no-op. (Did you mean to pass `assign=True` to assign items in the state dictionary to their corresponding key in the module instead of copying them in place?)
  warnings.warn(
/opt/conda/envs/diffsensei/lib/python3.11/site-packages/torch/nn/modules/module.py:2400: UserWarning: for layer4.0.downsample.0.weight: copying from a non-meta parameter in the checkpoint to a meta parameter in the current model, which is a no-op. (Did you mean to pass `assign=True` to assign items in the state dictionary to their corresponding key in the module instead of copying them in place?)
  warnings.warn(
/opt/conda/envs/diffsensei/lib/python3.11/site-packages/torch/nn/modules/module.py:2400: UserWarning: for layer4.0.downsample.1.weight: copying from a non-meta parameter in the checkpoint to a meta parameter in the current model, which is a no-op. (Did you mean to pass `assign=True` to assign items in the state dictionary to their corresponding key in the module instead of copying them in place?)
  warnings.warn(
/opt/conda/envs/diffsensei/lib/python3.11/site-packages/torch/nn/modules/module.py:2400: UserWarning: for layer4.0.downsample.1.bias: copying from a non-meta parameter in the checkpoint to a meta parameter in the current model, which is a no-op. (Did you mean to pass `assign=True` to assign items in the state dictionary to their corresponding key in the module instead of copying them in place?)
  warnings.warn(
/opt/conda/envs/diffsensei/lib/python3.11/site-packages/torch/nn/modules/module.py:2400: UserWarning: for layer4.1.conv1.weight: copying from a non-meta parameter in the checkpoint to a meta parameter in the current model, which is a no-op. (Did you mean to pass `assign=True` to assign items in the state dictionary to their corresponding key in the module instead of copying them in place?)
  warnings.warn(
/opt/conda/envs/diffsensei/lib/python3.11/site-packages/torch/nn/modules/module.py:2400: UserWarning: for layer4.1.bn1.weight: copying from a non-meta parameter in the checkpoint to a meta parameter in the current model, which is a no-op. (Did you mean to pass `assign=True` to assign items in the state dictionary to their corresponding key in the module instead of copying them in place?)
  warnings.warn(
/opt/conda/envs/diffsensei/lib/python3.11/site-packages/torch/nn/modules/module.py:2400: UserWarning: for layer4.1.bn1.bias: copying from a non-meta parameter in the checkpoint to a meta parameter in the current model, which is a no-op. (Did you mean to pass `assign=True` to assign items in the state dictionary to their corresponding key in the module instead of copying them in place?)
  warnings.warn(
/opt/conda/envs/diffsensei/lib/python3.11/site-packages/torch/nn/modules/module.py:2400: UserWarning: for layer4.1.conv2.weight: copying from a non-meta parameter in the checkpoint to a meta parameter in the current model, which is a no-op. (Did you mean to pass `assign=True` to assign items in the state dictionary to their corresponding key in the module instead of copying them in place?)
  warnings.warn(
/opt/conda/envs/diffsensei/lib/python3.11/site-packages/torch/nn/modules/module.py:2400: UserWarning: for layer4.1.bn2.weight: copying from a non-meta parameter in the checkpoint to a meta parameter in the current model, which is a no-op. (Did you mean to pass `assign=True` to assign items in the state dictionary to their corresponding key in the module instead of copying them in place?)
  warnings.warn(
/opt/conda/envs/diffsensei/lib/python3.11/site-packages/torch/nn/modules/module.py:2400: UserWarning: for layer4.1.bn2.bias: copying from a non-meta parameter in the checkpoint to a meta parameter in the current model, which is a no-op. (Did you mean to pass `assign=True` to assign items in the state dictionary to their corresponding key in the module instead of copying them in place?)
  warnings.warn(
/opt/conda/envs/diffsensei/lib/python3.11/site-packages/torch/nn/modules/module.py:2400: UserWarning: for layer4.1.conv3.weight: copying from a non-meta parameter in the checkpoint to a meta parameter in the current model, which is a no-op. (Did you mean to pass `assign=True` to assign items in the state dictionary to their corresponding key in the module instead of copying them in place?)
  warnings.warn(
/opt/conda/envs/diffsensei/lib/python3.11/site-packages/torch/nn/modules/module.py:2400: UserWarning: for layer4.1.bn3.weight: copying from a non-meta parameter in the checkpoint to a meta parameter in the current model, which is a no-op. (Did you mean to pass `assign=True` to assign items in the state dictionary to their corresponding key in the module instead of copying them in place?)
  warnings.warn(
/opt/conda/envs/diffsensei/lib/python3.11/site-packages/torch/nn/modules/module.py:2400: UserWarning: for layer4.1.bn3.bias: copying from a non-meta parameter in the checkpoint to a meta parameter in the current model, which is a no-op. (Did you mean to pass `assign=True` to assign items in the state dictionary to their corresponding key in the module instead of copying them in place?)
  warnings.warn(
/opt/conda/envs/diffsensei/lib/python3.11/site-packages/torch/nn/modules/module.py:2400: UserWarning: for layer4.2.conv1.weight: copying from a non-meta parameter in the checkpoint to a meta parameter in the current model, which is a no-op. (Did you mean to pass `assign=True` to assign items in the state dictionary to their corresponding key in the module instead of copying them in place?)
  warnings.warn(
/opt/conda/envs/diffsensei/lib/python3.11/site-packages/torch/nn/modules/module.py:2400: UserWarning: for layer4.2.bn1.weight: copying from a non-meta parameter in the checkpoint to a meta parameter in the current model, which is a no-op. (Did you mean to pass `assign=True` to assign items in the state dictionary to their corresponding key in the module instead of copying them in place?)
  warnings.warn(
/opt/conda/envs/diffsensei/lib/python3.11/site-packages/torch/nn/modules/module.py:2400: UserWarning: for layer4.2.bn1.bias: copying from a non-meta parameter in the checkpoint to a meta parameter in the current model, which is a no-op. (Did you mean to pass `assign=True` to assign items in the state dictionary to their corresponding key in the module instead of copying them in place?)
  warnings.warn(
/opt/conda/envs/diffsensei/lib/python3.11/site-packages/torch/nn/modules/module.py:2400: UserWarning: for layer4.2.conv2.weight: copying from a non-meta parameter in the checkpoint to a meta parameter in the current model, which is a no-op. (Did you mean to pass `assign=True` to assign items in the state dictionary to their corresponding key in the module instead of copying them in place?)
  warnings.warn(
/opt/conda/envs/diffsensei/lib/python3.11/site-packages/torch/nn/modules/module.py:2400: UserWarning: for layer4.2.bn2.weight: copying from a non-meta parameter in the checkpoint to a meta parameter in the current model, which is a no-op. (Did you mean to pass `assign=True` to assign items in the state dictionary to their corresponding key in the module instead of copying them in place?)
  warnings.warn(
/opt/conda/envs/diffsensei/lib/python3.11/site-packages/torch/nn/modules/module.py:2400: UserWarning: for layer4.2.bn2.bias: copying from a non-meta parameter in the checkpoint to a meta parameter in the current model, which is a no-op. (Did you mean to pass `assign=True` to assign items in the state dictionary to their corresponding key in the module instead of copying them in place?)
  warnings.warn(
/opt/conda/envs/diffsensei/lib/python3.11/site-packages/torch/nn/modules/module.py:2400: UserWarning: for layer4.2.conv3.weight: copying from a non-meta parameter in the checkpoint to a meta parameter in the current model, which is a no-op. (Did you mean to pass `assign=True` to assign items in the state dictionary to their corresponding key in the module instead of copying them in place?)
  warnings.warn(
/opt/conda/envs/diffsensei/lib/python3.11/site-packages/torch/nn/modules/module.py:2400: UserWarning: for layer4.2.bn3.weight: copying from a non-meta parameter in the checkpoint to a meta parameter in the current model, which is a no-op. (Did you mean to pass `assign=True` to assign items in the state dictionary to their corresponding key in the module instead of copying them in place?)
  warnings.warn(
/opt/conda/envs/diffsensei/lib/python3.11/site-packages/torch/nn/modules/module.py:2400: UserWarning: for layer4.2.bn3.bias: copying from a non-meta parameter in the checkpoint to a meta parameter in the current model, which is a no-op. (Did you mean to pass `assign=True` to assign items in the state dictionary to their corresponding key in the module instead of copying them in place?)
  warnings.warn(
/data/DiffSensei-main/layout-generator/src/utils.py:22: FutureWarning: You are using `torch.load` with `weights_only=False` (the current default value), which uses the default pickle module implicitly. It is possible to construct malicious pickle data which will execute arbitrary code during unpickling (See https://github.com/pytorch/pytorch/blob/main/SECURITY.md#untrusted-models for more details). In a future release, the default value for `weights_only` will be flipped to `True`. This limits the functions that could be executed during unpickling. Arbitrary objects will no longer be allowed to be loaded via this mode unless they are explicitly allowlisted by the user via `torch.serialization.add_safe_globals`. We recommend you start setting `weights_only=True` for any use case where you don't have full control of the loaded file. Please open an issue on GitHub for any issues related to this experimental feature.
  checkpoint = torch.load(ckpt_path, map_location='cpu')
/data/DiffSensei-main/layout-generator/src/utils.py:22: FutureWarning: You are using `torch.load` with `weights_only=False` (the current default value), which uses the default pickle module implicitly. It is possible to construct malicious pickle data which will execute arbitrary code during unpickling (See https://github.com/pytorch/pytorch/blob/main/SECURITY.md#untrusted-models for more details). In a future release, the default value for `weights_only` will be flipped to `True`. This limits the functions that could be executed during unpickling. Arbitrary objects will no longer be allowed to be loaded via this mode unless they are explicitly allowlisted by the user via `torch.serialization.add_safe_globals`. We recommend you start setting `weights_only=True` for any use case where you don't have full control of the loaded file. Please open an issue on GitHub for any issues related to this experimental feature.
  checkpoint = torch.load(ckpt_path, map_location='cpu')
/data/DiffSensei-main/layout-generator/src/utils.py:22: FutureWarning: You are using `torch.load` with `weights_only=False` (the current default value), which uses the default pickle module implicitly. It is possible to construct malicious pickle data which will execute arbitrary code during unpickling (See https://github.com/pytorch/pytorch/blob/main/SECURITY.md#untrusted-models for more details). In a future release, the default value for `weights_only` will be flipped to `True`. This limits the functions that could be executed during unpickling. Arbitrary objects will no longer be allowed to be loaded via this mode unless they are explicitly allowlisted by the user via `torch.serialization.add_safe_globals`. We recommend you start setting `weights_only=True` for any use case where you don't have full control of the loaded file. Please open an issue on GitHub for any issues related to this experimental feature.
  checkpoint = torch.load(ckpt_path, map_location='cpu')
/data/DiffSensei-main/layout-generator/src/utils.py:22: FutureWarning: You are using `torch.load` with `weights_only=False` (the current default value), which uses the default pickle module implicitly. It is possible to construct malicious pickle data which will execute arbitrary code during unpickling (See https://github.com/pytorch/pytorch/blob/main/SECURITY.md#untrusted-models for more details). In a future release, the default value for `weights_only` will be flipped to `True`. This limits the functions that could be executed during unpickling. Arbitrary objects will no longer be allowed to be loaded via this mode unless they are explicitly allowlisted by the user via `torch.serialization.add_safe_globals`. We recommend you start setting `weights_only=True` for any use case where you don't have full control of the loaded file. Please open an issue on GitHub for any issues related to this experimental feature.
  checkpoint = torch.load(ckpt_path, map_location='cpu')
/data/DiffSensei-main/layout-generator/src/utils.py:48: FutureWarning: You are using `torch.load` with `weights_only=False` (the current default value), which uses the default pickle module implicitly. It is possible to construct malicious pickle data which will execute arbitrary code during unpickling (See https://github.com/pytorch/pytorch/blob/main/SECURITY.md#untrusted-models for more details). In a future release, the default value for `weights_only` will be flipped to `True`. This limits the functions that could be executed during unpickling. Arbitrary objects will no longer be allowed to be loaded via this mode unless they are explicitly allowlisted by the user via `torch.serialization.add_safe_globals`. We recommend you start setting `weights_only=True` for any use case where you don't have full control of the loaded file. Please open an issue on GitHub for any issues related to this experimental feature.
  checkpoint = torch.load(ckpt_path, map_location=map_location)
/data/DiffSensei-main/layout-generator/src/utils.py:48: FutureWarning: You are using `torch.load` with `weights_only=False` (the current default value), which uses the default pickle module implicitly. It is possible to construct malicious pickle data which will execute arbitrary code during unpickling (See https://github.com/pytorch/pytorch/blob/main/SECURITY.md#untrusted-models for more details). In a future release, the default value for `weights_only` will be flipped to `True`. This limits the functions that could be executed during unpickling. Arbitrary objects will no longer be allowed to be loaded via this mode unless they are explicitly allowlisted by the user via `torch.serialization.add_safe_globals`. We recommend you start setting `weights_only=True` for any use case where you don't have full control of the loaded file. Please open an issue on GitHub for any issues related to this experimental feature.
  checkpoint = torch.load(ckpt_path, map_location=map_location)
/data/DiffSensei-main/layout-generator/src/utils.py:48: FutureWarning: You are using `torch.load` with `weights_only=False` (the current default value), which uses the default pickle module implicitly. It is possible to construct malicious pickle data which will execute arbitrary code during unpickling (See https://github.com/pytorch/pytorch/blob/main/SECURITY.md#untrusted-models for more details). In a future release, the default value for `weights_only` will be flipped to `True`. This limits the functions that could be executed during unpickling. Arbitrary objects will no longer be allowed to be loaded via this mode unless they are explicitly allowlisted by the user via `torch.serialization.add_safe_globals`. We recommend you start setting `weights_only=True` for any use case where you don't have full control of the loaded file. Please open an issue on GitHub for any issues related to this experimental feature.
  checkpoint = torch.load(ckpt_path, map_location=map_location)
/data/DiffSensei-main/layout-generator/src/utils.py:48: FutureWarning: You are using `torch.load` with `weights_only=False` (the current default value), which uses the default pickle module implicitly. It is possible to construct malicious pickle data which will execute arbitrary code during unpickling (See https://github.com/pytorch/pytorch/blob/main/SECURITY.md#untrusted-models for more details). In a future release, the default value for `weights_only` will be flipped to `True`. This limits the functions that could be executed during unpickling. Arbitrary objects will no longer be allowed to be loaded via this mode unless they are explicitly allowlisted by the user via `torch.serialization.add_safe_globals`. We recommend you start setting `weights_only=True` for any use case where you don't have full control of the loaded file. Please open an issue on GitHub for any issues related to this experimental feature.
  checkpoint = torch.load(ckpt_path, map_location=map_location)
[Load] planner model loaded from /data/checkpoints/planner_step3000.pt
[Load] planner model loaded from /data/checkpoints/planner_step3000.pt
[Load] planner model loaded from /data/checkpoints/planner_step3000.pt
[Load] planner model loaded from /data/checkpoints/planner_step3000.pt
[Load] optimizer state restored.
[Load] resume from global_step = 3000
[Load] optimizer state restored.
[Load] resume from global_step = 3000
[Load] optimizer state restored.
[Load] resume from global_step = 3000
[Load] optimizer state restored.
[Load] resume from global_step = 3000
[rank1]:[W831 10:17:57.142260221 reducer.cpp:1400] Warning: find_unused_parameters=True was specified in DDP constructor, but did not find any unused parameters in the forward pass. This flag results in an extra traversal of the autograd graph every iteration,  which can adversely affect performance. If your model indeed never has any unused parameters in the forward pass, consider turning this flag off. Note that this warning may be a false positive if your model has flow control causing later iterations to have unused parameters. (function operator())
[rank0]:[W831 10:18:01.110457420 reducer.cpp:1400] Warning: find_unused_parameters=True was specified in DDP constructor, but did not find any unused parameters in the forward pass. This flag results in an extra traversal of the autograd graph every iteration,  which can adversely affect performance. If your model indeed never has any unused parameters in the forward pass, consider turning this flag off. Note that this warning may be a false positive if your model has flow control causing later iterations to have unused parameters. (function operator())
[rank2]:[W831 10:18:02.566614793 reducer.cpp:1400] Warning: find_unused_parameters=True was specified in DDP constructor, but did not find any unused parameters in the forward pass. This flag results in an extra traversal of the autograd graph every iteration,  which can adversely affect performance. If your model indeed never has any unused parameters in the forward pass, consider turning this flag off. Note that this warning may be a false positive if your model has flow control causing later iterations to have unused parameters. (function operator())
[rank3]:[W831 10:18:10.252529135 reducer.cpp:1400] Warning: find_unused_parameters=True was specified in DDP constructor, but did not find any unused parameters in the forward pass. This flag results in an extra traversal of the autograd graph every iteration,  which can adversely affect performance. If your model indeed never has any unused parameters in the forward pass, consider turning this flag off. Note that this warning may be a false positive if your model has flow control causing later iterations to have unused parameters. (function operator())
[global_step 3100] avg_loss=4.7927 geom=0.0116  pred=2.0314 style=0.0110
[global_step 3200] avg_loss=4.8953 geom=0.0123  pred=2.1233 style=0.0176
[global_step 3300] avg_loss=4.8604 geom=0.0131  pred=2.0447 style=0.0198
[global_step 3400] avg_loss=4.8129 geom=0.0130  pred=2.0063 style=0.0125
[global_step 3500] avg_loss=4.8357 geom=0.0126  pred=1.9700 style=0.0120
[global_step 3600] avg_loss=4.8499 geom=0.0131  pred=2.1108 style=0.0142
[global_step 3700] avg_loss=4.7620 geom=0.0129  pred=2.0167 style=0.0152
[global_step 3800] avg_loss=4.7718 geom=0.0109  pred=2.0162 style=0.0149
[global_step 3900] avg_loss=4.8484 geom=0.0137  pred=2.0998 style=0.0133
[global_step 4000] avg_loss=4.8278 geom=0.0134  pred=1.9849 style=0.0162
[global_step 4000] done in 601.2s | loss=4.8278
model saved to ./checkpoints/planner_step{global_step}.pt
[global_step 4100] avg_loss=4.8690 geom=0.0140  pred=2.1146 style=0.0118
[global_step 4200] avg_loss=4.7960 geom=0.0114  pred=2.1023 style=0.0136
[global_step 4300] avg_loss=4.8536 geom=0.0126  pred=1.9991 style=0.0155
[global_step 4400] avg_loss=4.8366 geom=0.0154  pred=1.9801 style=0.0138
[global_step 4500] avg_loss=4.8163 geom=0.0132  pred=1.9532 style=0.0116
[global_step 4600] avg_loss=4.8669 geom=0.0125  pred=2.0043 style=0.0122
[global_step 4700] avg_loss=4.7604 geom=0.0138  pred=2.0688 style=0.0086
[global_step 4800] avg_loss=4.8406 geom=0.0119  pred=1.9809 style=0.0155
[global_step 4900] avg_loss=4.9407 geom=0.0120  pred=2.0134 style=0.0224
[global_step 5000] avg_loss=4.8348 geom=0.0127  pred=1.9085 style=0.0192
[global_step 5000] done in 564.3s | loss=4.8348
model saved to ./checkpoints/planner_step{global_step}.pt
[global_step 5100] avg_loss=4.8285 geom=0.0112  pred=2.0072 style=0.0177
[global_step 5200] avg_loss=4.8418 geom=0.0128  pred=2.0439 style=0.0123
[global_step 5300] avg_loss=4.8378 geom=0.0142  pred=2.0042 style=0.0151
[global_step 5400] avg_loss=4.7193 geom=0.0127  pred=1.9556 style=0.0102
[global_step 5500] avg_loss=4.7629 geom=0.0129  pred=2.0895 style=0.0147
[global_step 5600] avg_loss=4.8932 geom=0.0112  pred=2.0759 style=0.0145
[global_step 5700] avg_loss=4.8171 geom=0.0107  pred=2.0815 style=0.0196
[global_step 5800] avg_loss=5.0025 geom=0.0133  pred=2.0251 style=0.0134
[global_step 5900] avg_loss=4.4796 geom=0.0105  pred=2.0252 style=0.0125
[global_step 6000] avg_loss=4.8139 geom=0.0116  pred=2.0962 style=0.0145
[global_step 6000] done in 527.9s | loss=4.8139
model saved to ./checkpoints/planner_step{global_step}.pt
[global_step 6100] avg_loss=4.8526 geom=0.0117  pred=2.1648 style=0.0123
[global_step 6200] avg_loss=4.8045 geom=0.0109  pred=2.1187 style=0.0167
[global_step 6300] avg_loss=4.9864 geom=0.0106  pred=2.1609 style=0.0181
[global_step 6400] avg_loss=4.9106 geom=0.0132  pred=2.0894 style=0.0168
[global_step 6500] avg_loss=4.8655 geom=0.0140  pred=2.2921 style=0.0153
[global_step 6600] avg_loss=4.8497 geom=0.0112  pred=2.2020 style=0.0120
[global_step 6700] avg_loss=5.2523 geom=0.0122  pred=2.0863 style=0.0138
[global_step 6800] avg_loss=5.0769 geom=0.0105  pred=2.1408 style=0.0085
[global_step 6900] avg_loss=9.9477 geom=0.0265  pred=2.2564 style=0.1145
[global_step 7000] avg_loss=12.3146 geom=0.0138  pred=2.2155 style=0.0739
[global_step 7000] done in 503.9s | loss=12.3146
model saved to ./checkpoints/planner_step{global_step}.pt
[global_step 7100] avg_loss=10.8795 geom=0.0089  pred=2.1762 style=0.0740
[global_step 7200] avg_loss=10.6382 geom=0.0096  pred=2.1926 style=0.0679
[global_step 7300] avg_loss=10.2659 geom=0.0090  pred=2.2185 style=0.0735
[global_step 7400] avg_loss=10.3585 geom=0.0140  pred=2.0930 style=0.0721
[global_step 7500] avg_loss=10.2791 geom=0.0059  pred=2.1601 style=0.0707
[global_step 7600] avg_loss=10.1857 geom=0.0118  pred=2.1851 style=0.0666
[global_step 7700] avg_loss=10.0362 geom=0.0085  pred=2.1378 style=0.0666
[global_step 7800] avg_loss=10.2333 geom=0.0140  pred=2.2170 style=0.0723
[global_step 7900] avg_loss=10.1034 geom=0.0094  pred=2.1787 style=0.0652
[global_step 8000] avg_loss=9.9973 geom=0.0078  pred=2.0833 style=0.0650
[global_step 8000] done in 468.0s | loss=9.9973
model saved to ./checkpoints/planner_step{global_step}.pt
[global_step 8100] avg_loss=9.9619 geom=0.0103  pred=2.1533 style=0.0756
[global_step 8200] avg_loss=9.8630 geom=0.0083  pred=2.1457 style=0.0669
[global_step 8300] avg_loss=9.7454 geom=0.0114  pred=2.1641 style=0.0626
[global_step 8400] avg_loss=8.6242 geom=0.0099  pred=2.2375 style=0.0301
[global_step 8500] avg_loss=5.3864 geom=0.0092  pred=2.2240 style=0.0226
[global_step 8600] avg_loss=4.8013 geom=0.0050  pred=2.2973 style=0.0163
[global_step 8700] avg_loss=4.6269 geom=0.0063  pred=2.3065 style=0.0220
[global_step 8800] avg_loss=4.5497 geom=0.0060  pred=2.3565 style=0.0126
[global_step 8900] avg_loss=4.5336 geom=0.0052  pred=2.2922 style=0.0168
[global_step 9000] avg_loss=4.4277 geom=0.0057  pred=2.3159 style=0.0145
[global_step 9000] done in 428.2s | loss=4.4277
model saved to ./checkpoints/planner_step{global_step}.pt
[global_step 9100] avg_loss=4.5578 geom=0.0055  pred=2.3219 style=0.0182
[global_step 9200] avg_loss=4.4766 geom=0.0048  pred=2.3493 style=0.0268
[global_step 9300] avg_loss=4.4322 geom=0.0048  pred=2.1733 style=0.0159
[global_step 9400] avg_loss=4.3555 geom=0.0054  pred=2.1526 style=0.0168
[global_step 9500] avg_loss=4.3518 geom=0.0049  pred=2.1535 style=0.0203
[global_step 9600] avg_loss=4.3662 geom=0.0049  pred=2.1661 style=0.0144
[global_step 9700] avg_loss=4.4809 geom=0.0049  pred=2.2510 style=0.0163
[global_step 9800] avg_loss=4.4165 geom=0.0043  pred=2.2478 style=0.0141
[global_step 9900] avg_loss=4.7586 geom=0.0060  pred=2.1944 style=0.0169
W0831 20:08:58.197000 1840008 site-packages/torch/distributed/elastic/agent/server/api.py:704] Received 1 death signal, shutting down workers
W0831 20:08:58.269000 1840008 site-packages/torch/distributed/elastic/multiprocessing/api.py:897] Sending process 1840102 closing signal SIGHUP
W0831 20:08:58.273000 1840008 site-packages/torch/distributed/elastic/multiprocessing/api.py:897] Sending process 1840103 closing signal SIGHUP
W0831 20:08:58.275000 1840008 site-packages/torch/distributed/elastic/multiprocessing/api.py:897] Sending process 1840104 closing signal SIGHUP
W0831 20:08:58.277000 1840008 site-packages/torch/distributed/elastic/multiprocessing/api.py:897] Sending process 1840105 closing signal SIGHUP
Traceback (most recent call last):
  File "/opt/conda/envs/diffsensei/bin/accelerate", line 8, in <module>
    sys.exit(main())
             ^^^^^^
  File "/opt/conda/envs/diffsensei/lib/python3.11/site-packages/accelerate/commands/accelerate_cli.py", line 50, in main
    args.func(args)
  File "/opt/conda/envs/diffsensei/lib/python3.11/site-packages/accelerate/commands/launch.py", line 1189, in launch_command
    multi_gpu_launcher(args)
  File "/opt/conda/envs/diffsensei/lib/python3.11/site-packages/accelerate/commands/launch.py", line 815, in multi_gpu_launcher
    distrib_run.run(args)
  File "/opt/conda/envs/diffsensei/lib/python3.11/site-packages/torch/distributed/run.py", line 910, in run
    elastic_launch(
  File "/opt/conda/envs/diffsensei/lib/python3.11/site-packages/torch/distributed/launcher/api.py", line 138, in __call__
    return launch_agent(self._config, self._entrypoint, list(args))
           ^^^^^^^^^^^^^^^^^^^^^^^^^^^^^^^^^^^^^^^^^^^^^^^^^^^^^^^^
  File "/opt/conda/envs/diffsensei/lib/python3.11/site-packages/torch/distributed/launcher/api.py", line 260, in launch_agent
    result = agent.run()
             ^^^^^^^^^^^
  File "/opt/conda/envs/diffsensei/lib/python3.11/site-packages/torch/distributed/elastic/metrics/api.py", line 137, in wrapper
    result = f(*args, **kwargs)
             ^^^^^^^^^^^^^^^^^^
  File "/opt/conda/envs/diffsensei/lib/python3.11/site-packages/torch/distributed/elastic/agent/server/api.py", line 696, in run
    result = self._invoke_run(role)
             ^^^^^^^^^^^^^^^^^^^^^^
  File "/opt/conda/envs/diffsensei/lib/python3.11/site-packages/torch/distributed/elastic/agent/server/api.py", line 855, in _invoke_run
    time.sleep(monitor_interval)
  File "/opt/conda/envs/diffsensei/lib/python3.11/site-packages/torch/distributed/elastic/multiprocessing/api.py", line 84, in _terminate_process_handler
    raise SignalException(f"Process {os.getpid()} got signal: {sigval}", sigval=sigval)
torch.distributed.elastic.multiprocessing.api.SignalException: Process 1840008 got signal: 1
