nohup: ignoring input
[rank2]:[W901 09:25:24.847818007 ProcessGroupNCCL.cpp:4115] [PG ID 0 PG GUID 0 Rank 2]  using GPU 2 to perform barrier as devices used by this process are currently unknown. This can potentially cause a hang if this rank to GPU mapping is incorrect.Specify device_ids in barrier() to force use of a particular device,or call init_process_group() with a device_id.
[rank0]:[W901 09:25:24.955909133 ProcessGroupNCCL.cpp:4115] [PG ID 0 PG GUID 0 Rank 0]  using GPU 0 to perform barrier as devices used by this process are currently unknown. This can potentially cause a hang if this rank to GPU mapping is incorrect.Specify device_ids in barrier() to force use of a particular device,or call init_process_group() with a device_id.
[rank1]:[W901 09:25:24.133131752 ProcessGroupNCCL.cpp:4115] [PG ID 0 PG GUID 0 Rank 1]  using GPU 1 to perform barrier as devices used by this process are currently unknown. This can potentially cause a hang if this rank to GPU mapping is incorrect.Specify device_ids in barrier() to force use of a particular device,or call init_process_group() with a device_id.
[rank3]:[W901 09:25:24.134065302 ProcessGroupNCCL.cpp:4115] [PG ID 0 PG GUID 0 Rank 3]  using GPU 3 to perform barrier as devices used by this process are currently unknown. This can potentially cause a hang if this rank to GPU mapping is incorrect.Specify device_ids in barrier() to force use of a particular device,or call init_process_group() with a device_id.
Using a slow image processor as `use_fast` is unset and a slow processor was saved with this model. `use_fast=True` will be the default behavior in v4.52, even if the model was saved with a slow processor. This will result in minor differences in outputs. You'll still be able to use a slow processor with `use_fast=False`.
Using a slow image processor as `use_fast` is unset and a slow processor was saved with this model. `use_fast=True` will be the default behavior in v4.52, even if the model was saved with a slow processor. This will result in minor differences in outputs. You'll still be able to use a slow processor with `use_fast=False`.
Using a slow image processor as `use_fast` is unset and a slow processor was saved with this model. `use_fast=True` will be the default behavior in v4.52, even if the model was saved with a slow processor. This will result in minor differences in outputs. You'll still be able to use a slow processor with `use_fast=False`.
Using a slow image processor as `use_fast` is unset and a slow processor was saved with this model. `use_fast=True` will be the default behavior in v4.52, even if the model was saved with a slow processor. This will result in minor differences in outputs. You'll still be able to use a slow processor with `use_fast=False`.
Config of the encoder: <class 'transformers.models.vit.modeling_vit.ViTModel'> is overwritten by shared encoder config: ViTConfig {
  "attention_probs_dropout_prob": 0.0,
  "encoder_stride": 16,
  "hidden_act": "gelu",
  "hidden_dropout_prob": 0.0,
  "hidden_size": 768,
  "image_size": 384,
  "initializer_range": 0.02,
  "intermediate_size": 3072,
  "layer_norm_eps": 1e-12,
  "model_type": "vit",
  "num_attention_heads": 12,
  "num_channels": 3,
  "num_hidden_layers": 12,
  "patch_size": 16,
  "pooler_act": "tanh",
  "pooler_output_size": 768,
  "qkv_bias": false,
  "transformers_version": "4.51.3"
}

Config of the decoder: <class 'transformers.models.trocr.modeling_trocr.TrOCRForCausalLM'> is overwritten by shared decoder config: TrOCRConfig {
  "activation_dropout": 0.0,
  "activation_function": "gelu",
  "add_cross_attention": true,
  "attention_dropout": 0.0,
  "bos_token_id": 0,
  "classifier_dropout": 0.0,
  "cross_attention_hidden_size": 768,
  "d_model": 1024,
  "decoder_attention_heads": 16,
  "decoder_ffn_dim": 4096,
  "decoder_layerdrop": 0.0,
  "decoder_layers": 12,
  "decoder_start_token_id": 2,
  "dropout": 0.1,
  "eos_token_id": 2,
  "init_std": 0.02,
  "is_decoder": true,
  "layernorm_embedding": true,
  "max_position_embeddings": 512,
  "model_type": "trocr",
  "pad_token_id": 1,
  "scale_embedding": false,
  "transformers_version": "4.51.3",
  "use_cache": false,
  "use_learned_position_embeddings": true,
  "vocab_size": 50265
}

Config of the encoder: <class 'transformers.models.vit.modeling_vit.ViTModel'> is overwritten by shared encoder config: ViTConfig {
  "attention_probs_dropout_prob": 0.0,
  "encoder_stride": 16,
  "hidden_act": "gelu",
  "hidden_dropout_prob": 0.0,
  "hidden_size": 768,
  "image_size": 384,
  "initializer_range": 0.02,
  "intermediate_size": 3072,
  "layer_norm_eps": 1e-12,
  "model_type": "vit",
  "num_attention_heads": 12,
  "num_channels": 3,
  "num_hidden_layers": 12,
  "patch_size": 16,
  "pooler_act": "tanh",
  "pooler_output_size": 768,
  "qkv_bias": false,
  "transformers_version": "4.51.3"
}

Config of the encoder: <class 'transformers.models.vit.modeling_vit.ViTModel'> is overwritten by shared encoder config: ViTConfig {
  "attention_probs_dropout_prob": 0.0,
  "encoder_stride": 16,
  "hidden_act": "gelu",
  "hidden_dropout_prob": 0.0,
  "hidden_size": 768,
  "image_size": 384,
  "initializer_range": 0.02,
  "intermediate_size": 3072,
  "layer_norm_eps": 1e-12,
  "model_type": "vit",
  "num_attention_heads": 12,
  "num_channels": 3,
  "num_hidden_layers": 12,
  "patch_size": 16,
  "pooler_act": "tanh",
  "pooler_output_size": 768,
  "qkv_bias": false,
  "transformers_version": "4.51.3"
}

Config of the decoder: <class 'transformers.models.trocr.modeling_trocr.TrOCRForCausalLM'> is overwritten by shared decoder config: TrOCRConfig {
  "activation_dropout": 0.0,
  "activation_function": "gelu",
  "add_cross_attention": true,
  "attention_dropout": 0.0,
  "bos_token_id": 0,
  "classifier_dropout": 0.0,
  "cross_attention_hidden_size": 768,
  "d_model": 1024,
  "decoder_attention_heads": 16,
  "decoder_ffn_dim": 4096,
  "decoder_layerdrop": 0.0,
  "decoder_layers": 12,
  "decoder_start_token_id": 2,
  "dropout": 0.1,
  "eos_token_id": 2,
  "init_std": 0.02,
  "is_decoder": true,
  "layernorm_embedding": true,
  "max_position_embeddings": 512,
  "model_type": "trocr",
  "pad_token_id": 1,
  "scale_embedding": false,
  "transformers_version": "4.51.3",
  "use_cache": false,
  "use_learned_position_embeddings": true,
  "vocab_size": 50265
}

Config of the decoder: <class 'transformers.models.trocr.modeling_trocr.TrOCRForCausalLM'> is overwritten by shared decoder config: TrOCRConfig {
  "activation_dropout": 0.0,
  "activation_function": "gelu",
  "add_cross_attention": true,
  "attention_dropout": 0.0,
  "bos_token_id": 0,
  "classifier_dropout": 0.0,
  "cross_attention_hidden_size": 768,
  "d_model": 1024,
  "decoder_attention_heads": 16,
  "decoder_ffn_dim": 4096,
  "decoder_layerdrop": 0.0,
  "decoder_layers": 12,
  "decoder_start_token_id": 2,
  "dropout": 0.1,
  "eos_token_id": 2,
  "init_std": 0.02,
  "is_decoder": true,
  "layernorm_embedding": true,
  "max_position_embeddings": 512,
  "model_type": "trocr",
  "pad_token_id": 1,
  "scale_embedding": false,
  "transformers_version": "4.51.3",
  "use_cache": false,
  "use_learned_position_embeddings": true,
  "vocab_size": 50265
}

Config of the encoder: <class 'transformers.models.vit.modeling_vit.ViTModel'> is overwritten by shared encoder config: ViTConfig {
  "attention_probs_dropout_prob": 0.0,
  "encoder_stride": 16,
  "hidden_act": "gelu",
  "hidden_dropout_prob": 0.0,
  "hidden_size": 768,
  "image_size": 384,
  "initializer_range": 0.02,
  "intermediate_size": 3072,
  "layer_norm_eps": 1e-12,
  "model_type": "vit",
  "num_attention_heads": 12,
  "num_channels": 3,
  "num_hidden_layers": 12,
  "patch_size": 16,
  "pooler_act": "tanh",
  "pooler_output_size": 768,
  "qkv_bias": false,
  "transformers_version": "4.51.3"
}

Config of the decoder: <class 'transformers.models.trocr.modeling_trocr.TrOCRForCausalLM'> is overwritten by shared decoder config: TrOCRConfig {
  "activation_dropout": 0.0,
  "activation_function": "gelu",
  "add_cross_attention": true,
  "attention_dropout": 0.0,
  "bos_token_id": 0,
  "classifier_dropout": 0.0,
  "cross_attention_hidden_size": 768,
  "d_model": 1024,
  "decoder_attention_heads": 16,
  "decoder_ffn_dim": 4096,
  "decoder_layerdrop": 0.0,
  "decoder_layers": 12,
  "decoder_start_token_id": 2,
  "dropout": 0.1,
  "eos_token_id": 2,
  "init_std": 0.02,
  "is_decoder": true,
  "layernorm_embedding": true,
  "max_position_embeddings": 512,
  "model_type": "trocr",
  "pad_token_id": 1,
  "scale_embedding": false,
  "transformers_version": "4.51.3",
  "use_cache": false,
  "use_learned_position_embeddings": true,
  "vocab_size": 50265
}

/opt/conda/envs/diffsensei/lib/python3.11/site-packages/torch/nn/modules/module.py:2400: UserWarning: for conv1.weight: copying from a non-meta parameter in the checkpoint to a meta parameter in the current model, which is a no-op. (Did you mean to pass `assign=True` to assign items in the state dictionary to their corresponding key in the module instead of copying them in place?)
  warnings.warn(
/opt/conda/envs/diffsensei/lib/python3.11/site-packages/torch/nn/modules/module.py:2400: UserWarning: for conv1.weight: copying from a non-meta parameter in the checkpoint to a meta parameter in the current model, which is a no-op. (Did you mean to pass `assign=True` to assign items in the state dictionary to their corresponding key in the module instead of copying them in place?)
  warnings.warn(
/opt/conda/envs/diffsensei/lib/python3.11/site-packages/torch/nn/modules/module.py:2400: UserWarning: for conv1.weight: copying from a non-meta parameter in the checkpoint to a meta parameter in the current model, which is a no-op. (Did you mean to pass `assign=True` to assign items in the state dictionary to their corresponding key in the module instead of copying them in place?)
  warnings.warn(
/opt/conda/envs/diffsensei/lib/python3.11/site-packages/torch/nn/modules/module.py:2400: UserWarning: for bn1.weight: copying from a non-meta parameter in the checkpoint to a meta parameter in the current model, which is a no-op. (Did you mean to pass `assign=True` to assign items in the state dictionary to their corresponding key in the module instead of copying them in place?)
  warnings.warn(
/opt/conda/envs/diffsensei/lib/python3.11/site-packages/torch/nn/modules/module.py:2400: UserWarning: for bn1.bias: copying from a non-meta parameter in the checkpoint to a meta parameter in the current model, which is a no-op. (Did you mean to pass `assign=True` to assign items in the state dictionary to their corresponding key in the module instead of copying them in place?)
  warnings.warn(
/opt/conda/envs/diffsensei/lib/python3.11/site-packages/torch/nn/modules/module.py:2400: UserWarning: for bn1.weight: copying from a non-meta parameter in the checkpoint to a meta parameter in the current model, which is a no-op. (Did you mean to pass `assign=True` to assign items in the state dictionary to their corresponding key in the module instead of copying them in place?)
  warnings.warn(
/opt/conda/envs/diffsensei/lib/python3.11/site-packages/torch/nn/modules/module.py:2400: UserWarning: for bn1.weight: copying from a non-meta parameter in the checkpoint to a meta parameter in the current model, which is a no-op. (Did you mean to pass `assign=True` to assign items in the state dictionary to their corresponding key in the module instead of copying them in place?)
  warnings.warn(
/opt/conda/envs/diffsensei/lib/python3.11/site-packages/torch/nn/modules/module.py:2400: UserWarning: for bn1.bias: copying from a non-meta parameter in the checkpoint to a meta parameter in the current model, which is a no-op. (Did you mean to pass `assign=True` to assign items in the state dictionary to their corresponding key in the module instead of copying them in place?)
  warnings.warn(
/opt/conda/envs/diffsensei/lib/python3.11/site-packages/torch/nn/modules/module.py:2400: UserWarning: for bn1.bias: copying from a non-meta parameter in the checkpoint to a meta parameter in the current model, which is a no-op. (Did you mean to pass `assign=True` to assign items in the state dictionary to their corresponding key in the module instead of copying them in place?)
  warnings.warn(
/opt/conda/envs/diffsensei/lib/python3.11/site-packages/torch/nn/modules/module.py:2400: UserWarning: for layer1.0.conv1.weight: copying from a non-meta parameter in the checkpoint to a meta parameter in the current model, which is a no-op. (Did you mean to pass `assign=True` to assign items in the state dictionary to their corresponding key in the module instead of copying them in place?)
  warnings.warn(
/opt/conda/envs/diffsensei/lib/python3.11/site-packages/torch/nn/modules/module.py:2400: UserWarning: for layer1.0.conv1.weight: copying from a non-meta parameter in the checkpoint to a meta parameter in the current model, which is a no-op. (Did you mean to pass `assign=True` to assign items in the state dictionary to their corresponding key in the module instead of copying them in place?)
  warnings.warn(
/opt/conda/envs/diffsensei/lib/python3.11/site-packages/torch/nn/modules/module.py:2400: UserWarning: for layer1.0.bn1.weight: copying from a non-meta parameter in the checkpoint to a meta parameter in the current model, which is a no-op. (Did you mean to pass `assign=True` to assign items in the state dictionary to their corresponding key in the module instead of copying them in place?)
  warnings.warn(
/opt/conda/envs/diffsensei/lib/python3.11/site-packages/torch/nn/modules/module.py:2400: UserWarning: for layer1.0.bn1.bias: copying from a non-meta parameter in the checkpoint to a meta parameter in the current model, which is a no-op. (Did you mean to pass `assign=True` to assign items in the state dictionary to their corresponding key in the module instead of copying them in place?)
  warnings.warn(
/opt/conda/envs/diffsensei/lib/python3.11/site-packages/torch/nn/modules/module.py:2400: UserWarning: for layer1.0.bn1.weight: copying from a non-meta parameter in the checkpoint to a meta parameter in the current model, which is a no-op. (Did you mean to pass `assign=True` to assign items in the state dictionary to their corresponding key in the module instead of copying them in place?)
  warnings.warn(
/opt/conda/envs/diffsensei/lib/python3.11/site-packages/torch/nn/modules/module.py:2400: UserWarning: for layer1.0.bn1.bias: copying from a non-meta parameter in the checkpoint to a meta parameter in the current model, which is a no-op. (Did you mean to pass `assign=True` to assign items in the state dictionary to their corresponding key in the module instead of copying them in place?)
  warnings.warn(
/opt/conda/envs/diffsensei/lib/python3.11/site-packages/torch/nn/modules/module.py:2400: UserWarning: for layer1.0.conv2.weight: copying from a non-meta parameter in the checkpoint to a meta parameter in the current model, which is a no-op. (Did you mean to pass `assign=True` to assign items in the state dictionary to their corresponding key in the module instead of copying them in place?)
  warnings.warn(
/opt/conda/envs/diffsensei/lib/python3.11/site-packages/torch/nn/modules/module.py:2400: UserWarning: for layer1.0.bn2.weight: copying from a non-meta parameter in the checkpoint to a meta parameter in the current model, which is a no-op. (Did you mean to pass `assign=True` to assign items in the state dictionary to their corresponding key in the module instead of copying them in place?)
  warnings.warn(
/opt/conda/envs/diffsensei/lib/python3.11/site-packages/torch/nn/modules/module.py:2400: UserWarning: for layer1.0.conv2.weight: copying from a non-meta parameter in the checkpoint to a meta parameter in the current model, which is a no-op. (Did you mean to pass `assign=True` to assign items in the state dictionary to their corresponding key in the module instead of copying them in place?)
  warnings.warn(
/opt/conda/envs/diffsensei/lib/python3.11/site-packages/torch/nn/modules/module.py:2400: UserWarning: for layer1.0.bn2.bias: copying from a non-meta parameter in the checkpoint to a meta parameter in the current model, which is a no-op. (Did you mean to pass `assign=True` to assign items in the state dictionary to their corresponding key in the module instead of copying them in place?)
  warnings.warn(
/opt/conda/envs/diffsensei/lib/python3.11/site-packages/torch/nn/modules/module.py:2400: UserWarning: for layer1.0.bn2.weight: copying from a non-meta parameter in the checkpoint to a meta parameter in the current model, which is a no-op. (Did you mean to pass `assign=True` to assign items in the state dictionary to their corresponding key in the module instead of copying them in place?)
  warnings.warn(
/opt/conda/envs/diffsensei/lib/python3.11/site-packages/torch/nn/modules/module.py:2400: UserWarning: for layer1.0.conv3.weight: copying from a non-meta parameter in the checkpoint to a meta parameter in the current model, which is a no-op. (Did you mean to pass `assign=True` to assign items in the state dictionary to their corresponding key in the module instead of copying them in place?)
  warnings.warn(
/opt/conda/envs/diffsensei/lib/python3.11/site-packages/torch/nn/modules/module.py:2400: UserWarning: for layer1.0.bn2.bias: copying from a non-meta parameter in the checkpoint to a meta parameter in the current model, which is a no-op. (Did you mean to pass `assign=True` to assign items in the state dictionary to their corresponding key in the module instead of copying them in place?)
  warnings.warn(
/opt/conda/envs/diffsensei/lib/python3.11/site-packages/torch/nn/modules/module.py:2400: UserWarning: for layer1.0.bn3.weight: copying from a non-meta parameter in the checkpoint to a meta parameter in the current model, which is a no-op. (Did you mean to pass `assign=True` to assign items in the state dictionary to their corresponding key in the module instead of copying them in place?)
  warnings.warn(
/opt/conda/envs/diffsensei/lib/python3.11/site-packages/torch/nn/modules/module.py:2400: UserWarning: for layer1.0.bn3.bias: copying from a non-meta parameter in the checkpoint to a meta parameter in the current model, which is a no-op. (Did you mean to pass `assign=True` to assign items in the state dictionary to their corresponding key in the module instead of copying them in place?)
  warnings.warn(
/opt/conda/envs/diffsensei/lib/python3.11/site-packages/torch/nn/modules/module.py:2400: UserWarning: for layer1.0.conv1.weight: copying from a non-meta parameter in the checkpoint to a meta parameter in the current model, which is a no-op. (Did you mean to pass `assign=True` to assign items in the state dictionary to their corresponding key in the module instead of copying them in place?)
  warnings.warn(
/opt/conda/envs/diffsensei/lib/python3.11/site-packages/torch/nn/modules/module.py:2400: UserWarning: for layer1.0.downsample.0.weight: copying from a non-meta parameter in the checkpoint to a meta parameter in the current model, which is a no-op. (Did you mean to pass `assign=True` to assign items in the state dictionary to their corresponding key in the module instead of copying them in place?)
  warnings.warn(
/opt/conda/envs/diffsensei/lib/python3.11/site-packages/torch/nn/modules/module.py:2400: UserWarning: for layer1.0.conv3.weight: copying from a non-meta parameter in the checkpoint to a meta parameter in the current model, which is a no-op. (Did you mean to pass `assign=True` to assign items in the state dictionary to their corresponding key in the module instead of copying them in place?)
  warnings.warn(
/opt/conda/envs/diffsensei/lib/python3.11/site-packages/torch/nn/modules/module.py:2400: UserWarning: for layer1.0.bn1.weight: copying from a non-meta parameter in the checkpoint to a meta parameter in the current model, which is a no-op. (Did you mean to pass `assign=True` to assign items in the state dictionary to their corresponding key in the module instead of copying them in place?)
  warnings.warn(
/opt/conda/envs/diffsensei/lib/python3.11/site-packages/torch/nn/modules/module.py:2400: UserWarning: for layer1.0.downsample.1.weight: copying from a non-meta parameter in the checkpoint to a meta parameter in the current model, which is a no-op. (Did you mean to pass `assign=True` to assign items in the state dictionary to their corresponding key in the module instead of copying them in place?)
  warnings.warn(
/opt/conda/envs/diffsensei/lib/python3.11/site-packages/torch/nn/modules/module.py:2400: UserWarning: for layer1.0.downsample.1.bias: copying from a non-meta parameter in the checkpoint to a meta parameter in the current model, which is a no-op. (Did you mean to pass `assign=True` to assign items in the state dictionary to their corresponding key in the module instead of copying them in place?)
  warnings.warn(
/opt/conda/envs/diffsensei/lib/python3.11/site-packages/torch/nn/modules/module.py:2400: UserWarning: for layer1.0.bn1.bias: copying from a non-meta parameter in the checkpoint to a meta parameter in the current model, which is a no-op. (Did you mean to pass `assign=True` to assign items in the state dictionary to their corresponding key in the module instead of copying them in place?)
  warnings.warn(
/opt/conda/envs/diffsensei/lib/python3.11/site-packages/torch/nn/modules/module.py:2400: UserWarning: for layer1.0.bn3.weight: copying from a non-meta parameter in the checkpoint to a meta parameter in the current model, which is a no-op. (Did you mean to pass `assign=True` to assign items in the state dictionary to their corresponding key in the module instead of copying them in place?)
  warnings.warn(
/opt/conda/envs/diffsensei/lib/python3.11/site-packages/torch/nn/modules/module.py:2400: UserWarning: for layer1.0.bn3.bias: copying from a non-meta parameter in the checkpoint to a meta parameter in the current model, which is a no-op. (Did you mean to pass `assign=True` to assign items in the state dictionary to their corresponding key in the module instead of copying them in place?)
  warnings.warn(
/opt/conda/envs/diffsensei/lib/python3.11/site-packages/torch/nn/modules/module.py:2400: UserWarning: for layer1.1.conv1.weight: copying from a non-meta parameter in the checkpoint to a meta parameter in the current model, which is a no-op. (Did you mean to pass `assign=True` to assign items in the state dictionary to their corresponding key in the module instead of copying them in place?)
  warnings.warn(
/opt/conda/envs/diffsensei/lib/python3.11/site-packages/torch/nn/modules/module.py:2400: UserWarning: for layer1.0.conv2.weight: copying from a non-meta parameter in the checkpoint to a meta parameter in the current model, which is a no-op. (Did you mean to pass `assign=True` to assign items in the state dictionary to their corresponding key in the module instead of copying them in place?)
  warnings.warn(
/opt/conda/envs/diffsensei/lib/python3.11/site-packages/torch/nn/modules/module.py:2400: UserWarning: for layer1.1.bn1.weight: copying from a non-meta parameter in the checkpoint to a meta parameter in the current model, which is a no-op. (Did you mean to pass `assign=True` to assign items in the state dictionary to their corresponding key in the module instead of copying them in place?)
  warnings.warn(
/opt/conda/envs/diffsensei/lib/python3.11/site-packages/torch/nn/modules/module.py:2400: UserWarning: for layer1.0.bn2.weight: copying from a non-meta parameter in the checkpoint to a meta parameter in the current model, which is a no-op. (Did you mean to pass `assign=True` to assign items in the state dictionary to their corresponding key in the module instead of copying them in place?)
  warnings.warn(
/opt/conda/envs/diffsensei/lib/python3.11/site-packages/torch/nn/modules/module.py:2400: UserWarning: for layer1.1.bn1.bias: copying from a non-meta parameter in the checkpoint to a meta parameter in the current model, which is a no-op. (Did you mean to pass `assign=True` to assign items in the state dictionary to their corresponding key in the module instead of copying them in place?)
  warnings.warn(
/opt/conda/envs/diffsensei/lib/python3.11/site-packages/torch/nn/modules/module.py:2400: UserWarning: for layer1.0.downsample.0.weight: copying from a non-meta parameter in the checkpoint to a meta parameter in the current model, which is a no-op. (Did you mean to pass `assign=True` to assign items in the state dictionary to their corresponding key in the module instead of copying them in place?)
  warnings.warn(
/opt/conda/envs/diffsensei/lib/python3.11/site-packages/torch/nn/modules/module.py:2400: UserWarning: for layer1.0.bn2.bias: copying from a non-meta parameter in the checkpoint to a meta parameter in the current model, which is a no-op. (Did you mean to pass `assign=True` to assign items in the state dictionary to their corresponding key in the module instead of copying them in place?)
  warnings.warn(
/opt/conda/envs/diffsensei/lib/python3.11/site-packages/torch/nn/modules/module.py:2400: UserWarning: for layer1.0.downsample.1.weight: copying from a non-meta parameter in the checkpoint to a meta parameter in the current model, which is a no-op. (Did you mean to pass `assign=True` to assign items in the state dictionary to their corresponding key in the module instead of copying them in place?)
  warnings.warn(
/opt/conda/envs/diffsensei/lib/python3.11/site-packages/torch/nn/modules/module.py:2400: UserWarning: for layer1.1.conv2.weight: copying from a non-meta parameter in the checkpoint to a meta parameter in the current model, which is a no-op. (Did you mean to pass `assign=True` to assign items in the state dictionary to their corresponding key in the module instead of copying them in place?)
  warnings.warn(
/opt/conda/envs/diffsensei/lib/python3.11/site-packages/torch/nn/modules/module.py:2400: UserWarning: for layer1.0.downsample.1.bias: copying from a non-meta parameter in the checkpoint to a meta parameter in the current model, which is a no-op. (Did you mean to pass `assign=True` to assign items in the state dictionary to their corresponding key in the module instead of copying them in place?)
  warnings.warn(
/opt/conda/envs/diffsensei/lib/python3.11/site-packages/torch/nn/modules/module.py:2400: UserWarning: for layer1.0.conv3.weight: copying from a non-meta parameter in the checkpoint to a meta parameter in the current model, which is a no-op. (Did you mean to pass `assign=True` to assign items in the state dictionary to their corresponding key in the module instead of copying them in place?)
  warnings.warn(
/opt/conda/envs/diffsensei/lib/python3.11/site-packages/torch/nn/modules/module.py:2400: UserWarning: for layer1.1.bn2.weight: copying from a non-meta parameter in the checkpoint to a meta parameter in the current model, which is a no-op. (Did you mean to pass `assign=True` to assign items in the state dictionary to their corresponding key in the module instead of copying them in place?)
  warnings.warn(
/opt/conda/envs/diffsensei/lib/python3.11/site-packages/torch/nn/modules/module.py:2400: UserWarning: for layer1.1.bn2.bias: copying from a non-meta parameter in the checkpoint to a meta parameter in the current model, which is a no-op. (Did you mean to pass `assign=True` to assign items in the state dictionary to their corresponding key in the module instead of copying them in place?)
  warnings.warn(
/opt/conda/envs/diffsensei/lib/python3.11/site-packages/torch/nn/modules/module.py:2400: UserWarning: for layer1.0.bn3.weight: copying from a non-meta parameter in the checkpoint to a meta parameter in the current model, which is a no-op. (Did you mean to pass `assign=True` to assign items in the state dictionary to their corresponding key in the module instead of copying them in place?)
  warnings.warn(
/opt/conda/envs/diffsensei/lib/python3.11/site-packages/torch/nn/modules/module.py:2400: UserWarning: for layer1.1.conv1.weight: copying from a non-meta parameter in the checkpoint to a meta parameter in the current model, which is a no-op. (Did you mean to pass `assign=True` to assign items in the state dictionary to their corresponding key in the module instead of copying them in place?)
  warnings.warn(
/opt/conda/envs/diffsensei/lib/python3.11/site-packages/torch/nn/modules/module.py:2400: UserWarning: for layer1.0.bn3.bias: copying from a non-meta parameter in the checkpoint to a meta parameter in the current model, which is a no-op. (Did you mean to pass `assign=True` to assign items in the state dictionary to their corresponding key in the module instead of copying them in place?)
  warnings.warn(
/opt/conda/envs/diffsensei/lib/python3.11/site-packages/torch/nn/modules/module.py:2400: UserWarning: for layer1.1.bn1.weight: copying from a non-meta parameter in the checkpoint to a meta parameter in the current model, which is a no-op. (Did you mean to pass `assign=True` to assign items in the state dictionary to their corresponding key in the module instead of copying them in place?)
  warnings.warn(
/opt/conda/envs/diffsensei/lib/python3.11/site-packages/torch/nn/modules/module.py:2400: UserWarning: for layer1.1.bn1.bias: copying from a non-meta parameter in the checkpoint to a meta parameter in the current model, which is a no-op. (Did you mean to pass `assign=True` to assign items in the state dictionary to their corresponding key in the module instead of copying them in place?)
  warnings.warn(
/opt/conda/envs/diffsensei/lib/python3.11/site-packages/torch/nn/modules/module.py:2400: UserWarning: for layer1.1.conv3.weight: copying from a non-meta parameter in the checkpoint to a meta parameter in the current model, which is a no-op. (Did you mean to pass `assign=True` to assign items in the state dictionary to their corresponding key in the module instead of copying them in place?)
  warnings.warn(
/opt/conda/envs/diffsensei/lib/python3.11/site-packages/torch/nn/modules/module.py:2400: UserWarning: for layer1.0.downsample.0.weight: copying from a non-meta parameter in the checkpoint to a meta parameter in the current model, which is a no-op. (Did you mean to pass `assign=True` to assign items in the state dictionary to their corresponding key in the module instead of copying them in place?)
  warnings.warn(
/opt/conda/envs/diffsensei/lib/python3.11/site-packages/torch/nn/modules/module.py:2400: UserWarning: for layer1.1.bn3.weight: copying from a non-meta parameter in the checkpoint to a meta parameter in the current model, which is a no-op. (Did you mean to pass `assign=True` to assign items in the state dictionary to their corresponding key in the module instead of copying them in place?)
  warnings.warn(
/opt/conda/envs/diffsensei/lib/python3.11/site-packages/torch/nn/modules/module.py:2400: UserWarning: for layer1.1.conv2.weight: copying from a non-meta parameter in the checkpoint to a meta parameter in the current model, which is a no-op. (Did you mean to pass `assign=True` to assign items in the state dictionary to their corresponding key in the module instead of copying them in place?)
  warnings.warn(
/opt/conda/envs/diffsensei/lib/python3.11/site-packages/torch/nn/modules/module.py:2400: UserWarning: for layer1.1.bn3.bias: copying from a non-meta parameter in the checkpoint to a meta parameter in the current model, which is a no-op. (Did you mean to pass `assign=True` to assign items in the state dictionary to their corresponding key in the module instead of copying them in place?)
  warnings.warn(
/opt/conda/envs/diffsensei/lib/python3.11/site-packages/torch/nn/modules/module.py:2400: UserWarning: for layer1.0.downsample.1.weight: copying from a non-meta parameter in the checkpoint to a meta parameter in the current model, which is a no-op. (Did you mean to pass `assign=True` to assign items in the state dictionary to their corresponding key in the module instead of copying them in place?)
  warnings.warn(
/opt/conda/envs/diffsensei/lib/python3.11/site-packages/torch/nn/modules/module.py:2400: UserWarning: for layer1.1.bn2.weight: copying from a non-meta parameter in the checkpoint to a meta parameter in the current model, which is a no-op. (Did you mean to pass `assign=True` to assign items in the state dictionary to their corresponding key in the module instead of copying them in place?)
  warnings.warn(
/opt/conda/envs/diffsensei/lib/python3.11/site-packages/torch/nn/modules/module.py:2400: UserWarning: for layer1.0.downsample.1.bias: copying from a non-meta parameter in the checkpoint to a meta parameter in the current model, which is a no-op. (Did you mean to pass `assign=True` to assign items in the state dictionary to their corresponding key in the module instead of copying them in place?)
  warnings.warn(
/opt/conda/envs/diffsensei/lib/python3.11/site-packages/torch/nn/modules/module.py:2400: UserWarning: for layer1.1.bn2.bias: copying from a non-meta parameter in the checkpoint to a meta parameter in the current model, which is a no-op. (Did you mean to pass `assign=True` to assign items in the state dictionary to their corresponding key in the module instead of copying them in place?)
  warnings.warn(
/opt/conda/envs/diffsensei/lib/python3.11/site-packages/torch/nn/modules/module.py:2400: UserWarning: for layer1.2.conv1.weight: copying from a non-meta parameter in the checkpoint to a meta parameter in the current model, which is a no-op. (Did you mean to pass `assign=True` to assign items in the state dictionary to their corresponding key in the module instead of copying them in place?)
  warnings.warn(
/opt/conda/envs/diffsensei/lib/python3.11/site-packages/torch/nn/modules/module.py:2400: UserWarning: for layer1.1.conv3.weight: copying from a non-meta parameter in the checkpoint to a meta parameter in the current model, which is a no-op. (Did you mean to pass `assign=True` to assign items in the state dictionary to their corresponding key in the module instead of copying them in place?)
  warnings.warn(
/opt/conda/envs/diffsensei/lib/python3.11/site-packages/torch/nn/modules/module.py:2400: UserWarning: for layer1.1.conv1.weight: copying from a non-meta parameter in the checkpoint to a meta parameter in the current model, which is a no-op. (Did you mean to pass `assign=True` to assign items in the state dictionary to their corresponding key in the module instead of copying them in place?)
  warnings.warn(
/opt/conda/envs/diffsensei/lib/python3.11/site-packages/torch/nn/modules/module.py:2400: UserWarning: for layer1.2.bn1.weight: copying from a non-meta parameter in the checkpoint to a meta parameter in the current model, which is a no-op. (Did you mean to pass `assign=True` to assign items in the state dictionary to their corresponding key in the module instead of copying them in place?)
  warnings.warn(
/opt/conda/envs/diffsensei/lib/python3.11/site-packages/torch/nn/modules/module.py:2400: UserWarning: for layer1.1.bn3.weight: copying from a non-meta parameter in the checkpoint to a meta parameter in the current model, which is a no-op. (Did you mean to pass `assign=True` to assign items in the state dictionary to their corresponding key in the module instead of copying them in place?)
  warnings.warn(
/opt/conda/envs/diffsensei/lib/python3.11/site-packages/torch/nn/modules/module.py:2400: UserWarning: for layer1.1.bn1.weight: copying from a non-meta parameter in the checkpoint to a meta parameter in the current model, which is a no-op. (Did you mean to pass `assign=True` to assign items in the state dictionary to their corresponding key in the module instead of copying them in place?)
  warnings.warn(
/opt/conda/envs/diffsensei/lib/python3.11/site-packages/torch/nn/modules/module.py:2400: UserWarning: for layer1.2.bn1.bias: copying from a non-meta parameter in the checkpoint to a meta parameter in the current model, which is a no-op. (Did you mean to pass `assign=True` to assign items in the state dictionary to their corresponding key in the module instead of copying them in place?)
  warnings.warn(
/opt/conda/envs/diffsensei/lib/python3.11/site-packages/torch/nn/modules/module.py:2400: UserWarning: for layer1.1.bn3.bias: copying from a non-meta parameter in the checkpoint to a meta parameter in the current model, which is a no-op. (Did you mean to pass `assign=True` to assign items in the state dictionary to their corresponding key in the module instead of copying them in place?)
  warnings.warn(
/opt/conda/envs/diffsensei/lib/python3.11/site-packages/torch/nn/modules/module.py:2400: UserWarning: for layer1.1.bn1.bias: copying from a non-meta parameter in the checkpoint to a meta parameter in the current model, which is a no-op. (Did you mean to pass `assign=True` to assign items in the state dictionary to their corresponding key in the module instead of copying them in place?)
  warnings.warn(
/opt/conda/envs/diffsensei/lib/python3.11/site-packages/torch/nn/modules/module.py:2400: UserWarning: for layer1.2.conv2.weight: copying from a non-meta parameter in the checkpoint to a meta parameter in the current model, which is a no-op. (Did you mean to pass `assign=True` to assign items in the state dictionary to their corresponding key in the module instead of copying them in place?)
  warnings.warn(
/opt/conda/envs/diffsensei/lib/python3.11/site-packages/torch/nn/modules/module.py:2400: UserWarning: for layer1.1.conv2.weight: copying from a non-meta parameter in the checkpoint to a meta parameter in the current model, which is a no-op. (Did you mean to pass `assign=True` to assign items in the state dictionary to their corresponding key in the module instead of copying them in place?)
  warnings.warn(
/opt/conda/envs/diffsensei/lib/python3.11/site-packages/torch/nn/modules/module.py:2400: UserWarning: for layer1.2.conv1.weight: copying from a non-meta parameter in the checkpoint to a meta parameter in the current model, which is a no-op. (Did you mean to pass `assign=True` to assign items in the state dictionary to their corresponding key in the module instead of copying them in place?)
  warnings.warn(
/opt/conda/envs/diffsensei/lib/python3.11/site-packages/torch/nn/modules/module.py:2400: UserWarning: for layer1.2.bn2.weight: copying from a non-meta parameter in the checkpoint to a meta parameter in the current model, which is a no-op. (Did you mean to pass `assign=True` to assign items in the state dictionary to their corresponding key in the module instead of copying them in place?)
  warnings.warn(
/opt/conda/envs/diffsensei/lib/python3.11/site-packages/torch/nn/modules/module.py:2400: UserWarning: for layer1.1.bn2.weight: copying from a non-meta parameter in the checkpoint to a meta parameter in the current model, which is a no-op. (Did you mean to pass `assign=True` to assign items in the state dictionary to their corresponding key in the module instead of copying them in place?)
  warnings.warn(
/opt/conda/envs/diffsensei/lib/python3.11/site-packages/torch/nn/modules/module.py:2400: UserWarning: for layer1.2.bn1.weight: copying from a non-meta parameter in the checkpoint to a meta parameter in the current model, which is a no-op. (Did you mean to pass `assign=True` to assign items in the state dictionary to their corresponding key in the module instead of copying them in place?)
  warnings.warn(
/opt/conda/envs/diffsensei/lib/python3.11/site-packages/torch/nn/modules/module.py:2400: UserWarning: for layer1.2.bn2.bias: copying from a non-meta parameter in the checkpoint to a meta parameter in the current model, which is a no-op. (Did you mean to pass `assign=True` to assign items in the state dictionary to their corresponding key in the module instead of copying them in place?)
  warnings.warn(
/opt/conda/envs/diffsensei/lib/python3.11/site-packages/torch/nn/modules/module.py:2400: UserWarning: for layer1.1.bn2.bias: copying from a non-meta parameter in the checkpoint to a meta parameter in the current model, which is a no-op. (Did you mean to pass `assign=True` to assign items in the state dictionary to their corresponding key in the module instead of copying them in place?)
  warnings.warn(
/opt/conda/envs/diffsensei/lib/python3.11/site-packages/torch/nn/modules/module.py:2400: UserWarning: for layer1.2.bn1.bias: copying from a non-meta parameter in the checkpoint to a meta parameter in the current model, which is a no-op. (Did you mean to pass `assign=True` to assign items in the state dictionary to their corresponding key in the module instead of copying them in place?)
  warnings.warn(
/opt/conda/envs/diffsensei/lib/python3.11/site-packages/torch/nn/modules/module.py:2400: UserWarning: for layer1.2.conv3.weight: copying from a non-meta parameter in the checkpoint to a meta parameter in the current model, which is a no-op. (Did you mean to pass `assign=True` to assign items in the state dictionary to their corresponding key in the module instead of copying them in place?)
  warnings.warn(
/opt/conda/envs/diffsensei/lib/python3.11/site-packages/torch/nn/modules/module.py:2400: UserWarning: for layer1.2.conv2.weight: copying from a non-meta parameter in the checkpoint to a meta parameter in the current model, which is a no-op. (Did you mean to pass `assign=True` to assign items in the state dictionary to their corresponding key in the module instead of copying them in place?)
  warnings.warn(
/opt/conda/envs/diffsensei/lib/python3.11/site-packages/torch/nn/modules/module.py:2400: UserWarning: for layer1.1.conv3.weight: copying from a non-meta parameter in the checkpoint to a meta parameter in the current model, which is a no-op. (Did you mean to pass `assign=True` to assign items in the state dictionary to their corresponding key in the module instead of copying them in place?)
  warnings.warn(
/opt/conda/envs/diffsensei/lib/python3.11/site-packages/torch/nn/modules/module.py:2400: UserWarning: for layer1.2.bn3.weight: copying from a non-meta parameter in the checkpoint to a meta parameter in the current model, which is a no-op. (Did you mean to pass `assign=True` to assign items in the state dictionary to their corresponding key in the module instead of copying them in place?)
  warnings.warn(
/opt/conda/envs/diffsensei/lib/python3.11/site-packages/torch/nn/modules/module.py:2400: UserWarning: for layer1.2.bn2.weight: copying from a non-meta parameter in the checkpoint to a meta parameter in the current model, which is a no-op. (Did you mean to pass `assign=True` to assign items in the state dictionary to their corresponding key in the module instead of copying them in place?)
  warnings.warn(
/opt/conda/envs/diffsensei/lib/python3.11/site-packages/torch/nn/modules/module.py:2400: UserWarning: for layer1.1.bn3.weight: copying from a non-meta parameter in the checkpoint to a meta parameter in the current model, which is a no-op. (Did you mean to pass `assign=True` to assign items in the state dictionary to their corresponding key in the module instead of copying them in place?)
  warnings.warn(
/opt/conda/envs/diffsensei/lib/python3.11/site-packages/torch/nn/modules/module.py:2400: UserWarning: for layer1.2.bn3.bias: copying from a non-meta parameter in the checkpoint to a meta parameter in the current model, which is a no-op. (Did you mean to pass `assign=True` to assign items in the state dictionary to their corresponding key in the module instead of copying them in place?)
  warnings.warn(
/opt/conda/envs/diffsensei/lib/python3.11/site-packages/torch/nn/modules/module.py:2400: UserWarning: for layer1.2.bn2.bias: copying from a non-meta parameter in the checkpoint to a meta parameter in the current model, which is a no-op. (Did you mean to pass `assign=True` to assign items in the state dictionary to their corresponding key in the module instead of copying them in place?)
  warnings.warn(
/opt/conda/envs/diffsensei/lib/python3.11/site-packages/torch/nn/modules/module.py:2400: UserWarning: for layer1.1.bn3.bias: copying from a non-meta parameter in the checkpoint to a meta parameter in the current model, which is a no-op. (Did you mean to pass `assign=True` to assign items in the state dictionary to their corresponding key in the module instead of copying them in place?)
  warnings.warn(
/opt/conda/envs/diffsensei/lib/python3.11/site-packages/torch/nn/modules/module.py:2400: UserWarning: for layer1.2.conv3.weight: copying from a non-meta parameter in the checkpoint to a meta parameter in the current model, which is a no-op. (Did you mean to pass `assign=True` to assign items in the state dictionary to their corresponding key in the module instead of copying them in place?)
  warnings.warn(
/opt/conda/envs/diffsensei/lib/python3.11/site-packages/torch/nn/modules/module.py:2400: UserWarning: for layer1.2.conv1.weight: copying from a non-meta parameter in the checkpoint to a meta parameter in the current model, which is a no-op. (Did you mean to pass `assign=True` to assign items in the state dictionary to their corresponding key in the module instead of copying them in place?)
  warnings.warn(
/opt/conda/envs/diffsensei/lib/python3.11/site-packages/torch/nn/modules/module.py:2400: UserWarning: for layer1.2.bn3.weight: copying from a non-meta parameter in the checkpoint to a meta parameter in the current model, which is a no-op. (Did you mean to pass `assign=True` to assign items in the state dictionary to their corresponding key in the module instead of copying them in place?)
  warnings.warn(
/opt/conda/envs/diffsensei/lib/python3.11/site-packages/torch/nn/modules/module.py:2400: UserWarning: for layer1.2.bn1.weight: copying from a non-meta parameter in the checkpoint to a meta parameter in the current model, which is a no-op. (Did you mean to pass `assign=True` to assign items in the state dictionary to their corresponding key in the module instead of copying them in place?)
  warnings.warn(
/opt/conda/envs/diffsensei/lib/python3.11/site-packages/torch/nn/modules/module.py:2400: UserWarning: for layer2.0.conv1.weight: copying from a non-meta parameter in the checkpoint to a meta parameter in the current model, which is a no-op. (Did you mean to pass `assign=True` to assign items in the state dictionary to their corresponding key in the module instead of copying them in place?)
  warnings.warn(
/opt/conda/envs/diffsensei/lib/python3.11/site-packages/torch/nn/modules/module.py:2400: UserWarning: for layer1.2.bn3.bias: copying from a non-meta parameter in the checkpoint to a meta parameter in the current model, which is a no-op. (Did you mean to pass `assign=True` to assign items in the state dictionary to their corresponding key in the module instead of copying them in place?)
  warnings.warn(
/opt/conda/envs/diffsensei/lib/python3.11/site-packages/torch/nn/modules/module.py:2400: UserWarning: for layer1.2.bn1.bias: copying from a non-meta parameter in the checkpoint to a meta parameter in the current model, which is a no-op. (Did you mean to pass `assign=True` to assign items in the state dictionary to their corresponding key in the module instead of copying them in place?)
  warnings.warn(
/opt/conda/envs/diffsensei/lib/python3.11/site-packages/torch/nn/modules/module.py:2400: UserWarning: for layer2.0.bn1.weight: copying from a non-meta parameter in the checkpoint to a meta parameter in the current model, which is a no-op. (Did you mean to pass `assign=True` to assign items in the state dictionary to their corresponding key in the module instead of copying them in place?)
  warnings.warn(
/opt/conda/envs/diffsensei/lib/python3.11/site-packages/torch/nn/modules/module.py:2400: UserWarning: for layer2.0.bn1.bias: copying from a non-meta parameter in the checkpoint to a meta parameter in the current model, which is a no-op. (Did you mean to pass `assign=True` to assign items in the state dictionary to their corresponding key in the module instead of copying them in place?)
  warnings.warn(
/opt/conda/envs/diffsensei/lib/python3.11/site-packages/torch/nn/modules/module.py:2400: UserWarning: for layer1.2.conv2.weight: copying from a non-meta parameter in the checkpoint to a meta parameter in the current model, which is a no-op. (Did you mean to pass `assign=True` to assign items in the state dictionary to their corresponding key in the module instead of copying them in place?)
  warnings.warn(
/opt/conda/envs/diffsensei/lib/python3.11/site-packages/torch/nn/modules/module.py:2400: UserWarning: for layer1.2.bn2.weight: copying from a non-meta parameter in the checkpoint to a meta parameter in the current model, which is a no-op. (Did you mean to pass `assign=True` to assign items in the state dictionary to their corresponding key in the module instead of copying them in place?)
  warnings.warn(
/opt/conda/envs/diffsensei/lib/python3.11/site-packages/torch/nn/modules/module.py:2400: UserWarning: for layer2.0.conv1.weight: copying from a non-meta parameter in the checkpoint to a meta parameter in the current model, which is a no-op. (Did you mean to pass `assign=True` to assign items in the state dictionary to their corresponding key in the module instead of copying them in place?)
  warnings.warn(
/opt/conda/envs/diffsensei/lib/python3.11/site-packages/torch/nn/modules/module.py:2400: UserWarning: for layer1.2.bn2.bias: copying from a non-meta parameter in the checkpoint to a meta parameter in the current model, which is a no-op. (Did you mean to pass `assign=True` to assign items in the state dictionary to their corresponding key in the module instead of copying them in place?)
  warnings.warn(
/opt/conda/envs/diffsensei/lib/python3.11/site-packages/torch/nn/modules/module.py:2400: UserWarning: for layer2.0.conv2.weight: copying from a non-meta parameter in the checkpoint to a meta parameter in the current model, which is a no-op. (Did you mean to pass `assign=True` to assign items in the state dictionary to their corresponding key in the module instead of copying them in place?)
  warnings.warn(
/opt/conda/envs/diffsensei/lib/python3.11/site-packages/torch/nn/modules/module.py:2400: UserWarning: for layer2.0.bn1.weight: copying from a non-meta parameter in the checkpoint to a meta parameter in the current model, which is a no-op. (Did you mean to pass `assign=True` to assign items in the state dictionary to their corresponding key in the module instead of copying them in place?)
  warnings.warn(
/opt/conda/envs/diffsensei/lib/python3.11/site-packages/torch/nn/modules/module.py:2400: UserWarning: for layer2.0.bn2.weight: copying from a non-meta parameter in the checkpoint to a meta parameter in the current model, which is a no-op. (Did you mean to pass `assign=True` to assign items in the state dictionary to their corresponding key in the module instead of copying them in place?)
  warnings.warn(
/opt/conda/envs/diffsensei/lib/python3.11/site-packages/torch/nn/modules/module.py:2400: UserWarning: for layer1.2.conv3.weight: copying from a non-meta parameter in the checkpoint to a meta parameter in the current model, which is a no-op. (Did you mean to pass `assign=True` to assign items in the state dictionary to their corresponding key in the module instead of copying them in place?)
  warnings.warn(
/opt/conda/envs/diffsensei/lib/python3.11/site-packages/torch/nn/modules/module.py:2400: UserWarning: for layer2.0.bn1.bias: copying from a non-meta parameter in the checkpoint to a meta parameter in the current model, which is a no-op. (Did you mean to pass `assign=True` to assign items in the state dictionary to their corresponding key in the module instead of copying them in place?)
  warnings.warn(
/opt/conda/envs/diffsensei/lib/python3.11/site-packages/torch/nn/modules/module.py:2400: UserWarning: for layer2.0.bn2.bias: copying from a non-meta parameter in the checkpoint to a meta parameter in the current model, which is a no-op. (Did you mean to pass `assign=True` to assign items in the state dictionary to their corresponding key in the module instead of copying them in place?)
  warnings.warn(
/opt/conda/envs/diffsensei/lib/python3.11/site-packages/torch/nn/modules/module.py:2400: UserWarning: for layer1.2.bn3.weight: copying from a non-meta parameter in the checkpoint to a meta parameter in the current model, which is a no-op. (Did you mean to pass `assign=True` to assign items in the state dictionary to their corresponding key in the module instead of copying them in place?)
  warnings.warn(
/opt/conda/envs/diffsensei/lib/python3.11/site-packages/torch/nn/modules/module.py:2400: UserWarning: for layer1.2.bn3.bias: copying from a non-meta parameter in the checkpoint to a meta parameter in the current model, which is a no-op. (Did you mean to pass `assign=True` to assign items in the state dictionary to their corresponding key in the module instead of copying them in place?)
  warnings.warn(
/opt/conda/envs/diffsensei/lib/python3.11/site-packages/torch/nn/modules/module.py:2400: UserWarning: for layer2.0.conv2.weight: copying from a non-meta parameter in the checkpoint to a meta parameter in the current model, which is a no-op. (Did you mean to pass `assign=True` to assign items in the state dictionary to their corresponding key in the module instead of copying them in place?)
  warnings.warn(
/opt/conda/envs/diffsensei/lib/python3.11/site-packages/torch/nn/modules/module.py:2400: UserWarning: for layer2.0.conv3.weight: copying from a non-meta parameter in the checkpoint to a meta parameter in the current model, which is a no-op. (Did you mean to pass `assign=True` to assign items in the state dictionary to their corresponding key in the module instead of copying them in place?)
  warnings.warn(
/opt/conda/envs/diffsensei/lib/python3.11/site-packages/torch/nn/modules/module.py:2400: UserWarning: for layer2.0.bn2.weight: copying from a non-meta parameter in the checkpoint to a meta parameter in the current model, which is a no-op. (Did you mean to pass `assign=True` to assign items in the state dictionary to their corresponding key in the module instead of copying them in place?)
  warnings.warn(
/opt/conda/envs/diffsensei/lib/python3.11/site-packages/torch/nn/modules/module.py:2400: UserWarning: for layer2.0.bn3.weight: copying from a non-meta parameter in the checkpoint to a meta parameter in the current model, which is a no-op. (Did you mean to pass `assign=True` to assign items in the state dictionary to their corresponding key in the module instead of copying them in place?)
  warnings.warn(
/opt/conda/envs/diffsensei/lib/python3.11/site-packages/torch/nn/modules/module.py:2400: UserWarning: for layer2.0.bn2.bias: copying from a non-meta parameter in the checkpoint to a meta parameter in the current model, which is a no-op. (Did you mean to pass `assign=True` to assign items in the state dictionary to their corresponding key in the module instead of copying them in place?)
  warnings.warn(
/opt/conda/envs/diffsensei/lib/python3.11/site-packages/torch/nn/modules/module.py:2400: UserWarning: for layer2.0.bn3.bias: copying from a non-meta parameter in the checkpoint to a meta parameter in the current model, which is a no-op. (Did you mean to pass `assign=True` to assign items in the state dictionary to their corresponding key in the module instead of copying them in place?)
  warnings.warn(
/opt/conda/envs/diffsensei/lib/python3.11/site-packages/torch/nn/modules/module.py:2400: UserWarning: for layer2.0.conv1.weight: copying from a non-meta parameter in the checkpoint to a meta parameter in the current model, which is a no-op. (Did you mean to pass `assign=True` to assign items in the state dictionary to their corresponding key in the module instead of copying them in place?)
  warnings.warn(
/opt/conda/envs/diffsensei/lib/python3.11/site-packages/torch/nn/modules/module.py:2400: UserWarning: for layer2.0.bn1.weight: copying from a non-meta parameter in the checkpoint to a meta parameter in the current model, which is a no-op. (Did you mean to pass `assign=True` to assign items in the state dictionary to their corresponding key in the module instead of copying them in place?)
  warnings.warn(
/opt/conda/envs/diffsensei/lib/python3.11/site-packages/torch/nn/modules/module.py:2400: UserWarning: for layer2.0.conv3.weight: copying from a non-meta parameter in the checkpoint to a meta parameter in the current model, which is a no-op. (Did you mean to pass `assign=True` to assign items in the state dictionary to their corresponding key in the module instead of copying them in place?)
  warnings.warn(
/opt/conda/envs/diffsensei/lib/python3.11/site-packages/torch/nn/modules/module.py:2400: UserWarning: for layer2.0.bn1.bias: copying from a non-meta parameter in the checkpoint to a meta parameter in the current model, which is a no-op. (Did you mean to pass `assign=True` to assign items in the state dictionary to their corresponding key in the module instead of copying them in place?)
  warnings.warn(
/opt/conda/envs/diffsensei/lib/python3.11/site-packages/torch/nn/modules/module.py:2400: UserWarning: for layer2.0.downsample.0.weight: copying from a non-meta parameter in the checkpoint to a meta parameter in the current model, which is a no-op. (Did you mean to pass `assign=True` to assign items in the state dictionary to their corresponding key in the module instead of copying them in place?)
  warnings.warn(
/opt/conda/envs/diffsensei/lib/python3.11/site-packages/torch/nn/modules/module.py:2400: UserWarning: for conv1.weight: copying from a non-meta parameter in the checkpoint to a meta parameter in the current model, which is a no-op. (Did you mean to pass `assign=True` to assign items in the state dictionary to their corresponding key in the module instead of copying them in place?)
  warnings.warn(
/opt/conda/envs/diffsensei/lib/python3.11/site-packages/torch/nn/modules/module.py:2400: UserWarning: for layer2.0.conv2.weight: copying from a non-meta parameter in the checkpoint to a meta parameter in the current model, which is a no-op. (Did you mean to pass `assign=True` to assign items in the state dictionary to their corresponding key in the module instead of copying them in place?)
  warnings.warn(
/opt/conda/envs/diffsensei/lib/python3.11/site-packages/torch/nn/modules/module.py:2400: UserWarning: for layer2.0.bn2.weight: copying from a non-meta parameter in the checkpoint to a meta parameter in the current model, which is a no-op. (Did you mean to pass `assign=True` to assign items in the state dictionary to their corresponding key in the module instead of copying them in place?)
  warnings.warn(
/opt/conda/envs/diffsensei/lib/python3.11/site-packages/torch/nn/modules/module.py:2400: UserWarning: for layer2.0.bn3.weight: copying from a non-meta parameter in the checkpoint to a meta parameter in the current model, which is a no-op. (Did you mean to pass `assign=True` to assign items in the state dictionary to their corresponding key in the module instead of copying them in place?)
  warnings.warn(
/opt/conda/envs/diffsensei/lib/python3.11/site-packages/torch/nn/modules/module.py:2400: UserWarning: for layer2.0.downsample.1.weight: copying from a non-meta parameter in the checkpoint to a meta parameter in the current model, which is a no-op. (Did you mean to pass `assign=True` to assign items in the state dictionary to their corresponding key in the module instead of copying them in place?)
  warnings.warn(
/opt/conda/envs/diffsensei/lib/python3.11/site-packages/torch/nn/modules/module.py:2400: UserWarning: for layer2.0.bn2.bias: copying from a non-meta parameter in the checkpoint to a meta parameter in the current model, which is a no-op. (Did you mean to pass `assign=True` to assign items in the state dictionary to their corresponding key in the module instead of copying them in place?)
  warnings.warn(
/opt/conda/envs/diffsensei/lib/python3.11/site-packages/torch/nn/modules/module.py:2400: UserWarning: for layer2.0.bn3.bias: copying from a non-meta parameter in the checkpoint to a meta parameter in the current model, which is a no-op. (Did you mean to pass `assign=True` to assign items in the state dictionary to their corresponding key in the module instead of copying them in place?)
  warnings.warn(
/opt/conda/envs/diffsensei/lib/python3.11/site-packages/torch/nn/modules/module.py:2400: UserWarning: for layer2.0.downsample.1.bias: copying from a non-meta parameter in the checkpoint to a meta parameter in the current model, which is a no-op. (Did you mean to pass `assign=True` to assign items in the state dictionary to their corresponding key in the module instead of copying them in place?)
  warnings.warn(
/opt/conda/envs/diffsensei/lib/python3.11/site-packages/torch/nn/modules/module.py:2400: UserWarning: for bn1.weight: copying from a non-meta parameter in the checkpoint to a meta parameter in the current model, which is a no-op. (Did you mean to pass `assign=True` to assign items in the state dictionary to their corresponding key in the module instead of copying them in place?)
  warnings.warn(
/opt/conda/envs/diffsensei/lib/python3.11/site-packages/torch/nn/modules/module.py:2400: UserWarning: for layer2.0.conv3.weight: copying from a non-meta parameter in the checkpoint to a meta parameter in the current model, which is a no-op. (Did you mean to pass `assign=True` to assign items in the state dictionary to their corresponding key in the module instead of copying them in place?)
  warnings.warn(
/opt/conda/envs/diffsensei/lib/python3.11/site-packages/torch/nn/modules/module.py:2400: UserWarning: for bn1.bias: copying from a non-meta parameter in the checkpoint to a meta parameter in the current model, which is a no-op. (Did you mean to pass `assign=True` to assign items in the state dictionary to their corresponding key in the module instead of copying them in place?)
  warnings.warn(
/opt/conda/envs/diffsensei/lib/python3.11/site-packages/torch/nn/modules/module.py:2400: UserWarning: for layer2.0.bn3.weight: copying from a non-meta parameter in the checkpoint to a meta parameter in the current model, which is a no-op. (Did you mean to pass `assign=True` to assign items in the state dictionary to their corresponding key in the module instead of copying them in place?)
  warnings.warn(
/opt/conda/envs/diffsensei/lib/python3.11/site-packages/torch/nn/modules/module.py:2400: UserWarning: for layer2.0.bn3.bias: copying from a non-meta parameter in the checkpoint to a meta parameter in the current model, which is a no-op. (Did you mean to pass `assign=True` to assign items in the state dictionary to their corresponding key in the module instead of copying them in place?)
  warnings.warn(
/opt/conda/envs/diffsensei/lib/python3.11/site-packages/torch/nn/modules/module.py:2400: UserWarning: for layer2.0.downsample.0.weight: copying from a non-meta parameter in the checkpoint to a meta parameter in the current model, which is a no-op. (Did you mean to pass `assign=True` to assign items in the state dictionary to their corresponding key in the module instead of copying them in place?)
  warnings.warn(
/opt/conda/envs/diffsensei/lib/python3.11/site-packages/torch/nn/modules/module.py:2400: UserWarning: for layer2.1.conv1.weight: copying from a non-meta parameter in the checkpoint to a meta parameter in the current model, which is a no-op. (Did you mean to pass `assign=True` to assign items in the state dictionary to their corresponding key in the module instead of copying them in place?)
  warnings.warn(
/opt/conda/envs/diffsensei/lib/python3.11/site-packages/torch/nn/modules/module.py:2400: UserWarning: for layer2.0.downsample.0.weight: copying from a non-meta parameter in the checkpoint to a meta parameter in the current model, which is a no-op. (Did you mean to pass `assign=True` to assign items in the state dictionary to their corresponding key in the module instead of copying them in place?)
  warnings.warn(
/opt/conda/envs/diffsensei/lib/python3.11/site-packages/torch/nn/modules/module.py:2400: UserWarning: for layer2.0.downsample.1.weight: copying from a non-meta parameter in the checkpoint to a meta parameter in the current model, which is a no-op. (Did you mean to pass `assign=True` to assign items in the state dictionary to their corresponding key in the module instead of copying them in place?)
  warnings.warn(
/opt/conda/envs/diffsensei/lib/python3.11/site-packages/torch/nn/modules/module.py:2400: UserWarning: for layer1.0.conv1.weight: copying from a non-meta parameter in the checkpoint to a meta parameter in the current model, which is a no-op. (Did you mean to pass `assign=True` to assign items in the state dictionary to their corresponding key in the module instead of copying them in place?)
  warnings.warn(
/opt/conda/envs/diffsensei/lib/python3.11/site-packages/torch/nn/modules/module.py:2400: UserWarning: for layer2.0.downsample.1.bias: copying from a non-meta parameter in the checkpoint to a meta parameter in the current model, which is a no-op. (Did you mean to pass `assign=True` to assign items in the state dictionary to their corresponding key in the module instead of copying them in place?)
  warnings.warn(
/opt/conda/envs/diffsensei/lib/python3.11/site-packages/torch/nn/modules/module.py:2400: UserWarning: for layer2.1.bn1.weight: copying from a non-meta parameter in the checkpoint to a meta parameter in the current model, which is a no-op. (Did you mean to pass `assign=True` to assign items in the state dictionary to their corresponding key in the module instead of copying them in place?)
  warnings.warn(
/opt/conda/envs/diffsensei/lib/python3.11/site-packages/torch/nn/modules/module.py:2400: UserWarning: for layer1.0.bn1.weight: copying from a non-meta parameter in the checkpoint to a meta parameter in the current model, which is a no-op. (Did you mean to pass `assign=True` to assign items in the state dictionary to their corresponding key in the module instead of copying them in place?)
  warnings.warn(
/opt/conda/envs/diffsensei/lib/python3.11/site-packages/torch/nn/modules/module.py:2400: UserWarning: for layer2.0.downsample.1.weight: copying from a non-meta parameter in the checkpoint to a meta parameter in the current model, which is a no-op. (Did you mean to pass `assign=True` to assign items in the state dictionary to their corresponding key in the module instead of copying them in place?)
  warnings.warn(
/opt/conda/envs/diffsensei/lib/python3.11/site-packages/torch/nn/modules/module.py:2400: UserWarning: for layer1.0.bn1.bias: copying from a non-meta parameter in the checkpoint to a meta parameter in the current model, which is a no-op. (Did you mean to pass `assign=True` to assign items in the state dictionary to their corresponding key in the module instead of copying them in place?)
  warnings.warn(
/opt/conda/envs/diffsensei/lib/python3.11/site-packages/torch/nn/modules/module.py:2400: UserWarning: for layer2.1.bn1.bias: copying from a non-meta parameter in the checkpoint to a meta parameter in the current model, which is a no-op. (Did you mean to pass `assign=True` to assign items in the state dictionary to their corresponding key in the module instead of copying them in place?)
  warnings.warn(
/opt/conda/envs/diffsensei/lib/python3.11/site-packages/torch/nn/modules/module.py:2400: UserWarning: for layer2.0.downsample.1.bias: copying from a non-meta parameter in the checkpoint to a meta parameter in the current model, which is a no-op. (Did you mean to pass `assign=True` to assign items in the state dictionary to their corresponding key in the module instead of copying them in place?)
  warnings.warn(
/opt/conda/envs/diffsensei/lib/python3.11/site-packages/torch/nn/modules/module.py:2400: UserWarning: for layer1.0.conv2.weight: copying from a non-meta parameter in the checkpoint to a meta parameter in the current model, which is a no-op. (Did you mean to pass `assign=True` to assign items in the state dictionary to their corresponding key in the module instead of copying them in place?)
  warnings.warn(
/opt/conda/envs/diffsensei/lib/python3.11/site-packages/torch/nn/modules/module.py:2400: UserWarning: for layer2.1.conv2.weight: copying from a non-meta parameter in the checkpoint to a meta parameter in the current model, which is a no-op. (Did you mean to pass `assign=True` to assign items in the state dictionary to their corresponding key in the module instead of copying them in place?)
  warnings.warn(
/opt/conda/envs/diffsensei/lib/python3.11/site-packages/torch/nn/modules/module.py:2400: UserWarning: for layer2.1.conv1.weight: copying from a non-meta parameter in the checkpoint to a meta parameter in the current model, which is a no-op. (Did you mean to pass `assign=True` to assign items in the state dictionary to their corresponding key in the module instead of copying them in place?)
  warnings.warn(
/opt/conda/envs/diffsensei/lib/python3.11/site-packages/torch/nn/modules/module.py:2400: UserWarning: for layer1.0.bn2.weight: copying from a non-meta parameter in the checkpoint to a meta parameter in the current model, which is a no-op. (Did you mean to pass `assign=True` to assign items in the state dictionary to their corresponding key in the module instead of copying them in place?)
  warnings.warn(
/opt/conda/envs/diffsensei/lib/python3.11/site-packages/torch/nn/modules/module.py:2400: UserWarning: for layer2.1.conv1.weight: copying from a non-meta parameter in the checkpoint to a meta parameter in the current model, which is a no-op. (Did you mean to pass `assign=True` to assign items in the state dictionary to their corresponding key in the module instead of copying them in place?)
  warnings.warn(
/opt/conda/envs/diffsensei/lib/python3.11/site-packages/torch/nn/modules/module.py:2400: UserWarning: for layer1.0.bn2.bias: copying from a non-meta parameter in the checkpoint to a meta parameter in the current model, which is a no-op. (Did you mean to pass `assign=True` to assign items in the state dictionary to their corresponding key in the module instead of copying them in place?)
  warnings.warn(
/opt/conda/envs/diffsensei/lib/python3.11/site-packages/torch/nn/modules/module.py:2400: UserWarning: for layer2.1.bn2.weight: copying from a non-meta parameter in the checkpoint to a meta parameter in the current model, which is a no-op. (Did you mean to pass `assign=True` to assign items in the state dictionary to their corresponding key in the module instead of copying them in place?)
  warnings.warn(
/opt/conda/envs/diffsensei/lib/python3.11/site-packages/torch/nn/modules/module.py:2400: UserWarning: for layer2.1.bn1.weight: copying from a non-meta parameter in the checkpoint to a meta parameter in the current model, which is a no-op. (Did you mean to pass `assign=True` to assign items in the state dictionary to their corresponding key in the module instead of copying them in place?)
  warnings.warn(
/opt/conda/envs/diffsensei/lib/python3.11/site-packages/torch/nn/modules/module.py:2400: UserWarning: for layer2.1.bn1.bias: copying from a non-meta parameter in the checkpoint to a meta parameter in the current model, which is a no-op. (Did you mean to pass `assign=True` to assign items in the state dictionary to their corresponding key in the module instead of copying them in place?)
  warnings.warn(
/opt/conda/envs/diffsensei/lib/python3.11/site-packages/torch/nn/modules/module.py:2400: UserWarning: for layer2.1.bn1.weight: copying from a non-meta parameter in the checkpoint to a meta parameter in the current model, which is a no-op. (Did you mean to pass `assign=True` to assign items in the state dictionary to their corresponding key in the module instead of copying them in place?)
  warnings.warn(
/opt/conda/envs/diffsensei/lib/python3.11/site-packages/torch/nn/modules/module.py:2400: UserWarning: for layer2.1.bn2.bias: copying from a non-meta parameter in the checkpoint to a meta parameter in the current model, which is a no-op. (Did you mean to pass `assign=True` to assign items in the state dictionary to their corresponding key in the module instead of copying them in place?)
  warnings.warn(
/opt/conda/envs/diffsensei/lib/python3.11/site-packages/torch/nn/modules/module.py:2400: UserWarning: for layer2.1.bn1.bias: copying from a non-meta parameter in the checkpoint to a meta parameter in the current model, which is a no-op. (Did you mean to pass `assign=True` to assign items in the state dictionary to their corresponding key in the module instead of copying them in place?)
  warnings.warn(
/opt/conda/envs/diffsensei/lib/python3.11/site-packages/torch/nn/modules/module.py:2400: UserWarning: for layer2.1.conv2.weight: copying from a non-meta parameter in the checkpoint to a meta parameter in the current model, which is a no-op. (Did you mean to pass `assign=True` to assign items in the state dictionary to their corresponding key in the module instead of copying them in place?)
  warnings.warn(
/opt/conda/envs/diffsensei/lib/python3.11/site-packages/torch/nn/modules/module.py:2400: UserWarning: for layer1.0.conv3.weight: copying from a non-meta parameter in the checkpoint to a meta parameter in the current model, which is a no-op. (Did you mean to pass `assign=True` to assign items in the state dictionary to their corresponding key in the module instead of copying them in place?)
  warnings.warn(
/opt/conda/envs/diffsensei/lib/python3.11/site-packages/torch/nn/modules/module.py:2400: UserWarning: for layer2.1.conv3.weight: copying from a non-meta parameter in the checkpoint to a meta parameter in the current model, which is a no-op. (Did you mean to pass `assign=True` to assign items in the state dictionary to their corresponding key in the module instead of copying them in place?)
  warnings.warn(
/opt/conda/envs/diffsensei/lib/python3.11/site-packages/torch/nn/modules/module.py:2400: UserWarning: for layer2.1.conv2.weight: copying from a non-meta parameter in the checkpoint to a meta parameter in the current model, which is a no-op. (Did you mean to pass `assign=True` to assign items in the state dictionary to their corresponding key in the module instead of copying them in place?)
  warnings.warn(
/opt/conda/envs/diffsensei/lib/python3.11/site-packages/torch/nn/modules/module.py:2400: UserWarning: for layer1.0.bn3.weight: copying from a non-meta parameter in the checkpoint to a meta parameter in the current model, which is a no-op. (Did you mean to pass `assign=True` to assign items in the state dictionary to their corresponding key in the module instead of copying them in place?)
  warnings.warn(
/opt/conda/envs/diffsensei/lib/python3.11/site-packages/torch/nn/modules/module.py:2400: UserWarning: for layer2.1.bn2.weight: copying from a non-meta parameter in the checkpoint to a meta parameter in the current model, which is a no-op. (Did you mean to pass `assign=True` to assign items in the state dictionary to their corresponding key in the module instead of copying them in place?)
  warnings.warn(
/opt/conda/envs/diffsensei/lib/python3.11/site-packages/torch/nn/modules/module.py:2400: UserWarning: for layer2.1.bn3.weight: copying from a non-meta parameter in the checkpoint to a meta parameter in the current model, which is a no-op. (Did you mean to pass `assign=True` to assign items in the state dictionary to their corresponding key in the module instead of copying them in place?)
  warnings.warn(
/opt/conda/envs/diffsensei/lib/python3.11/site-packages/torch/nn/modules/module.py:2400: UserWarning: for layer2.1.bn2.weight: copying from a non-meta parameter in the checkpoint to a meta parameter in the current model, which is a no-op. (Did you mean to pass `assign=True` to assign items in the state dictionary to their corresponding key in the module instead of copying them in place?)
  warnings.warn(
/opt/conda/envs/diffsensei/lib/python3.11/site-packages/torch/nn/modules/module.py:2400: UserWarning: for layer2.1.bn2.bias: copying from a non-meta parameter in the checkpoint to a meta parameter in the current model, which is a no-op. (Did you mean to pass `assign=True` to assign items in the state dictionary to their corresponding key in the module instead of copying them in place?)
  warnings.warn(
/opt/conda/envs/diffsensei/lib/python3.11/site-packages/torch/nn/modules/module.py:2400: UserWarning: for layer2.1.bn3.bias: copying from a non-meta parameter in the checkpoint to a meta parameter in the current model, which is a no-op. (Did you mean to pass `assign=True` to assign items in the state dictionary to their corresponding key in the module instead of copying them in place?)
  warnings.warn(
/opt/conda/envs/diffsensei/lib/python3.11/site-packages/torch/nn/modules/module.py:2400: UserWarning: for layer1.0.bn3.bias: copying from a non-meta parameter in the checkpoint to a meta parameter in the current model, which is a no-op. (Did you mean to pass `assign=True` to assign items in the state dictionary to their corresponding key in the module instead of copying them in place?)
  warnings.warn(
/opt/conda/envs/diffsensei/lib/python3.11/site-packages/torch/nn/modules/module.py:2400: UserWarning: for layer2.1.bn2.bias: copying from a non-meta parameter in the checkpoint to a meta parameter in the current model, which is a no-op. (Did you mean to pass `assign=True` to assign items in the state dictionary to their corresponding key in the module instead of copying them in place?)
  warnings.warn(
/opt/conda/envs/diffsensei/lib/python3.11/site-packages/torch/nn/modules/module.py:2400: UserWarning: for layer2.1.conv3.weight: copying from a non-meta parameter in the checkpoint to a meta parameter in the current model, which is a no-op. (Did you mean to pass `assign=True` to assign items in the state dictionary to their corresponding key in the module instead of copying them in place?)
  warnings.warn(
/opt/conda/envs/diffsensei/lib/python3.11/site-packages/torch/nn/modules/module.py:2400: UserWarning: for layer1.0.downsample.0.weight: copying from a non-meta parameter in the checkpoint to a meta parameter in the current model, which is a no-op. (Did you mean to pass `assign=True` to assign items in the state dictionary to their corresponding key in the module instead of copying them in place?)
  warnings.warn(
/opt/conda/envs/diffsensei/lib/python3.11/site-packages/torch/nn/modules/module.py:2400: UserWarning: for layer2.1.conv3.weight: copying from a non-meta parameter in the checkpoint to a meta parameter in the current model, which is a no-op. (Did you mean to pass `assign=True` to assign items in the state dictionary to their corresponding key in the module instead of copying them in place?)
  warnings.warn(
/opt/conda/envs/diffsensei/lib/python3.11/site-packages/torch/nn/modules/module.py:2400: UserWarning: for layer2.2.conv1.weight: copying from a non-meta parameter in the checkpoint to a meta parameter in the current model, which is a no-op. (Did you mean to pass `assign=True` to assign items in the state dictionary to their corresponding key in the module instead of copying them in place?)
  warnings.warn(
/opt/conda/envs/diffsensei/lib/python3.11/site-packages/torch/nn/modules/module.py:2400: UserWarning: for layer2.1.bn3.weight: copying from a non-meta parameter in the checkpoint to a meta parameter in the current model, which is a no-op. (Did you mean to pass `assign=True` to assign items in the state dictionary to their corresponding key in the module instead of copying them in place?)
  warnings.warn(
/opt/conda/envs/diffsensei/lib/python3.11/site-packages/torch/nn/modules/module.py:2400: UserWarning: for layer1.0.downsample.1.weight: copying from a non-meta parameter in the checkpoint to a meta parameter in the current model, which is a no-op. (Did you mean to pass `assign=True` to assign items in the state dictionary to their corresponding key in the module instead of copying them in place?)
  warnings.warn(
/opt/conda/envs/diffsensei/lib/python3.11/site-packages/torch/nn/modules/module.py:2400: UserWarning: for layer2.1.bn3.weight: copying from a non-meta parameter in the checkpoint to a meta parameter in the current model, which is a no-op. (Did you mean to pass `assign=True` to assign items in the state dictionary to their corresponding key in the module instead of copying them in place?)
  warnings.warn(
/opt/conda/envs/diffsensei/lib/python3.11/site-packages/torch/nn/modules/module.py:2400: UserWarning: for layer2.2.bn1.weight: copying from a non-meta parameter in the checkpoint to a meta parameter in the current model, which is a no-op. (Did you mean to pass `assign=True` to assign items in the state dictionary to their corresponding key in the module instead of copying them in place?)
  warnings.warn(
/opt/conda/envs/diffsensei/lib/python3.11/site-packages/torch/nn/modules/module.py:2400: UserWarning: for layer2.1.bn3.bias: copying from a non-meta parameter in the checkpoint to a meta parameter in the current model, which is a no-op. (Did you mean to pass `assign=True` to assign items in the state dictionary to their corresponding key in the module instead of copying them in place?)
  warnings.warn(
/opt/conda/envs/diffsensei/lib/python3.11/site-packages/torch/nn/modules/module.py:2400: UserWarning: for layer1.0.downsample.1.bias: copying from a non-meta parameter in the checkpoint to a meta parameter in the current model, which is a no-op. (Did you mean to pass `assign=True` to assign items in the state dictionary to their corresponding key in the module instead of copying them in place?)
  warnings.warn(
/opt/conda/envs/diffsensei/lib/python3.11/site-packages/torch/nn/modules/module.py:2400: UserWarning: for layer2.1.bn3.bias: copying from a non-meta parameter in the checkpoint to a meta parameter in the current model, which is a no-op. (Did you mean to pass `assign=True` to assign items in the state dictionary to their corresponding key in the module instead of copying them in place?)
  warnings.warn(
/opt/conda/envs/diffsensei/lib/python3.11/site-packages/torch/nn/modules/module.py:2400: UserWarning: for layer2.2.bn1.bias: copying from a non-meta parameter in the checkpoint to a meta parameter in the current model, which is a no-op. (Did you mean to pass `assign=True` to assign items in the state dictionary to their corresponding key in the module instead of copying them in place?)
  warnings.warn(
/opt/conda/envs/diffsensei/lib/python3.11/site-packages/torch/nn/modules/module.py:2400: UserWarning: for layer2.2.conv2.weight: copying from a non-meta parameter in the checkpoint to a meta parameter in the current model, which is a no-op. (Did you mean to pass `assign=True` to assign items in the state dictionary to their corresponding key in the module instead of copying them in place?)
  warnings.warn(
/opt/conda/envs/diffsensei/lib/python3.11/site-packages/torch/nn/modules/module.py:2400: UserWarning: for layer1.1.conv1.weight: copying from a non-meta parameter in the checkpoint to a meta parameter in the current model, which is a no-op. (Did you mean to pass `assign=True` to assign items in the state dictionary to their corresponding key in the module instead of copying them in place?)
  warnings.warn(
/opt/conda/envs/diffsensei/lib/python3.11/site-packages/torch/nn/modules/module.py:2400: UserWarning: for layer2.2.conv1.weight: copying from a non-meta parameter in the checkpoint to a meta parameter in the current model, which is a no-op. (Did you mean to pass `assign=True` to assign items in the state dictionary to their corresponding key in the module instead of copying them in place?)
  warnings.warn(
/opt/conda/envs/diffsensei/lib/python3.11/site-packages/torch/nn/modules/module.py:2400: UserWarning: for layer2.2.conv1.weight: copying from a non-meta parameter in the checkpoint to a meta parameter in the current model, which is a no-op. (Did you mean to pass `assign=True` to assign items in the state dictionary to their corresponding key in the module instead of copying them in place?)
  warnings.warn(
/opt/conda/envs/diffsensei/lib/python3.11/site-packages/torch/nn/modules/module.py:2400: UserWarning: for layer2.2.bn2.weight: copying from a non-meta parameter in the checkpoint to a meta parameter in the current model, which is a no-op. (Did you mean to pass `assign=True` to assign items in the state dictionary to their corresponding key in the module instead of copying them in place?)
  warnings.warn(
/opt/conda/envs/diffsensei/lib/python3.11/site-packages/torch/nn/modules/module.py:2400: UserWarning: for layer1.1.bn1.weight: copying from a non-meta parameter in the checkpoint to a meta parameter in the current model, which is a no-op. (Did you mean to pass `assign=True` to assign items in the state dictionary to their corresponding key in the module instead of copying them in place?)
  warnings.warn(
/opt/conda/envs/diffsensei/lib/python3.11/site-packages/torch/nn/modules/module.py:2400: UserWarning: for layer2.2.bn1.weight: copying from a non-meta parameter in the checkpoint to a meta parameter in the current model, which is a no-op. (Did you mean to pass `assign=True` to assign items in the state dictionary to their corresponding key in the module instead of copying them in place?)
  warnings.warn(
/opt/conda/envs/diffsensei/lib/python3.11/site-packages/torch/nn/modules/module.py:2400: UserWarning: for layer2.2.bn1.weight: copying from a non-meta parameter in the checkpoint to a meta parameter in the current model, which is a no-op. (Did you mean to pass `assign=True` to assign items in the state dictionary to their corresponding key in the module instead of copying them in place?)
  warnings.warn(
/opt/conda/envs/diffsensei/lib/python3.11/site-packages/torch/nn/modules/module.py:2400: UserWarning: for layer2.2.bn2.bias: copying from a non-meta parameter in the checkpoint to a meta parameter in the current model, which is a no-op. (Did you mean to pass `assign=True` to assign items in the state dictionary to their corresponding key in the module instead of copying them in place?)
  warnings.warn(
/opt/conda/envs/diffsensei/lib/python3.11/site-packages/torch/nn/modules/module.py:2400: UserWarning: for layer1.1.bn1.bias: copying from a non-meta parameter in the checkpoint to a meta parameter in the current model, which is a no-op. (Did you mean to pass `assign=True` to assign items in the state dictionary to their corresponding key in the module instead of copying them in place?)
  warnings.warn(
/opt/conda/envs/diffsensei/lib/python3.11/site-packages/torch/nn/modules/module.py:2400: UserWarning: for layer2.2.bn1.bias: copying from a non-meta parameter in the checkpoint to a meta parameter in the current model, which is a no-op. (Did you mean to pass `assign=True` to assign items in the state dictionary to their corresponding key in the module instead of copying them in place?)
  warnings.warn(
/opt/conda/envs/diffsensei/lib/python3.11/site-packages/torch/nn/modules/module.py:2400: UserWarning: for layer2.2.bn1.bias: copying from a non-meta parameter in the checkpoint to a meta parameter in the current model, which is a no-op. (Did you mean to pass `assign=True` to assign items in the state dictionary to their corresponding key in the module instead of copying them in place?)
  warnings.warn(
/opt/conda/envs/diffsensei/lib/python3.11/site-packages/torch/nn/modules/module.py:2400: UserWarning: for layer1.1.conv2.weight: copying from a non-meta parameter in the checkpoint to a meta parameter in the current model, which is a no-op. (Did you mean to pass `assign=True` to assign items in the state dictionary to their corresponding key in the module instead of copying them in place?)
  warnings.warn(
/opt/conda/envs/diffsensei/lib/python3.11/site-packages/torch/nn/modules/module.py:2400: UserWarning: for layer2.2.conv2.weight: copying from a non-meta parameter in the checkpoint to a meta parameter in the current model, which is a no-op. (Did you mean to pass `assign=True` to assign items in the state dictionary to their corresponding key in the module instead of copying them in place?)
  warnings.warn(
/opt/conda/envs/diffsensei/lib/python3.11/site-packages/torch/nn/modules/module.py:2400: UserWarning: for layer2.2.conv3.weight: copying from a non-meta parameter in the checkpoint to a meta parameter in the current model, which is a no-op. (Did you mean to pass `assign=True` to assign items in the state dictionary to their corresponding key in the module instead of copying them in place?)
  warnings.warn(
/opt/conda/envs/diffsensei/lib/python3.11/site-packages/torch/nn/modules/module.py:2400: UserWarning: for layer2.2.conv2.weight: copying from a non-meta parameter in the checkpoint to a meta parameter in the current model, which is a no-op. (Did you mean to pass `assign=True` to assign items in the state dictionary to their corresponding key in the module instead of copying them in place?)
  warnings.warn(
/opt/conda/envs/diffsensei/lib/python3.11/site-packages/torch/nn/modules/module.py:2400: UserWarning: for layer1.1.bn2.weight: copying from a non-meta parameter in the checkpoint to a meta parameter in the current model, which is a no-op. (Did you mean to pass `assign=True` to assign items in the state dictionary to their corresponding key in the module instead of copying them in place?)
  warnings.warn(
/opt/conda/envs/diffsensei/lib/python3.11/site-packages/torch/nn/modules/module.py:2400: UserWarning: for layer2.2.bn2.weight: copying from a non-meta parameter in the checkpoint to a meta parameter in the current model, which is a no-op. (Did you mean to pass `assign=True` to assign items in the state dictionary to their corresponding key in the module instead of copying them in place?)
  warnings.warn(
/opt/conda/envs/diffsensei/lib/python3.11/site-packages/torch/nn/modules/module.py:2400: UserWarning: for layer2.2.bn3.weight: copying from a non-meta parameter in the checkpoint to a meta parameter in the current model, which is a no-op. (Did you mean to pass `assign=True` to assign items in the state dictionary to their corresponding key in the module instead of copying them in place?)
  warnings.warn(
/opt/conda/envs/diffsensei/lib/python3.11/site-packages/torch/nn/modules/module.py:2400: UserWarning: for layer2.2.bn2.weight: copying from a non-meta parameter in the checkpoint to a meta parameter in the current model, which is a no-op. (Did you mean to pass `assign=True` to assign items in the state dictionary to their corresponding key in the module instead of copying them in place?)
  warnings.warn(
/opt/conda/envs/diffsensei/lib/python3.11/site-packages/torch/nn/modules/module.py:2400: UserWarning: for layer1.1.bn2.bias: copying from a non-meta parameter in the checkpoint to a meta parameter in the current model, which is a no-op. (Did you mean to pass `assign=True` to assign items in the state dictionary to their corresponding key in the module instead of copying them in place?)
  warnings.warn(
/opt/conda/envs/diffsensei/lib/python3.11/site-packages/torch/nn/modules/module.py:2400: UserWarning: for layer2.2.bn2.bias: copying from a non-meta parameter in the checkpoint to a meta parameter in the current model, which is a no-op. (Did you mean to pass `assign=True` to assign items in the state dictionary to their corresponding key in the module instead of copying them in place?)
  warnings.warn(
/opt/conda/envs/diffsensei/lib/python3.11/site-packages/torch/nn/modules/module.py:2400: UserWarning: for layer2.2.bn3.bias: copying from a non-meta parameter in the checkpoint to a meta parameter in the current model, which is a no-op. (Did you mean to pass `assign=True` to assign items in the state dictionary to their corresponding key in the module instead of copying them in place?)
  warnings.warn(
/opt/conda/envs/diffsensei/lib/python3.11/site-packages/torch/nn/modules/module.py:2400: UserWarning: for layer2.2.bn2.bias: copying from a non-meta parameter in the checkpoint to a meta parameter in the current model, which is a no-op. (Did you mean to pass `assign=True` to assign items in the state dictionary to their corresponding key in the module instead of copying them in place?)
  warnings.warn(
/opt/conda/envs/diffsensei/lib/python3.11/site-packages/torch/nn/modules/module.py:2400: UserWarning: for layer1.1.conv3.weight: copying from a non-meta parameter in the checkpoint to a meta parameter in the current model, which is a no-op. (Did you mean to pass `assign=True` to assign items in the state dictionary to their corresponding key in the module instead of copying them in place?)
  warnings.warn(
/opt/conda/envs/diffsensei/lib/python3.11/site-packages/torch/nn/modules/module.py:2400: UserWarning: for layer2.2.conv3.weight: copying from a non-meta parameter in the checkpoint to a meta parameter in the current model, which is a no-op. (Did you mean to pass `assign=True` to assign items in the state dictionary to their corresponding key in the module instead of copying them in place?)
  warnings.warn(
/opt/conda/envs/diffsensei/lib/python3.11/site-packages/torch/nn/modules/module.py:2400: UserWarning: for layer2.3.conv1.weight: copying from a non-meta parameter in the checkpoint to a meta parameter in the current model, which is a no-op. (Did you mean to pass `assign=True` to assign items in the state dictionary to their corresponding key in the module instead of copying them in place?)
  warnings.warn(
/opt/conda/envs/diffsensei/lib/python3.11/site-packages/torch/nn/modules/module.py:2400: UserWarning: for layer2.2.conv3.weight: copying from a non-meta parameter in the checkpoint to a meta parameter in the current model, which is a no-op. (Did you mean to pass `assign=True` to assign items in the state dictionary to their corresponding key in the module instead of copying them in place?)
  warnings.warn(
/opt/conda/envs/diffsensei/lib/python3.11/site-packages/torch/nn/modules/module.py:2400: UserWarning: for layer1.1.bn3.weight: copying from a non-meta parameter in the checkpoint to a meta parameter in the current model, which is a no-op. (Did you mean to pass `assign=True` to assign items in the state dictionary to their corresponding key in the module instead of copying them in place?)
  warnings.warn(
/opt/conda/envs/diffsensei/lib/python3.11/site-packages/torch/nn/modules/module.py:2400: UserWarning: for layer2.2.bn3.weight: copying from a non-meta parameter in the checkpoint to a meta parameter in the current model, which is a no-op. (Did you mean to pass `assign=True` to assign items in the state dictionary to their corresponding key in the module instead of copying them in place?)
  warnings.warn(
/opt/conda/envs/diffsensei/lib/python3.11/site-packages/torch/nn/modules/module.py:2400: UserWarning: for layer2.3.bn1.weight: copying from a non-meta parameter in the checkpoint to a meta parameter in the current model, which is a no-op. (Did you mean to pass `assign=True` to assign items in the state dictionary to their corresponding key in the module instead of copying them in place?)
  warnings.warn(
/opt/conda/envs/diffsensei/lib/python3.11/site-packages/torch/nn/modules/module.py:2400: UserWarning: for layer2.2.bn3.weight: copying from a non-meta parameter in the checkpoint to a meta parameter in the current model, which is a no-op. (Did you mean to pass `assign=True` to assign items in the state dictionary to their corresponding key in the module instead of copying them in place?)
  warnings.warn(
/opt/conda/envs/diffsensei/lib/python3.11/site-packages/torch/nn/modules/module.py:2400: UserWarning: for layer1.1.bn3.bias: copying from a non-meta parameter in the checkpoint to a meta parameter in the current model, which is a no-op. (Did you mean to pass `assign=True` to assign items in the state dictionary to their corresponding key in the module instead of copying them in place?)
  warnings.warn(
/opt/conda/envs/diffsensei/lib/python3.11/site-packages/torch/nn/modules/module.py:2400: UserWarning: for layer2.2.bn3.bias: copying from a non-meta parameter in the checkpoint to a meta parameter in the current model, which is a no-op. (Did you mean to pass `assign=True` to assign items in the state dictionary to their corresponding key in the module instead of copying them in place?)
  warnings.warn(
/opt/conda/envs/diffsensei/lib/python3.11/site-packages/torch/nn/modules/module.py:2400: UserWarning: for layer2.3.bn1.bias: copying from a non-meta parameter in the checkpoint to a meta parameter in the current model, which is a no-op. (Did you mean to pass `assign=True` to assign items in the state dictionary to their corresponding key in the module instead of copying them in place?)
  warnings.warn(
/opt/conda/envs/diffsensei/lib/python3.11/site-packages/torch/nn/modules/module.py:2400: UserWarning: for layer2.2.bn3.bias: copying from a non-meta parameter in the checkpoint to a meta parameter in the current model, which is a no-op. (Did you mean to pass `assign=True` to assign items in the state dictionary to their corresponding key in the module instead of copying them in place?)
  warnings.warn(
/opt/conda/envs/diffsensei/lib/python3.11/site-packages/torch/nn/modules/module.py:2400: UserWarning: for layer2.3.conv2.weight: copying from a non-meta parameter in the checkpoint to a meta parameter in the current model, which is a no-op. (Did you mean to pass `assign=True` to assign items in the state dictionary to their corresponding key in the module instead of copying them in place?)
  warnings.warn(
/opt/conda/envs/diffsensei/lib/python3.11/site-packages/torch/nn/modules/module.py:2400: UserWarning: for layer1.2.conv1.weight: copying from a non-meta parameter in the checkpoint to a meta parameter in the current model, which is a no-op. (Did you mean to pass `assign=True` to assign items in the state dictionary to their corresponding key in the module instead of copying them in place?)
  warnings.warn(
/opt/conda/envs/diffsensei/lib/python3.11/site-packages/torch/nn/modules/module.py:2400: UserWarning: for layer2.3.conv1.weight: copying from a non-meta parameter in the checkpoint to a meta parameter in the current model, which is a no-op. (Did you mean to pass `assign=True` to assign items in the state dictionary to their corresponding key in the module instead of copying them in place?)
  warnings.warn(
/opt/conda/envs/diffsensei/lib/python3.11/site-packages/torch/nn/modules/module.py:2400: UserWarning: for layer2.3.conv1.weight: copying from a non-meta parameter in the checkpoint to a meta parameter in the current model, which is a no-op. (Did you mean to pass `assign=True` to assign items in the state dictionary to their corresponding key in the module instead of copying them in place?)
  warnings.warn(
/opt/conda/envs/diffsensei/lib/python3.11/site-packages/torch/nn/modules/module.py:2400: UserWarning: for layer2.3.bn2.weight: copying from a non-meta parameter in the checkpoint to a meta parameter in the current model, which is a no-op. (Did you mean to pass `assign=True` to assign items in the state dictionary to their corresponding key in the module instead of copying them in place?)
  warnings.warn(
/opt/conda/envs/diffsensei/lib/python3.11/site-packages/torch/nn/modules/module.py:2400: UserWarning: for layer1.2.bn1.weight: copying from a non-meta parameter in the checkpoint to a meta parameter in the current model, which is a no-op. (Did you mean to pass `assign=True` to assign items in the state dictionary to their corresponding key in the module instead of copying them in place?)
  warnings.warn(
/opt/conda/envs/diffsensei/lib/python3.11/site-packages/torch/nn/modules/module.py:2400: UserWarning: for layer2.3.bn1.weight: copying from a non-meta parameter in the checkpoint to a meta parameter in the current model, which is a no-op. (Did you mean to pass `assign=True` to assign items in the state dictionary to their corresponding key in the module instead of copying them in place?)
  warnings.warn(
/opt/conda/envs/diffsensei/lib/python3.11/site-packages/torch/nn/modules/module.py:2400: UserWarning: for layer2.3.bn2.bias: copying from a non-meta parameter in the checkpoint to a meta parameter in the current model, which is a no-op. (Did you mean to pass `assign=True` to assign items in the state dictionary to their corresponding key in the module instead of copying them in place?)
  warnings.warn(
/opt/conda/envs/diffsensei/lib/python3.11/site-packages/torch/nn/modules/module.py:2400: UserWarning: for layer2.3.bn1.weight: copying from a non-meta parameter in the checkpoint to a meta parameter in the current model, which is a no-op. (Did you mean to pass `assign=True` to assign items in the state dictionary to their corresponding key in the module instead of copying them in place?)
  warnings.warn(
/opt/conda/envs/diffsensei/lib/python3.11/site-packages/torch/nn/modules/module.py:2400: UserWarning: for layer1.2.bn1.bias: copying from a non-meta parameter in the checkpoint to a meta parameter in the current model, which is a no-op. (Did you mean to pass `assign=True` to assign items in the state dictionary to their corresponding key in the module instead of copying them in place?)
  warnings.warn(
/opt/conda/envs/diffsensei/lib/python3.11/site-packages/torch/nn/modules/module.py:2400: UserWarning: for layer2.3.bn1.bias: copying from a non-meta parameter in the checkpoint to a meta parameter in the current model, which is a no-op. (Did you mean to pass `assign=True` to assign items in the state dictionary to their corresponding key in the module instead of copying them in place?)
  warnings.warn(
/opt/conda/envs/diffsensei/lib/python3.11/site-packages/torch/nn/modules/module.py:2400: UserWarning: for layer2.3.bn1.bias: copying from a non-meta parameter in the checkpoint to a meta parameter in the current model, which is a no-op. (Did you mean to pass `assign=True` to assign items in the state dictionary to their corresponding key in the module instead of copying them in place?)
  warnings.warn(
/opt/conda/envs/diffsensei/lib/python3.11/site-packages/torch/nn/modules/module.py:2400: UserWarning: for layer1.2.conv2.weight: copying from a non-meta parameter in the checkpoint to a meta parameter in the current model, which is a no-op. (Did you mean to pass `assign=True` to assign items in the state dictionary to their corresponding key in the module instead of copying them in place?)
  warnings.warn(
/opt/conda/envs/diffsensei/lib/python3.11/site-packages/torch/nn/modules/module.py:2400: UserWarning: for layer2.3.conv2.weight: copying from a non-meta parameter in the checkpoint to a meta parameter in the current model, which is a no-op. (Did you mean to pass `assign=True` to assign items in the state dictionary to their corresponding key in the module instead of copying them in place?)
  warnings.warn(
/opt/conda/envs/diffsensei/lib/python3.11/site-packages/torch/nn/modules/module.py:2400: UserWarning: for layer2.3.conv3.weight: copying from a non-meta parameter in the checkpoint to a meta parameter in the current model, which is a no-op. (Did you mean to pass `assign=True` to assign items in the state dictionary to their corresponding key in the module instead of copying them in place?)
  warnings.warn(
/opt/conda/envs/diffsensei/lib/python3.11/site-packages/torch/nn/modules/module.py:2400: UserWarning: for layer2.3.conv2.weight: copying from a non-meta parameter in the checkpoint to a meta parameter in the current model, which is a no-op. (Did you mean to pass `assign=True` to assign items in the state dictionary to their corresponding key in the module instead of copying them in place?)
  warnings.warn(
/opt/conda/envs/diffsensei/lib/python3.11/site-packages/torch/nn/modules/module.py:2400: UserWarning: for layer1.2.bn2.weight: copying from a non-meta parameter in the checkpoint to a meta parameter in the current model, which is a no-op. (Did you mean to pass `assign=True` to assign items in the state dictionary to their corresponding key in the module instead of copying them in place?)
  warnings.warn(
/opt/conda/envs/diffsensei/lib/python3.11/site-packages/torch/nn/modules/module.py:2400: UserWarning: for layer2.3.bn2.weight: copying from a non-meta parameter in the checkpoint to a meta parameter in the current model, which is a no-op. (Did you mean to pass `assign=True` to assign items in the state dictionary to their corresponding key in the module instead of copying them in place?)
  warnings.warn(
/opt/conda/envs/diffsensei/lib/python3.11/site-packages/torch/nn/modules/module.py:2400: UserWarning: for layer2.3.bn3.weight: copying from a non-meta parameter in the checkpoint to a meta parameter in the current model, which is a no-op. (Did you mean to pass `assign=True` to assign items in the state dictionary to their corresponding key in the module instead of copying them in place?)
  warnings.warn(
/opt/conda/envs/diffsensei/lib/python3.11/site-packages/torch/nn/modules/module.py:2400: UserWarning: for layer2.3.bn2.weight: copying from a non-meta parameter in the checkpoint to a meta parameter in the current model, which is a no-op. (Did you mean to pass `assign=True` to assign items in the state dictionary to their corresponding key in the module instead of copying them in place?)
  warnings.warn(
/opt/conda/envs/diffsensei/lib/python3.11/site-packages/torch/nn/modules/module.py:2400: UserWarning: for layer1.2.bn2.bias: copying from a non-meta parameter in the checkpoint to a meta parameter in the current model, which is a no-op. (Did you mean to pass `assign=True` to assign items in the state dictionary to their corresponding key in the module instead of copying them in place?)
  warnings.warn(
/opt/conda/envs/diffsensei/lib/python3.11/site-packages/torch/nn/modules/module.py:2400: UserWarning: for layer2.3.bn2.bias: copying from a non-meta parameter in the checkpoint to a meta parameter in the current model, which is a no-op. (Did you mean to pass `assign=True` to assign items in the state dictionary to their corresponding key in the module instead of copying them in place?)
  warnings.warn(
/opt/conda/envs/diffsensei/lib/python3.11/site-packages/torch/nn/modules/module.py:2400: UserWarning: for layer2.3.bn3.bias: copying from a non-meta parameter in the checkpoint to a meta parameter in the current model, which is a no-op. (Did you mean to pass `assign=True` to assign items in the state dictionary to their corresponding key in the module instead of copying them in place?)
  warnings.warn(
/opt/conda/envs/diffsensei/lib/python3.11/site-packages/torch/nn/modules/module.py:2400: UserWarning: for layer2.3.bn2.bias: copying from a non-meta parameter in the checkpoint to a meta parameter in the current model, which is a no-op. (Did you mean to pass `assign=True` to assign items in the state dictionary to their corresponding key in the module instead of copying them in place?)
  warnings.warn(
/opt/conda/envs/diffsensei/lib/python3.11/site-packages/torch/nn/modules/module.py:2400: UserWarning: for layer1.2.conv3.weight: copying from a non-meta parameter in the checkpoint to a meta parameter in the current model, which is a no-op. (Did you mean to pass `assign=True` to assign items in the state dictionary to their corresponding key in the module instead of copying them in place?)
  warnings.warn(
/opt/conda/envs/diffsensei/lib/python3.11/site-packages/torch/nn/modules/module.py:2400: UserWarning: for layer2.3.conv3.weight: copying from a non-meta parameter in the checkpoint to a meta parameter in the current model, which is a no-op. (Did you mean to pass `assign=True` to assign items in the state dictionary to their corresponding key in the module instead of copying them in place?)
  warnings.warn(
/opt/conda/envs/diffsensei/lib/python3.11/site-packages/torch/nn/modules/module.py:2400: UserWarning: for layer2.3.conv3.weight: copying from a non-meta parameter in the checkpoint to a meta parameter in the current model, which is a no-op. (Did you mean to pass `assign=True` to assign items in the state dictionary to their corresponding key in the module instead of copying them in place?)
  warnings.warn(
/opt/conda/envs/diffsensei/lib/python3.11/site-packages/torch/nn/modules/module.py:2400: UserWarning: for layer1.2.bn3.weight: copying from a non-meta parameter in the checkpoint to a meta parameter in the current model, which is a no-op. (Did you mean to pass `assign=True` to assign items in the state dictionary to their corresponding key in the module instead of copying them in place?)
  warnings.warn(
/opt/conda/envs/diffsensei/lib/python3.11/site-packages/torch/nn/modules/module.py:2400: UserWarning: for layer2.3.bn3.weight: copying from a non-meta parameter in the checkpoint to a meta parameter in the current model, which is a no-op. (Did you mean to pass `assign=True` to assign items in the state dictionary to their corresponding key in the module instead of copying them in place?)
  warnings.warn(
/opt/conda/envs/diffsensei/lib/python3.11/site-packages/torch/nn/modules/module.py:2400: UserWarning: for layer2.3.bn3.weight: copying from a non-meta parameter in the checkpoint to a meta parameter in the current model, which is a no-op. (Did you mean to pass `assign=True` to assign items in the state dictionary to their corresponding key in the module instead of copying them in place?)
  warnings.warn(
/opt/conda/envs/diffsensei/lib/python3.11/site-packages/torch/nn/modules/module.py:2400: UserWarning: for layer1.2.bn3.bias: copying from a non-meta parameter in the checkpoint to a meta parameter in the current model, which is a no-op. (Did you mean to pass `assign=True` to assign items in the state dictionary to their corresponding key in the module instead of copying them in place?)
  warnings.warn(
/opt/conda/envs/diffsensei/lib/python3.11/site-packages/torch/nn/modules/module.py:2400: UserWarning: for layer2.3.bn3.bias: copying from a non-meta parameter in the checkpoint to a meta parameter in the current model, which is a no-op. (Did you mean to pass `assign=True` to assign items in the state dictionary to their corresponding key in the module instead of copying them in place?)
  warnings.warn(
/opt/conda/envs/diffsensei/lib/python3.11/site-packages/torch/nn/modules/module.py:2400: UserWarning: for layer2.3.bn3.bias: copying from a non-meta parameter in the checkpoint to a meta parameter in the current model, which is a no-op. (Did you mean to pass `assign=True` to assign items in the state dictionary to their corresponding key in the module instead of copying them in place?)
  warnings.warn(
/opt/conda/envs/diffsensei/lib/python3.11/site-packages/torch/nn/modules/module.py:2400: UserWarning: for layer3.0.conv1.weight: copying from a non-meta parameter in the checkpoint to a meta parameter in the current model, which is a no-op. (Did you mean to pass `assign=True` to assign items in the state dictionary to their corresponding key in the module instead of copying them in place?)
  warnings.warn(
/opt/conda/envs/diffsensei/lib/python3.11/site-packages/torch/nn/modules/module.py:2400: UserWarning: for layer3.0.bn1.weight: copying from a non-meta parameter in the checkpoint to a meta parameter in the current model, which is a no-op. (Did you mean to pass `assign=True` to assign items in the state dictionary to their corresponding key in the module instead of copying them in place?)
  warnings.warn(
/opt/conda/envs/diffsensei/lib/python3.11/site-packages/torch/nn/modules/module.py:2400: UserWarning: for layer3.0.bn1.bias: copying from a non-meta parameter in the checkpoint to a meta parameter in the current model, which is a no-op. (Did you mean to pass `assign=True` to assign items in the state dictionary to their corresponding key in the module instead of copying them in place?)
  warnings.warn(
/opt/conda/envs/diffsensei/lib/python3.11/site-packages/torch/nn/modules/module.py:2400: UserWarning: for layer2.0.conv1.weight: copying from a non-meta parameter in the checkpoint to a meta parameter in the current model, which is a no-op. (Did you mean to pass `assign=True` to assign items in the state dictionary to their corresponding key in the module instead of copying them in place?)
  warnings.warn(
/opt/conda/envs/diffsensei/lib/python3.11/site-packages/torch/nn/modules/module.py:2400: UserWarning: for layer3.0.conv2.weight: copying from a non-meta parameter in the checkpoint to a meta parameter in the current model, which is a no-op. (Did you mean to pass `assign=True` to assign items in the state dictionary to their corresponding key in the module instead of copying them in place?)
  warnings.warn(
/opt/conda/envs/diffsensei/lib/python3.11/site-packages/torch/nn/modules/module.py:2400: UserWarning: for layer3.0.conv1.weight: copying from a non-meta parameter in the checkpoint to a meta parameter in the current model, which is a no-op. (Did you mean to pass `assign=True` to assign items in the state dictionary to their corresponding key in the module instead of copying them in place?)
  warnings.warn(
/opt/conda/envs/diffsensei/lib/python3.11/site-packages/torch/nn/modules/module.py:2400: UserWarning: for layer2.0.bn1.weight: copying from a non-meta parameter in the checkpoint to a meta parameter in the current model, which is a no-op. (Did you mean to pass `assign=True` to assign items in the state dictionary to their corresponding key in the module instead of copying them in place?)
  warnings.warn(
/opt/conda/envs/diffsensei/lib/python3.11/site-packages/torch/nn/modules/module.py:2400: UserWarning: for layer3.0.conv1.weight: copying from a non-meta parameter in the checkpoint to a meta parameter in the current model, which is a no-op. (Did you mean to pass `assign=True` to assign items in the state dictionary to their corresponding key in the module instead of copying them in place?)
  warnings.warn(
/opt/conda/envs/diffsensei/lib/python3.11/site-packages/torch/nn/modules/module.py:2400: UserWarning: for layer2.0.bn1.bias: copying from a non-meta parameter in the checkpoint to a meta parameter in the current model, which is a no-op. (Did you mean to pass `assign=True` to assign items in the state dictionary to their corresponding key in the module instead of copying them in place?)
  warnings.warn(
/opt/conda/envs/diffsensei/lib/python3.11/site-packages/torch/nn/modules/module.py:2400: UserWarning: for layer3.0.bn2.weight: copying from a non-meta parameter in the checkpoint to a meta parameter in the current model, which is a no-op. (Did you mean to pass `assign=True` to assign items in the state dictionary to their corresponding key in the module instead of copying them in place?)
  warnings.warn(
/opt/conda/envs/diffsensei/lib/python3.11/site-packages/torch/nn/modules/module.py:2400: UserWarning: for layer3.0.bn1.weight: copying from a non-meta parameter in the checkpoint to a meta parameter in the current model, which is a no-op. (Did you mean to pass `assign=True` to assign items in the state dictionary to their corresponding key in the module instead of copying them in place?)
  warnings.warn(
/opt/conda/envs/diffsensei/lib/python3.11/site-packages/torch/nn/modules/module.py:2400: UserWarning: for layer3.0.bn1.weight: copying from a non-meta parameter in the checkpoint to a meta parameter in the current model, which is a no-op. (Did you mean to pass `assign=True` to assign items in the state dictionary to their corresponding key in the module instead of copying them in place?)
  warnings.warn(
/opt/conda/envs/diffsensei/lib/python3.11/site-packages/torch/nn/modules/module.py:2400: UserWarning: for layer3.0.bn2.bias: copying from a non-meta parameter in the checkpoint to a meta parameter in the current model, which is a no-op. (Did you mean to pass `assign=True` to assign items in the state dictionary to their corresponding key in the module instead of copying them in place?)
  warnings.warn(
/opt/conda/envs/diffsensei/lib/python3.11/site-packages/torch/nn/modules/module.py:2400: UserWarning: for layer3.0.bn1.bias: copying from a non-meta parameter in the checkpoint to a meta parameter in the current model, which is a no-op. (Did you mean to pass `assign=True` to assign items in the state dictionary to their corresponding key in the module instead of copying them in place?)
  warnings.warn(
/opt/conda/envs/diffsensei/lib/python3.11/site-packages/torch/nn/modules/module.py:2400: UserWarning: for layer3.0.bn1.bias: copying from a non-meta parameter in the checkpoint to a meta parameter in the current model, which is a no-op. (Did you mean to pass `assign=True` to assign items in the state dictionary to their corresponding key in the module instead of copying them in place?)
  warnings.warn(
/opt/conda/envs/diffsensei/lib/python3.11/site-packages/torch/nn/modules/module.py:2400: UserWarning: for layer2.0.conv2.weight: copying from a non-meta parameter in the checkpoint to a meta parameter in the current model, which is a no-op. (Did you mean to pass `assign=True` to assign items in the state dictionary to their corresponding key in the module instead of copying them in place?)
  warnings.warn(
/opt/conda/envs/diffsensei/lib/python3.11/site-packages/torch/nn/modules/module.py:2400: UserWarning: for layer3.0.conv2.weight: copying from a non-meta parameter in the checkpoint to a meta parameter in the current model, which is a no-op. (Did you mean to pass `assign=True` to assign items in the state dictionary to their corresponding key in the module instead of copying them in place?)
  warnings.warn(
/opt/conda/envs/diffsensei/lib/python3.11/site-packages/torch/nn/modules/module.py:2400: UserWarning: for layer3.0.conv3.weight: copying from a non-meta parameter in the checkpoint to a meta parameter in the current model, which is a no-op. (Did you mean to pass `assign=True` to assign items in the state dictionary to their corresponding key in the module instead of copying them in place?)
  warnings.warn(
/opt/conda/envs/diffsensei/lib/python3.11/site-packages/torch/nn/modules/module.py:2400: UserWarning: for layer3.0.conv2.weight: copying from a non-meta parameter in the checkpoint to a meta parameter in the current model, which is a no-op. (Did you mean to pass `assign=True` to assign items in the state dictionary to their corresponding key in the module instead of copying them in place?)
  warnings.warn(
/opt/conda/envs/diffsensei/lib/python3.11/site-packages/torch/nn/modules/module.py:2400: UserWarning: for layer2.0.bn2.weight: copying from a non-meta parameter in the checkpoint to a meta parameter in the current model, which is a no-op. (Did you mean to pass `assign=True` to assign items in the state dictionary to their corresponding key in the module instead of copying them in place?)
  warnings.warn(
/opt/conda/envs/diffsensei/lib/python3.11/site-packages/torch/nn/modules/module.py:2400: UserWarning: for layer3.0.bn2.weight: copying from a non-meta parameter in the checkpoint to a meta parameter in the current model, which is a no-op. (Did you mean to pass `assign=True` to assign items in the state dictionary to their corresponding key in the module instead of copying them in place?)
  warnings.warn(
/opt/conda/envs/diffsensei/lib/python3.11/site-packages/torch/nn/modules/module.py:2400: UserWarning: for layer3.0.bn3.weight: copying from a non-meta parameter in the checkpoint to a meta parameter in the current model, which is a no-op. (Did you mean to pass `assign=True` to assign items in the state dictionary to their corresponding key in the module instead of copying them in place?)
  warnings.warn(
/opt/conda/envs/diffsensei/lib/python3.11/site-packages/torch/nn/modules/module.py:2400: UserWarning: for layer3.0.bn2.weight: copying from a non-meta parameter in the checkpoint to a meta parameter in the current model, which is a no-op. (Did you mean to pass `assign=True` to assign items in the state dictionary to their corresponding key in the module instead of copying them in place?)
  warnings.warn(
/opt/conda/envs/diffsensei/lib/python3.11/site-packages/torch/nn/modules/module.py:2400: UserWarning: for layer2.0.bn2.bias: copying from a non-meta parameter in the checkpoint to a meta parameter in the current model, which is a no-op. (Did you mean to pass `assign=True` to assign items in the state dictionary to their corresponding key in the module instead of copying them in place?)
  warnings.warn(
/opt/conda/envs/diffsensei/lib/python3.11/site-packages/torch/nn/modules/module.py:2400: UserWarning: for layer3.0.bn2.bias: copying from a non-meta parameter in the checkpoint to a meta parameter in the current model, which is a no-op. (Did you mean to pass `assign=True` to assign items in the state dictionary to their corresponding key in the module instead of copying them in place?)
  warnings.warn(
/opt/conda/envs/diffsensei/lib/python3.11/site-packages/torch/nn/modules/module.py:2400: UserWarning: for layer3.0.bn3.bias: copying from a non-meta parameter in the checkpoint to a meta parameter in the current model, which is a no-op. (Did you mean to pass `assign=True` to assign items in the state dictionary to their corresponding key in the module instead of copying them in place?)
  warnings.warn(
/opt/conda/envs/diffsensei/lib/python3.11/site-packages/torch/nn/modules/module.py:2400: UserWarning: for layer3.0.bn2.bias: copying from a non-meta parameter in the checkpoint to a meta parameter in the current model, which is a no-op. (Did you mean to pass `assign=True` to assign items in the state dictionary to their corresponding key in the module instead of copying them in place?)
  warnings.warn(
/opt/conda/envs/diffsensei/lib/python3.11/site-packages/torch/nn/modules/module.py:2400: UserWarning: for layer2.0.conv3.weight: copying from a non-meta parameter in the checkpoint to a meta parameter in the current model, which is a no-op. (Did you mean to pass `assign=True` to assign items in the state dictionary to their corresponding key in the module instead of copying them in place?)
  warnings.warn(
/opt/conda/envs/diffsensei/lib/python3.11/site-packages/torch/nn/modules/module.py:2400: UserWarning: for layer3.0.downsample.0.weight: copying from a non-meta parameter in the checkpoint to a meta parameter in the current model, which is a no-op. (Did you mean to pass `assign=True` to assign items in the state dictionary to their corresponding key in the module instead of copying them in place?)
  warnings.warn(
/opt/conda/envs/diffsensei/lib/python3.11/site-packages/torch/nn/modules/module.py:2400: UserWarning: for layer3.0.conv3.weight: copying from a non-meta parameter in the checkpoint to a meta parameter in the current model, which is a no-op. (Did you mean to pass `assign=True` to assign items in the state dictionary to their corresponding key in the module instead of copying them in place?)
  warnings.warn(
/opt/conda/envs/diffsensei/lib/python3.11/site-packages/torch/nn/modules/module.py:2400: UserWarning: for layer3.0.conv3.weight: copying from a non-meta parameter in the checkpoint to a meta parameter in the current model, which is a no-op. (Did you mean to pass `assign=True` to assign items in the state dictionary to their corresponding key in the module instead of copying them in place?)
  warnings.warn(
/opt/conda/envs/diffsensei/lib/python3.11/site-packages/torch/nn/modules/module.py:2400: UserWarning: for layer2.0.bn3.weight: copying from a non-meta parameter in the checkpoint to a meta parameter in the current model, which is a no-op. (Did you mean to pass `assign=True` to assign items in the state dictionary to their corresponding key in the module instead of copying them in place?)
  warnings.warn(
/opt/conda/envs/diffsensei/lib/python3.11/site-packages/torch/nn/modules/module.py:2400: UserWarning: for layer3.0.downsample.1.weight: copying from a non-meta parameter in the checkpoint to a meta parameter in the current model, which is a no-op. (Did you mean to pass `assign=True` to assign items in the state dictionary to their corresponding key in the module instead of copying them in place?)
  warnings.warn(
/opt/conda/envs/diffsensei/lib/python3.11/site-packages/torch/nn/modules/module.py:2400: UserWarning: for layer3.0.bn3.weight: copying from a non-meta parameter in the checkpoint to a meta parameter in the current model, which is a no-op. (Did you mean to pass `assign=True` to assign items in the state dictionary to their corresponding key in the module instead of copying them in place?)
  warnings.warn(
/opt/conda/envs/diffsensei/lib/python3.11/site-packages/torch/nn/modules/module.py:2400: UserWarning: for layer3.0.bn3.weight: copying from a non-meta parameter in the checkpoint to a meta parameter in the current model, which is a no-op. (Did you mean to pass `assign=True` to assign items in the state dictionary to their corresponding key in the module instead of copying them in place?)
  warnings.warn(
/opt/conda/envs/diffsensei/lib/python3.11/site-packages/torch/nn/modules/module.py:2400: UserWarning: for layer2.0.bn3.bias: copying from a non-meta parameter in the checkpoint to a meta parameter in the current model, which is a no-op. (Did you mean to pass `assign=True` to assign items in the state dictionary to their corresponding key in the module instead of copying them in place?)
  warnings.warn(
/opt/conda/envs/diffsensei/lib/python3.11/site-packages/torch/nn/modules/module.py:2400: UserWarning: for layer3.0.downsample.1.bias: copying from a non-meta parameter in the checkpoint to a meta parameter in the current model, which is a no-op. (Did you mean to pass `assign=True` to assign items in the state dictionary to their corresponding key in the module instead of copying them in place?)
  warnings.warn(
/opt/conda/envs/diffsensei/lib/python3.11/site-packages/torch/nn/modules/module.py:2400: UserWarning: for layer3.0.bn3.bias: copying from a non-meta parameter in the checkpoint to a meta parameter in the current model, which is a no-op. (Did you mean to pass `assign=True` to assign items in the state dictionary to their corresponding key in the module instead of copying them in place?)
  warnings.warn(
/opt/conda/envs/diffsensei/lib/python3.11/site-packages/torch/nn/modules/module.py:2400: UserWarning: for layer3.0.bn3.bias: copying from a non-meta parameter in the checkpoint to a meta parameter in the current model, which is a no-op. (Did you mean to pass `assign=True` to assign items in the state dictionary to their corresponding key in the module instead of copying them in place?)
  warnings.warn(
/opt/conda/envs/diffsensei/lib/python3.11/site-packages/torch/nn/modules/module.py:2400: UserWarning: for layer2.0.downsample.0.weight: copying from a non-meta parameter in the checkpoint to a meta parameter in the current model, which is a no-op. (Did you mean to pass `assign=True` to assign items in the state dictionary to their corresponding key in the module instead of copying them in place?)
  warnings.warn(
/opt/conda/envs/diffsensei/lib/python3.11/site-packages/torch/nn/modules/module.py:2400: UserWarning: for layer3.0.downsample.0.weight: copying from a non-meta parameter in the checkpoint to a meta parameter in the current model, which is a no-op. (Did you mean to pass `assign=True` to assign items in the state dictionary to their corresponding key in the module instead of copying them in place?)
  warnings.warn(
/opt/conda/envs/diffsensei/lib/python3.11/site-packages/torch/nn/modules/module.py:2400: UserWarning: for layer3.1.conv1.weight: copying from a non-meta parameter in the checkpoint to a meta parameter in the current model, which is a no-op. (Did you mean to pass `assign=True` to assign items in the state dictionary to their corresponding key in the module instead of copying them in place?)
  warnings.warn(
/opt/conda/envs/diffsensei/lib/python3.11/site-packages/torch/nn/modules/module.py:2400: UserWarning: for layer3.0.downsample.0.weight: copying from a non-meta parameter in the checkpoint to a meta parameter in the current model, which is a no-op. (Did you mean to pass `assign=True` to assign items in the state dictionary to their corresponding key in the module instead of copying them in place?)
  warnings.warn(
/opt/conda/envs/diffsensei/lib/python3.11/site-packages/torch/nn/modules/module.py:2400: UserWarning: for layer2.0.downsample.1.weight: copying from a non-meta parameter in the checkpoint to a meta parameter in the current model, which is a no-op. (Did you mean to pass `assign=True` to assign items in the state dictionary to their corresponding key in the module instead of copying them in place?)
  warnings.warn(
/opt/conda/envs/diffsensei/lib/python3.11/site-packages/torch/nn/modules/module.py:2400: UserWarning: for layer3.0.downsample.1.weight: copying from a non-meta parameter in the checkpoint to a meta parameter in the current model, which is a no-op. (Did you mean to pass `assign=True` to assign items in the state dictionary to their corresponding key in the module instead of copying them in place?)
  warnings.warn(
/opt/conda/envs/diffsensei/lib/python3.11/site-packages/torch/nn/modules/module.py:2400: UserWarning: for layer3.1.bn1.weight: copying from a non-meta parameter in the checkpoint to a meta parameter in the current model, which is a no-op. (Did you mean to pass `assign=True` to assign items in the state dictionary to their corresponding key in the module instead of copying them in place?)
  warnings.warn(
/opt/conda/envs/diffsensei/lib/python3.11/site-packages/torch/nn/modules/module.py:2400: UserWarning: for layer3.0.downsample.1.weight: copying from a non-meta parameter in the checkpoint to a meta parameter in the current model, which is a no-op. (Did you mean to pass `assign=True` to assign items in the state dictionary to their corresponding key in the module instead of copying them in place?)
  warnings.warn(
/opt/conda/envs/diffsensei/lib/python3.11/site-packages/torch/nn/modules/module.py:2400: UserWarning: for layer2.0.downsample.1.bias: copying from a non-meta parameter in the checkpoint to a meta parameter in the current model, which is a no-op. (Did you mean to pass `assign=True` to assign items in the state dictionary to their corresponding key in the module instead of copying them in place?)
  warnings.warn(
/opt/conda/envs/diffsensei/lib/python3.11/site-packages/torch/nn/modules/module.py:2400: UserWarning: for layer3.0.downsample.1.bias: copying from a non-meta parameter in the checkpoint to a meta parameter in the current model, which is a no-op. (Did you mean to pass `assign=True` to assign items in the state dictionary to their corresponding key in the module instead of copying them in place?)
  warnings.warn(
/opt/conda/envs/diffsensei/lib/python3.11/site-packages/torch/nn/modules/module.py:2400: UserWarning: for layer3.1.bn1.bias: copying from a non-meta parameter in the checkpoint to a meta parameter in the current model, which is a no-op. (Did you mean to pass `assign=True` to assign items in the state dictionary to their corresponding key in the module instead of copying them in place?)
  warnings.warn(
/opt/conda/envs/diffsensei/lib/python3.11/site-packages/torch/nn/modules/module.py:2400: UserWarning: for layer3.0.downsample.1.bias: copying from a non-meta parameter in the checkpoint to a meta parameter in the current model, which is a no-op. (Did you mean to pass `assign=True` to assign items in the state dictionary to their corresponding key in the module instead of copying them in place?)
  warnings.warn(
/opt/conda/envs/diffsensei/lib/python3.11/site-packages/torch/nn/modules/module.py:2400: UserWarning: for layer3.1.conv2.weight: copying from a non-meta parameter in the checkpoint to a meta parameter in the current model, which is a no-op. (Did you mean to pass `assign=True` to assign items in the state dictionary to their corresponding key in the module instead of copying them in place?)
  warnings.warn(
/opt/conda/envs/diffsensei/lib/python3.11/site-packages/torch/nn/modules/module.py:2400: UserWarning: for layer2.1.conv1.weight: copying from a non-meta parameter in the checkpoint to a meta parameter in the current model, which is a no-op. (Did you mean to pass `assign=True` to assign items in the state dictionary to their corresponding key in the module instead of copying them in place?)
  warnings.warn(
/opt/conda/envs/diffsensei/lib/python3.11/site-packages/torch/nn/modules/module.py:2400: UserWarning: for layer3.1.conv1.weight: copying from a non-meta parameter in the checkpoint to a meta parameter in the current model, which is a no-op. (Did you mean to pass `assign=True` to assign items in the state dictionary to their corresponding key in the module instead of copying them in place?)
  warnings.warn(
/opt/conda/envs/diffsensei/lib/python3.11/site-packages/torch/nn/modules/module.py:2400: UserWarning: for layer3.1.bn2.weight: copying from a non-meta parameter in the checkpoint to a meta parameter in the current model, which is a no-op. (Did you mean to pass `assign=True` to assign items in the state dictionary to their corresponding key in the module instead of copying them in place?)
  warnings.warn(
/opt/conda/envs/diffsensei/lib/python3.11/site-packages/torch/nn/modules/module.py:2400: UserWarning: for layer3.1.conv1.weight: copying from a non-meta parameter in the checkpoint to a meta parameter in the current model, which is a no-op. (Did you mean to pass `assign=True` to assign items in the state dictionary to their corresponding key in the module instead of copying them in place?)
  warnings.warn(
/opt/conda/envs/diffsensei/lib/python3.11/site-packages/torch/nn/modules/module.py:2400: UserWarning: for layer2.1.bn1.weight: copying from a non-meta parameter in the checkpoint to a meta parameter in the current model, which is a no-op. (Did you mean to pass `assign=True` to assign items in the state dictionary to their corresponding key in the module instead of copying them in place?)
  warnings.warn(
/opt/conda/envs/diffsensei/lib/python3.11/site-packages/torch/nn/modules/module.py:2400: UserWarning: for layer3.1.bn2.bias: copying from a non-meta parameter in the checkpoint to a meta parameter in the current model, which is a no-op. (Did you mean to pass `assign=True` to assign items in the state dictionary to their corresponding key in the module instead of copying them in place?)
  warnings.warn(
/opt/conda/envs/diffsensei/lib/python3.11/site-packages/torch/nn/modules/module.py:2400: UserWarning: for layer3.1.bn1.weight: copying from a non-meta parameter in the checkpoint to a meta parameter in the current model, which is a no-op. (Did you mean to pass `assign=True` to assign items in the state dictionary to their corresponding key in the module instead of copying them in place?)
  warnings.warn(
/opt/conda/envs/diffsensei/lib/python3.11/site-packages/torch/nn/modules/module.py:2400: UserWarning: for layer3.1.bn1.weight: copying from a non-meta parameter in the checkpoint to a meta parameter in the current model, which is a no-op. (Did you mean to pass `assign=True` to assign items in the state dictionary to their corresponding key in the module instead of copying them in place?)
  warnings.warn(
/opt/conda/envs/diffsensei/lib/python3.11/site-packages/torch/nn/modules/module.py:2400: UserWarning: for layer2.1.bn1.bias: copying from a non-meta parameter in the checkpoint to a meta parameter in the current model, which is a no-op. (Did you mean to pass `assign=True` to assign items in the state dictionary to their corresponding key in the module instead of copying them in place?)
  warnings.warn(
/opt/conda/envs/diffsensei/lib/python3.11/site-packages/torch/nn/modules/module.py:2400: UserWarning: for layer3.1.bn1.bias: copying from a non-meta parameter in the checkpoint to a meta parameter in the current model, which is a no-op. (Did you mean to pass `assign=True` to assign items in the state dictionary to their corresponding key in the module instead of copying them in place?)
  warnings.warn(
/opt/conda/envs/diffsensei/lib/python3.11/site-packages/torch/nn/modules/module.py:2400: UserWarning: for layer3.1.bn1.bias: copying from a non-meta parameter in the checkpoint to a meta parameter in the current model, which is a no-op. (Did you mean to pass `assign=True` to assign items in the state dictionary to their corresponding key in the module instead of copying them in place?)
  warnings.warn(
/opt/conda/envs/diffsensei/lib/python3.11/site-packages/torch/nn/modules/module.py:2400: UserWarning: for layer3.1.conv2.weight: copying from a non-meta parameter in the checkpoint to a meta parameter in the current model, which is a no-op. (Did you mean to pass `assign=True` to assign items in the state dictionary to their corresponding key in the module instead of copying them in place?)
  warnings.warn(
/opt/conda/envs/diffsensei/lib/python3.11/site-packages/torch/nn/modules/module.py:2400: UserWarning: for layer3.1.bn2.weight: copying from a non-meta parameter in the checkpoint to a meta parameter in the current model, which is a no-op. (Did you mean to pass `assign=True` to assign items in the state dictionary to their corresponding key in the module instead of copying them in place?)
  warnings.warn(
/opt/conda/envs/diffsensei/lib/python3.11/site-packages/torch/nn/modules/module.py:2400: UserWarning: for layer3.1.conv3.weight: copying from a non-meta parameter in the checkpoint to a meta parameter in the current model, which is a no-op. (Did you mean to pass `assign=True` to assign items in the state dictionary to their corresponding key in the module instead of copying them in place?)
  warnings.warn(
/opt/conda/envs/diffsensei/lib/python3.11/site-packages/torch/nn/modules/module.py:2400: UserWarning: for layer2.1.conv2.weight: copying from a non-meta parameter in the checkpoint to a meta parameter in the current model, which is a no-op. (Did you mean to pass `assign=True` to assign items in the state dictionary to their corresponding key in the module instead of copying them in place?)
  warnings.warn(
/opt/conda/envs/diffsensei/lib/python3.11/site-packages/torch/nn/modules/module.py:2400: UserWarning: for layer3.1.bn2.bias: copying from a non-meta parameter in the checkpoint to a meta parameter in the current model, which is a no-op. (Did you mean to pass `assign=True` to assign items in the state dictionary to their corresponding key in the module instead of copying them in place?)
  warnings.warn(
/opt/conda/envs/diffsensei/lib/python3.11/site-packages/torch/nn/modules/module.py:2400: UserWarning: for layer3.1.conv2.weight: copying from a non-meta parameter in the checkpoint to a meta parameter in the current model, which is a no-op. (Did you mean to pass `assign=True` to assign items in the state dictionary to their corresponding key in the module instead of copying them in place?)
  warnings.warn(
/opt/conda/envs/diffsensei/lib/python3.11/site-packages/torch/nn/modules/module.py:2400: UserWarning: for layer3.1.bn3.weight: copying from a non-meta parameter in the checkpoint to a meta parameter in the current model, which is a no-op. (Did you mean to pass `assign=True` to assign items in the state dictionary to their corresponding key in the module instead of copying them in place?)
  warnings.warn(
/opt/conda/envs/diffsensei/lib/python3.11/site-packages/torch/nn/modules/module.py:2400: UserWarning: for layer2.1.bn2.weight: copying from a non-meta parameter in the checkpoint to a meta parameter in the current model, which is a no-op. (Did you mean to pass `assign=True` to assign items in the state dictionary to their corresponding key in the module instead of copying them in place?)
  warnings.warn(
/opt/conda/envs/diffsensei/lib/python3.11/site-packages/torch/nn/modules/module.py:2400: UserWarning: for layer3.1.bn3.bias: copying from a non-meta parameter in the checkpoint to a meta parameter in the current model, which is a no-op. (Did you mean to pass `assign=True` to assign items in the state dictionary to their corresponding key in the module instead of copying them in place?)
  warnings.warn(
/opt/conda/envs/diffsensei/lib/python3.11/site-packages/torch/nn/modules/module.py:2400: UserWarning: for layer3.1.bn2.weight: copying from a non-meta parameter in the checkpoint to a meta parameter in the current model, which is a no-op. (Did you mean to pass `assign=True` to assign items in the state dictionary to their corresponding key in the module instead of copying them in place?)
  warnings.warn(
/opt/conda/envs/diffsensei/lib/python3.11/site-packages/torch/nn/modules/module.py:2400: UserWarning: for layer2.1.bn2.bias: copying from a non-meta parameter in the checkpoint to a meta parameter in the current model, which is a no-op. (Did you mean to pass `assign=True` to assign items in the state dictionary to their corresponding key in the module instead of copying them in place?)
  warnings.warn(
/opt/conda/envs/diffsensei/lib/python3.11/site-packages/torch/nn/modules/module.py:2400: UserWarning: for layer3.1.bn2.bias: copying from a non-meta parameter in the checkpoint to a meta parameter in the current model, which is a no-op. (Did you mean to pass `assign=True` to assign items in the state dictionary to their corresponding key in the module instead of copying them in place?)
  warnings.warn(
/opt/conda/envs/diffsensei/lib/python3.11/site-packages/torch/nn/modules/module.py:2400: UserWarning: for layer3.1.conv3.weight: copying from a non-meta parameter in the checkpoint to a meta parameter in the current model, which is a no-op. (Did you mean to pass `assign=True` to assign items in the state dictionary to their corresponding key in the module instead of copying them in place?)
  warnings.warn(
/opt/conda/envs/diffsensei/lib/python3.11/site-packages/torch/nn/modules/module.py:2400: UserWarning: for layer3.1.bn3.weight: copying from a non-meta parameter in the checkpoint to a meta parameter in the current model, which is a no-op. (Did you mean to pass `assign=True` to assign items in the state dictionary to their corresponding key in the module instead of copying them in place?)
  warnings.warn(
/opt/conda/envs/diffsensei/lib/python3.11/site-packages/torch/nn/modules/module.py:2400: UserWarning: for layer2.1.conv3.weight: copying from a non-meta parameter in the checkpoint to a meta parameter in the current model, which is a no-op. (Did you mean to pass `assign=True` to assign items in the state dictionary to their corresponding key in the module instead of copying them in place?)
  warnings.warn(
/opt/conda/envs/diffsensei/lib/python3.11/site-packages/torch/nn/modules/module.py:2400: UserWarning: for layer3.2.conv1.weight: copying from a non-meta parameter in the checkpoint to a meta parameter in the current model, which is a no-op. (Did you mean to pass `assign=True` to assign items in the state dictionary to their corresponding key in the module instead of copying them in place?)
  warnings.warn(
/opt/conda/envs/diffsensei/lib/python3.11/site-packages/torch/nn/modules/module.py:2400: UserWarning: for layer3.1.conv3.weight: copying from a non-meta parameter in the checkpoint to a meta parameter in the current model, which is a no-op. (Did you mean to pass `assign=True` to assign items in the state dictionary to their corresponding key in the module instead of copying them in place?)
  warnings.warn(
/opt/conda/envs/diffsensei/lib/python3.11/site-packages/torch/nn/modules/module.py:2400: UserWarning: for layer3.1.bn3.bias: copying from a non-meta parameter in the checkpoint to a meta parameter in the current model, which is a no-op. (Did you mean to pass `assign=True` to assign items in the state dictionary to their corresponding key in the module instead of copying them in place?)
  warnings.warn(
/opt/conda/envs/diffsensei/lib/python3.11/site-packages/torch/nn/modules/module.py:2400: UserWarning: for layer2.1.bn3.weight: copying from a non-meta parameter in the checkpoint to a meta parameter in the current model, which is a no-op. (Did you mean to pass `assign=True` to assign items in the state dictionary to their corresponding key in the module instead of copying them in place?)
  warnings.warn(
/opt/conda/envs/diffsensei/lib/python3.11/site-packages/torch/nn/modules/module.py:2400: UserWarning: for layer3.2.bn1.weight: copying from a non-meta parameter in the checkpoint to a meta parameter in the current model, which is a no-op. (Did you mean to pass `assign=True` to assign items in the state dictionary to their corresponding key in the module instead of copying them in place?)
  warnings.warn(
/opt/conda/envs/diffsensei/lib/python3.11/site-packages/torch/nn/modules/module.py:2400: UserWarning: for layer3.1.bn3.weight: copying from a non-meta parameter in the checkpoint to a meta parameter in the current model, which is a no-op. (Did you mean to pass `assign=True` to assign items in the state dictionary to their corresponding key in the module instead of copying them in place?)
  warnings.warn(
/opt/conda/envs/diffsensei/lib/python3.11/site-packages/torch/nn/modules/module.py:2400: UserWarning: for layer2.1.bn3.bias: copying from a non-meta parameter in the checkpoint to a meta parameter in the current model, which is a no-op. (Did you mean to pass `assign=True` to assign items in the state dictionary to their corresponding key in the module instead of copying them in place?)
  warnings.warn(
/opt/conda/envs/diffsensei/lib/python3.11/site-packages/torch/nn/modules/module.py:2400: UserWarning: for layer3.2.conv1.weight: copying from a non-meta parameter in the checkpoint to a meta parameter in the current model, which is a no-op. (Did you mean to pass `assign=True` to assign items in the state dictionary to their corresponding key in the module instead of copying them in place?)
  warnings.warn(
/opt/conda/envs/diffsensei/lib/python3.11/site-packages/torch/nn/modules/module.py:2400: UserWarning: for layer3.2.bn1.bias: copying from a non-meta parameter in the checkpoint to a meta parameter in the current model, which is a no-op. (Did you mean to pass `assign=True` to assign items in the state dictionary to their corresponding key in the module instead of copying them in place?)
  warnings.warn(
/opt/conda/envs/diffsensei/lib/python3.11/site-packages/torch/nn/modules/module.py:2400: UserWarning: for layer3.1.bn3.bias: copying from a non-meta parameter in the checkpoint to a meta parameter in the current model, which is a no-op. (Did you mean to pass `assign=True` to assign items in the state dictionary to their corresponding key in the module instead of copying them in place?)
  warnings.warn(
/opt/conda/envs/diffsensei/lib/python3.11/site-packages/torch/nn/modules/module.py:2400: UserWarning: for layer3.2.bn1.weight: copying from a non-meta parameter in the checkpoint to a meta parameter in the current model, which is a no-op. (Did you mean to pass `assign=True` to assign items in the state dictionary to their corresponding key in the module instead of copying them in place?)
  warnings.warn(
/opt/conda/envs/diffsensei/lib/python3.11/site-packages/torch/nn/modules/module.py:2400: UserWarning: for layer3.2.bn1.bias: copying from a non-meta parameter in the checkpoint to a meta parameter in the current model, which is a no-op. (Did you mean to pass `assign=True` to assign items in the state dictionary to their corresponding key in the module instead of copying them in place?)
  warnings.warn(
/opt/conda/envs/diffsensei/lib/python3.11/site-packages/torch/nn/modules/module.py:2400: UserWarning: for layer3.2.conv2.weight: copying from a non-meta parameter in the checkpoint to a meta parameter in the current model, which is a no-op. (Did you mean to pass `assign=True` to assign items in the state dictionary to their corresponding key in the module instead of copying them in place?)
  warnings.warn(
/opt/conda/envs/diffsensei/lib/python3.11/site-packages/torch/nn/modules/module.py:2400: UserWarning: for layer2.2.conv1.weight: copying from a non-meta parameter in the checkpoint to a meta parameter in the current model, which is a no-op. (Did you mean to pass `assign=True` to assign items in the state dictionary to their corresponding key in the module instead of copying them in place?)
  warnings.warn(
/opt/conda/envs/diffsensei/lib/python3.11/site-packages/torch/nn/modules/module.py:2400: UserWarning: for layer3.2.bn2.weight: copying from a non-meta parameter in the checkpoint to a meta parameter in the current model, which is a no-op. (Did you mean to pass `assign=True` to assign items in the state dictionary to their corresponding key in the module instead of copying them in place?)
  warnings.warn(
/opt/conda/envs/diffsensei/lib/python3.11/site-packages/torch/nn/modules/module.py:2400: UserWarning: for layer3.2.conv1.weight: copying from a non-meta parameter in the checkpoint to a meta parameter in the current model, which is a no-op. (Did you mean to pass `assign=True` to assign items in the state dictionary to their corresponding key in the module instead of copying them in place?)
  warnings.warn(
/opt/conda/envs/diffsensei/lib/python3.11/site-packages/torch/nn/modules/module.py:2400: UserWarning: for layer3.2.conv2.weight: copying from a non-meta parameter in the checkpoint to a meta parameter in the current model, which is a no-op. (Did you mean to pass `assign=True` to assign items in the state dictionary to their corresponding key in the module instead of copying them in place?)
  warnings.warn(
/opt/conda/envs/diffsensei/lib/python3.11/site-packages/torch/nn/modules/module.py:2400: UserWarning: for layer3.2.bn2.bias: copying from a non-meta parameter in the checkpoint to a meta parameter in the current model, which is a no-op. (Did you mean to pass `assign=True` to assign items in the state dictionary to their corresponding key in the module instead of copying them in place?)
  warnings.warn(
/opt/conda/envs/diffsensei/lib/python3.11/site-packages/torch/nn/modules/module.py:2400: UserWarning: for layer2.2.bn1.weight: copying from a non-meta parameter in the checkpoint to a meta parameter in the current model, which is a no-op. (Did you mean to pass `assign=True` to assign items in the state dictionary to their corresponding key in the module instead of copying them in place?)
  warnings.warn(
/opt/conda/envs/diffsensei/lib/python3.11/site-packages/torch/nn/modules/module.py:2400: UserWarning: for layer3.2.bn1.weight: copying from a non-meta parameter in the checkpoint to a meta parameter in the current model, which is a no-op. (Did you mean to pass `assign=True` to assign items in the state dictionary to their corresponding key in the module instead of copying them in place?)
  warnings.warn(
/opt/conda/envs/diffsensei/lib/python3.11/site-packages/torch/nn/modules/module.py:2400: UserWarning: for layer3.2.bn2.weight: copying from a non-meta parameter in the checkpoint to a meta parameter in the current model, which is a no-op. (Did you mean to pass `assign=True` to assign items in the state dictionary to their corresponding key in the module instead of copying them in place?)
  warnings.warn(
/opt/conda/envs/diffsensei/lib/python3.11/site-packages/torch/nn/modules/module.py:2400: UserWarning: for layer2.2.bn1.bias: copying from a non-meta parameter in the checkpoint to a meta parameter in the current model, which is a no-op. (Did you mean to pass `assign=True` to assign items in the state dictionary to their corresponding key in the module instead of copying them in place?)
  warnings.warn(
/opt/conda/envs/diffsensei/lib/python3.11/site-packages/torch/nn/modules/module.py:2400: UserWarning: for layer3.2.bn1.bias: copying from a non-meta parameter in the checkpoint to a meta parameter in the current model, which is a no-op. (Did you mean to pass `assign=True` to assign items in the state dictionary to their corresponding key in the module instead of copying them in place?)
  warnings.warn(
/opt/conda/envs/diffsensei/lib/python3.11/site-packages/torch/nn/modules/module.py:2400: UserWarning: for layer3.2.bn2.bias: copying from a non-meta parameter in the checkpoint to a meta parameter in the current model, which is a no-op. (Did you mean to pass `assign=True` to assign items in the state dictionary to their corresponding key in the module instead of copying them in place?)
  warnings.warn(
/opt/conda/envs/diffsensei/lib/python3.11/site-packages/torch/nn/modules/module.py:2400: UserWarning: for layer3.2.conv3.weight: copying from a non-meta parameter in the checkpoint to a meta parameter in the current model, which is a no-op. (Did you mean to pass `assign=True` to assign items in the state dictionary to their corresponding key in the module instead of copying them in place?)
  warnings.warn(
/opt/conda/envs/diffsensei/lib/python3.11/site-packages/torch/nn/modules/module.py:2400: UserWarning: for layer2.2.conv2.weight: copying from a non-meta parameter in the checkpoint to a meta parameter in the current model, which is a no-op. (Did you mean to pass `assign=True` to assign items in the state dictionary to their corresponding key in the module instead of copying them in place?)
  warnings.warn(
/opt/conda/envs/diffsensei/lib/python3.11/site-packages/torch/nn/modules/module.py:2400: UserWarning: for layer3.2.conv2.weight: copying from a non-meta parameter in the checkpoint to a meta parameter in the current model, which is a no-op. (Did you mean to pass `assign=True` to assign items in the state dictionary to their corresponding key in the module instead of copying them in place?)
  warnings.warn(
/opt/conda/envs/diffsensei/lib/python3.11/site-packages/torch/nn/modules/module.py:2400: UserWarning: for layer3.2.conv3.weight: copying from a non-meta parameter in the checkpoint to a meta parameter in the current model, which is a no-op. (Did you mean to pass `assign=True` to assign items in the state dictionary to their corresponding key in the module instead of copying them in place?)
  warnings.warn(
/opt/conda/envs/diffsensei/lib/python3.11/site-packages/torch/nn/modules/module.py:2400: UserWarning: for layer3.2.bn3.weight: copying from a non-meta parameter in the checkpoint to a meta parameter in the current model, which is a no-op. (Did you mean to pass `assign=True` to assign items in the state dictionary to their corresponding key in the module instead of copying them in place?)
  warnings.warn(
/opt/conda/envs/diffsensei/lib/python3.11/site-packages/torch/nn/modules/module.py:2400: UserWarning: for layer2.2.bn2.weight: copying from a non-meta parameter in the checkpoint to a meta parameter in the current model, which is a no-op. (Did you mean to pass `assign=True` to assign items in the state dictionary to their corresponding key in the module instead of copying them in place?)
  warnings.warn(
/opt/conda/envs/diffsensei/lib/python3.11/site-packages/torch/nn/modules/module.py:2400: UserWarning: for layer3.2.bn2.weight: copying from a non-meta parameter in the checkpoint to a meta parameter in the current model, which is a no-op. (Did you mean to pass `assign=True` to assign items in the state dictionary to their corresponding key in the module instead of copying them in place?)
  warnings.warn(
/opt/conda/envs/diffsensei/lib/python3.11/site-packages/torch/nn/modules/module.py:2400: UserWarning: for layer3.2.bn3.weight: copying from a non-meta parameter in the checkpoint to a meta parameter in the current model, which is a no-op. (Did you mean to pass `assign=True` to assign items in the state dictionary to their corresponding key in the module instead of copying them in place?)
  warnings.warn(
/opt/conda/envs/diffsensei/lib/python3.11/site-packages/torch/nn/modules/module.py:2400: UserWarning: for layer3.2.bn3.bias: copying from a non-meta parameter in the checkpoint to a meta parameter in the current model, which is a no-op. (Did you mean to pass `assign=True` to assign items in the state dictionary to their corresponding key in the module instead of copying them in place?)
  warnings.warn(
/opt/conda/envs/diffsensei/lib/python3.11/site-packages/torch/nn/modules/module.py:2400: UserWarning: for layer2.2.bn2.bias: copying from a non-meta parameter in the checkpoint to a meta parameter in the current model, which is a no-op. (Did you mean to pass `assign=True` to assign items in the state dictionary to their corresponding key in the module instead of copying them in place?)
  warnings.warn(
/opt/conda/envs/diffsensei/lib/python3.11/site-packages/torch/nn/modules/module.py:2400: UserWarning: for layer3.2.bn2.bias: copying from a non-meta parameter in the checkpoint to a meta parameter in the current model, which is a no-op. (Did you mean to pass `assign=True` to assign items in the state dictionary to their corresponding key in the module instead of copying them in place?)
  warnings.warn(
/opt/conda/envs/diffsensei/lib/python3.11/site-packages/torch/nn/modules/module.py:2400: UserWarning: for layer3.2.bn3.bias: copying from a non-meta parameter in the checkpoint to a meta parameter in the current model, which is a no-op. (Did you mean to pass `assign=True` to assign items in the state dictionary to their corresponding key in the module instead of copying them in place?)
  warnings.warn(
/opt/conda/envs/diffsensei/lib/python3.11/site-packages/torch/nn/modules/module.py:2400: UserWarning: for layer2.2.conv3.weight: copying from a non-meta parameter in the checkpoint to a meta parameter in the current model, which is a no-op. (Did you mean to pass `assign=True` to assign items in the state dictionary to their corresponding key in the module instead of copying them in place?)
  warnings.warn(
/opt/conda/envs/diffsensei/lib/python3.11/site-packages/torch/nn/modules/module.py:2400: UserWarning: for layer3.2.conv3.weight: copying from a non-meta parameter in the checkpoint to a meta parameter in the current model, which is a no-op. (Did you mean to pass `assign=True` to assign items in the state dictionary to their corresponding key in the module instead of copying them in place?)
  warnings.warn(
/opt/conda/envs/diffsensei/lib/python3.11/site-packages/torch/nn/modules/module.py:2400: UserWarning: for layer3.3.conv1.weight: copying from a non-meta parameter in the checkpoint to a meta parameter in the current model, which is a no-op. (Did you mean to pass `assign=True` to assign items in the state dictionary to their corresponding key in the module instead of copying them in place?)
  warnings.warn(
/opt/conda/envs/diffsensei/lib/python3.11/site-packages/torch/nn/modules/module.py:2400: UserWarning: for layer3.3.conv1.weight: copying from a non-meta parameter in the checkpoint to a meta parameter in the current model, which is a no-op. (Did you mean to pass `assign=True` to assign items in the state dictionary to their corresponding key in the module instead of copying them in place?)
  warnings.warn(
/opt/conda/envs/diffsensei/lib/python3.11/site-packages/torch/nn/modules/module.py:2400: UserWarning: for layer2.2.bn3.weight: copying from a non-meta parameter in the checkpoint to a meta parameter in the current model, which is a no-op. (Did you mean to pass `assign=True` to assign items in the state dictionary to their corresponding key in the module instead of copying them in place?)
  warnings.warn(
/opt/conda/envs/diffsensei/lib/python3.11/site-packages/torch/nn/modules/module.py:2400: UserWarning: for layer3.2.bn3.weight: copying from a non-meta parameter in the checkpoint to a meta parameter in the current model, which is a no-op. (Did you mean to pass `assign=True` to assign items in the state dictionary to their corresponding key in the module instead of copying them in place?)
  warnings.warn(
/opt/conda/envs/diffsensei/lib/python3.11/site-packages/torch/nn/modules/module.py:2400: UserWarning: for layer3.3.bn1.weight: copying from a non-meta parameter in the checkpoint to a meta parameter in the current model, which is a no-op. (Did you mean to pass `assign=True` to assign items in the state dictionary to their corresponding key in the module instead of copying them in place?)
  warnings.warn(
/opt/conda/envs/diffsensei/lib/python3.11/site-packages/torch/nn/modules/module.py:2400: UserWarning: for layer3.3.bn1.weight: copying from a non-meta parameter in the checkpoint to a meta parameter in the current model, which is a no-op. (Did you mean to pass `assign=True` to assign items in the state dictionary to their corresponding key in the module instead of copying them in place?)
  warnings.warn(
/opt/conda/envs/diffsensei/lib/python3.11/site-packages/torch/nn/modules/module.py:2400: UserWarning: for layer2.2.bn3.bias: copying from a non-meta parameter in the checkpoint to a meta parameter in the current model, which is a no-op. (Did you mean to pass `assign=True` to assign items in the state dictionary to their corresponding key in the module instead of copying them in place?)
  warnings.warn(
/opt/conda/envs/diffsensei/lib/python3.11/site-packages/torch/nn/modules/module.py:2400: UserWarning: for layer3.2.bn3.bias: copying from a non-meta parameter in the checkpoint to a meta parameter in the current model, which is a no-op. (Did you mean to pass `assign=True` to assign items in the state dictionary to their corresponding key in the module instead of copying them in place?)
  warnings.warn(
/opt/conda/envs/diffsensei/lib/python3.11/site-packages/torch/nn/modules/module.py:2400: UserWarning: for layer3.3.bn1.bias: copying from a non-meta parameter in the checkpoint to a meta parameter in the current model, which is a no-op. (Did you mean to pass `assign=True` to assign items in the state dictionary to their corresponding key in the module instead of copying them in place?)
  warnings.warn(
/opt/conda/envs/diffsensei/lib/python3.11/site-packages/torch/nn/modules/module.py:2400: UserWarning: for layer3.3.bn1.bias: copying from a non-meta parameter in the checkpoint to a meta parameter in the current model, which is a no-op. (Did you mean to pass `assign=True` to assign items in the state dictionary to their corresponding key in the module instead of copying them in place?)
  warnings.warn(
/opt/conda/envs/diffsensei/lib/python3.11/site-packages/torch/nn/modules/module.py:2400: UserWarning: for layer3.3.conv2.weight: copying from a non-meta parameter in the checkpoint to a meta parameter in the current model, which is a no-op. (Did you mean to pass `assign=True` to assign items in the state dictionary to their corresponding key in the module instead of copying them in place?)
  warnings.warn(
/opt/conda/envs/diffsensei/lib/python3.11/site-packages/torch/nn/modules/module.py:2400: UserWarning: for layer3.3.conv2.weight: copying from a non-meta parameter in the checkpoint to a meta parameter in the current model, which is a no-op. (Did you mean to pass `assign=True` to assign items in the state dictionary to their corresponding key in the module instead of copying them in place?)
  warnings.warn(
/opt/conda/envs/diffsensei/lib/python3.11/site-packages/torch/nn/modules/module.py:2400: UserWarning: for layer2.3.conv1.weight: copying from a non-meta parameter in the checkpoint to a meta parameter in the current model, which is a no-op. (Did you mean to pass `assign=True` to assign items in the state dictionary to their corresponding key in the module instead of copying them in place?)
  warnings.warn(
/opt/conda/envs/diffsensei/lib/python3.11/site-packages/torch/nn/modules/module.py:2400: UserWarning: for layer3.3.conv1.weight: copying from a non-meta parameter in the checkpoint to a meta parameter in the current model, which is a no-op. (Did you mean to pass `assign=True` to assign items in the state dictionary to their corresponding key in the module instead of copying them in place?)
  warnings.warn(
/opt/conda/envs/diffsensei/lib/python3.11/site-packages/torch/nn/modules/module.py:2400: UserWarning: for layer3.3.bn2.weight: copying from a non-meta parameter in the checkpoint to a meta parameter in the current model, which is a no-op. (Did you mean to pass `assign=True` to assign items in the state dictionary to their corresponding key in the module instead of copying them in place?)
  warnings.warn(
/opt/conda/envs/diffsensei/lib/python3.11/site-packages/torch/nn/modules/module.py:2400: UserWarning: for layer3.3.bn2.weight: copying from a non-meta parameter in the checkpoint to a meta parameter in the current model, which is a no-op. (Did you mean to pass `assign=True` to assign items in the state dictionary to their corresponding key in the module instead of copying them in place?)
  warnings.warn(
/opt/conda/envs/diffsensei/lib/python3.11/site-packages/torch/nn/modules/module.py:2400: UserWarning: for layer2.3.bn1.weight: copying from a non-meta parameter in the checkpoint to a meta parameter in the current model, which is a no-op. (Did you mean to pass `assign=True` to assign items in the state dictionary to their corresponding key in the module instead of copying them in place?)
  warnings.warn(
/opt/conda/envs/diffsensei/lib/python3.11/site-packages/torch/nn/modules/module.py:2400: UserWarning: for layer3.3.bn1.weight: copying from a non-meta parameter in the checkpoint to a meta parameter in the current model, which is a no-op. (Did you mean to pass `assign=True` to assign items in the state dictionary to their corresponding key in the module instead of copying them in place?)
  warnings.warn(
/opt/conda/envs/diffsensei/lib/python3.11/site-packages/torch/nn/modules/module.py:2400: UserWarning: for layer3.3.bn2.bias: copying from a non-meta parameter in the checkpoint to a meta parameter in the current model, which is a no-op. (Did you mean to pass `assign=True` to assign items in the state dictionary to their corresponding key in the module instead of copying them in place?)
  warnings.warn(
/opt/conda/envs/diffsensei/lib/python3.11/site-packages/torch/nn/modules/module.py:2400: UserWarning: for layer2.3.bn1.bias: copying from a non-meta parameter in the checkpoint to a meta parameter in the current model, which is a no-op. (Did you mean to pass `assign=True` to assign items in the state dictionary to their corresponding key in the module instead of copying them in place?)
  warnings.warn(
/opt/conda/envs/diffsensei/lib/python3.11/site-packages/torch/nn/modules/module.py:2400: UserWarning: for layer3.3.bn2.bias: copying from a non-meta parameter in the checkpoint to a meta parameter in the current model, which is a no-op. (Did you mean to pass `assign=True` to assign items in the state dictionary to their corresponding key in the module instead of copying them in place?)
  warnings.warn(
/opt/conda/envs/diffsensei/lib/python3.11/site-packages/torch/nn/modules/module.py:2400: UserWarning: for layer3.3.bn1.bias: copying from a non-meta parameter in the checkpoint to a meta parameter in the current model, which is a no-op. (Did you mean to pass `assign=True` to assign items in the state dictionary to their corresponding key in the module instead of copying them in place?)
  warnings.warn(
/opt/conda/envs/diffsensei/lib/python3.11/site-packages/torch/nn/modules/module.py:2400: UserWarning: for layer2.3.conv2.weight: copying from a non-meta parameter in the checkpoint to a meta parameter in the current model, which is a no-op. (Did you mean to pass `assign=True` to assign items in the state dictionary to their corresponding key in the module instead of copying them in place?)
  warnings.warn(
/opt/conda/envs/diffsensei/lib/python3.11/site-packages/torch/nn/modules/module.py:2400: UserWarning: for layer3.3.conv2.weight: copying from a non-meta parameter in the checkpoint to a meta parameter in the current model, which is a no-op. (Did you mean to pass `assign=True` to assign items in the state dictionary to their corresponding key in the module instead of copying them in place?)
  warnings.warn(
/opt/conda/envs/diffsensei/lib/python3.11/site-packages/torch/nn/modules/module.py:2400: UserWarning: for layer3.3.conv3.weight: copying from a non-meta parameter in the checkpoint to a meta parameter in the current model, which is a no-op. (Did you mean to pass `assign=True` to assign items in the state dictionary to their corresponding key in the module instead of copying them in place?)
  warnings.warn(
/opt/conda/envs/diffsensei/lib/python3.11/site-packages/torch/nn/modules/module.py:2400: UserWarning: for layer3.3.conv3.weight: copying from a non-meta parameter in the checkpoint to a meta parameter in the current model, which is a no-op. (Did you mean to pass `assign=True` to assign items in the state dictionary to their corresponding key in the module instead of copying them in place?)
  warnings.warn(
/opt/conda/envs/diffsensei/lib/python3.11/site-packages/torch/nn/modules/module.py:2400: UserWarning: for layer2.3.bn2.weight: copying from a non-meta parameter in the checkpoint to a meta parameter in the current model, which is a no-op. (Did you mean to pass `assign=True` to assign items in the state dictionary to their corresponding key in the module instead of copying them in place?)
  warnings.warn(
/opt/conda/envs/diffsensei/lib/python3.11/site-packages/torch/nn/modules/module.py:2400: UserWarning: for layer3.3.bn2.weight: copying from a non-meta parameter in the checkpoint to a meta parameter in the current model, which is a no-op. (Did you mean to pass `assign=True` to assign items in the state dictionary to their corresponding key in the module instead of copying them in place?)
  warnings.warn(
/opt/conda/envs/diffsensei/lib/python3.11/site-packages/torch/nn/modules/module.py:2400: UserWarning: for layer3.3.bn3.weight: copying from a non-meta parameter in the checkpoint to a meta parameter in the current model, which is a no-op. (Did you mean to pass `assign=True` to assign items in the state dictionary to their corresponding key in the module instead of copying them in place?)
  warnings.warn(
/opt/conda/envs/diffsensei/lib/python3.11/site-packages/torch/nn/modules/module.py:2400: UserWarning: for layer2.3.bn2.bias: copying from a non-meta parameter in the checkpoint to a meta parameter in the current model, which is a no-op. (Did you mean to pass `assign=True` to assign items in the state dictionary to their corresponding key in the module instead of copying them in place?)
  warnings.warn(
/opt/conda/envs/diffsensei/lib/python3.11/site-packages/torch/nn/modules/module.py:2400: UserWarning: for layer3.3.bn3.weight: copying from a non-meta parameter in the checkpoint to a meta parameter in the current model, which is a no-op. (Did you mean to pass `assign=True` to assign items in the state dictionary to their corresponding key in the module instead of copying them in place?)
  warnings.warn(
/opt/conda/envs/diffsensei/lib/python3.11/site-packages/torch/nn/modules/module.py:2400: UserWarning: for layer3.3.bn2.bias: copying from a non-meta parameter in the checkpoint to a meta parameter in the current model, which is a no-op. (Did you mean to pass `assign=True` to assign items in the state dictionary to their corresponding key in the module instead of copying them in place?)
  warnings.warn(
/opt/conda/envs/diffsensei/lib/python3.11/site-packages/torch/nn/modules/module.py:2400: UserWarning: for layer3.3.bn3.bias: copying from a non-meta parameter in the checkpoint to a meta parameter in the current model, which is a no-op. (Did you mean to pass `assign=True` to assign items in the state dictionary to their corresponding key in the module instead of copying them in place?)
  warnings.warn(
/opt/conda/envs/diffsensei/lib/python3.11/site-packages/torch/nn/modules/module.py:2400: UserWarning: for layer3.3.bn3.bias: copying from a non-meta parameter in the checkpoint to a meta parameter in the current model, which is a no-op. (Did you mean to pass `assign=True` to assign items in the state dictionary to their corresponding key in the module instead of copying them in place?)
  warnings.warn(
/opt/conda/envs/diffsensei/lib/python3.11/site-packages/torch/nn/modules/module.py:2400: UserWarning: for layer2.3.conv3.weight: copying from a non-meta parameter in the checkpoint to a meta parameter in the current model, which is a no-op. (Did you mean to pass `assign=True` to assign items in the state dictionary to their corresponding key in the module instead of copying them in place?)
  warnings.warn(
/opt/conda/envs/diffsensei/lib/python3.11/site-packages/torch/nn/modules/module.py:2400: UserWarning: for layer3.3.conv3.weight: copying from a non-meta parameter in the checkpoint to a meta parameter in the current model, which is a no-op. (Did you mean to pass `assign=True` to assign items in the state dictionary to their corresponding key in the module instead of copying them in place?)
  warnings.warn(
/opt/conda/envs/diffsensei/lib/python3.11/site-packages/torch/nn/modules/module.py:2400: UserWarning: for layer3.4.conv1.weight: copying from a non-meta parameter in the checkpoint to a meta parameter in the current model, which is a no-op. (Did you mean to pass `assign=True` to assign items in the state dictionary to their corresponding key in the module instead of copying them in place?)
  warnings.warn(
/opt/conda/envs/diffsensei/lib/python3.11/site-packages/torch/nn/modules/module.py:2400: UserWarning: for layer3.4.conv1.weight: copying from a non-meta parameter in the checkpoint to a meta parameter in the current model, which is a no-op. (Did you mean to pass `assign=True` to assign items in the state dictionary to their corresponding key in the module instead of copying them in place?)
  warnings.warn(
/opt/conda/envs/diffsensei/lib/python3.11/site-packages/torch/nn/modules/module.py:2400: UserWarning: for layer2.3.bn3.weight: copying from a non-meta parameter in the checkpoint to a meta parameter in the current model, which is a no-op. (Did you mean to pass `assign=True` to assign items in the state dictionary to their corresponding key in the module instead of copying them in place?)
  warnings.warn(
/opt/conda/envs/diffsensei/lib/python3.11/site-packages/torch/nn/modules/module.py:2400: UserWarning: for layer3.3.bn3.weight: copying from a non-meta parameter in the checkpoint to a meta parameter in the current model, which is a no-op. (Did you mean to pass `assign=True` to assign items in the state dictionary to their corresponding key in the module instead of copying them in place?)
  warnings.warn(
/opt/conda/envs/diffsensei/lib/python3.11/site-packages/torch/nn/modules/module.py:2400: UserWarning: for layer3.4.bn1.weight: copying from a non-meta parameter in the checkpoint to a meta parameter in the current model, which is a no-op. (Did you mean to pass `assign=True` to assign items in the state dictionary to their corresponding key in the module instead of copying them in place?)
  warnings.warn(
/opt/conda/envs/diffsensei/lib/python3.11/site-packages/torch/nn/modules/module.py:2400: UserWarning: for layer3.4.bn1.weight: copying from a non-meta parameter in the checkpoint to a meta parameter in the current model, which is a no-op. (Did you mean to pass `assign=True` to assign items in the state dictionary to their corresponding key in the module instead of copying them in place?)
  warnings.warn(
/opt/conda/envs/diffsensei/lib/python3.11/site-packages/torch/nn/modules/module.py:2400: UserWarning: for layer2.3.bn3.bias: copying from a non-meta parameter in the checkpoint to a meta parameter in the current model, which is a no-op. (Did you mean to pass `assign=True` to assign items in the state dictionary to their corresponding key in the module instead of copying them in place?)
  warnings.warn(
/opt/conda/envs/diffsensei/lib/python3.11/site-packages/torch/nn/modules/module.py:2400: UserWarning: for layer3.3.bn3.bias: copying from a non-meta parameter in the checkpoint to a meta parameter in the current model, which is a no-op. (Did you mean to pass `assign=True` to assign items in the state dictionary to their corresponding key in the module instead of copying them in place?)
  warnings.warn(
/opt/conda/envs/diffsensei/lib/python3.11/site-packages/torch/nn/modules/module.py:2400: UserWarning: for layer3.4.bn1.bias: copying from a non-meta parameter in the checkpoint to a meta parameter in the current model, which is a no-op. (Did you mean to pass `assign=True` to assign items in the state dictionary to their corresponding key in the module instead of copying them in place?)
  warnings.warn(
/opt/conda/envs/diffsensei/lib/python3.11/site-packages/torch/nn/modules/module.py:2400: UserWarning: for layer3.4.bn1.bias: copying from a non-meta parameter in the checkpoint to a meta parameter in the current model, which is a no-op. (Did you mean to pass `assign=True` to assign items in the state dictionary to their corresponding key in the module instead of copying them in place?)
  warnings.warn(
/opt/conda/envs/diffsensei/lib/python3.11/site-packages/torch/nn/modules/module.py:2400: UserWarning: for layer3.4.conv2.weight: copying from a non-meta parameter in the checkpoint to a meta parameter in the current model, which is a no-op. (Did you mean to pass `assign=True` to assign items in the state dictionary to their corresponding key in the module instead of copying them in place?)
  warnings.warn(
/opt/conda/envs/diffsensei/lib/python3.11/site-packages/torch/nn/modules/module.py:2400: UserWarning: for layer3.4.conv2.weight: copying from a non-meta parameter in the checkpoint to a meta parameter in the current model, which is a no-op. (Did you mean to pass `assign=True` to assign items in the state dictionary to their corresponding key in the module instead of copying them in place?)
  warnings.warn(
/opt/conda/envs/diffsensei/lib/python3.11/site-packages/torch/nn/modules/module.py:2400: UserWarning: for layer3.4.conv1.weight: copying from a non-meta parameter in the checkpoint to a meta parameter in the current model, which is a no-op. (Did you mean to pass `assign=True` to assign items in the state dictionary to their corresponding key in the module instead of copying them in place?)
  warnings.warn(
/opt/conda/envs/diffsensei/lib/python3.11/site-packages/torch/nn/modules/module.py:2400: UserWarning: for layer3.4.bn2.weight: copying from a non-meta parameter in the checkpoint to a meta parameter in the current model, which is a no-op. (Did you mean to pass `assign=True` to assign items in the state dictionary to their corresponding key in the module instead of copying them in place?)
  warnings.warn(
/opt/conda/envs/diffsensei/lib/python3.11/site-packages/torch/nn/modules/module.py:2400: UserWarning: for layer3.4.bn2.weight: copying from a non-meta parameter in the checkpoint to a meta parameter in the current model, which is a no-op. (Did you mean to pass `assign=True` to assign items in the state dictionary to their corresponding key in the module instead of copying them in place?)
  warnings.warn(
/opt/conda/envs/diffsensei/lib/python3.11/site-packages/torch/nn/modules/module.py:2400: UserWarning: for layer3.4.bn1.weight: copying from a non-meta parameter in the checkpoint to a meta parameter in the current model, which is a no-op. (Did you mean to pass `assign=True` to assign items in the state dictionary to their corresponding key in the module instead of copying them in place?)
  warnings.warn(
/opt/conda/envs/diffsensei/lib/python3.11/site-packages/torch/nn/modules/module.py:2400: UserWarning: for layer3.4.bn2.bias: copying from a non-meta parameter in the checkpoint to a meta parameter in the current model, which is a no-op. (Did you mean to pass `assign=True` to assign items in the state dictionary to their corresponding key in the module instead of copying them in place?)
  warnings.warn(
/opt/conda/envs/diffsensei/lib/python3.11/site-packages/torch/nn/modules/module.py:2400: UserWarning: for layer3.4.bn1.bias: copying from a non-meta parameter in the checkpoint to a meta parameter in the current model, which is a no-op. (Did you mean to pass `assign=True` to assign items in the state dictionary to their corresponding key in the module instead of copying them in place?)
  warnings.warn(
/opt/conda/envs/diffsensei/lib/python3.11/site-packages/torch/nn/modules/module.py:2400: UserWarning: for layer3.4.bn2.bias: copying from a non-meta parameter in the checkpoint to a meta parameter in the current model, which is a no-op. (Did you mean to pass `assign=True` to assign items in the state dictionary to their corresponding key in the module instead of copying them in place?)
  warnings.warn(
/opt/conda/envs/diffsensei/lib/python3.11/site-packages/torch/nn/modules/module.py:2400: UserWarning: for layer3.0.conv1.weight: copying from a non-meta parameter in the checkpoint to a meta parameter in the current model, which is a no-op. (Did you mean to pass `assign=True` to assign items in the state dictionary to their corresponding key in the module instead of copying them in place?)
  warnings.warn(
/opt/conda/envs/diffsensei/lib/python3.11/site-packages/torch/nn/modules/module.py:2400: UserWarning: for layer3.0.bn1.weight: copying from a non-meta parameter in the checkpoint to a meta parameter in the current model, which is a no-op. (Did you mean to pass `assign=True` to assign items in the state dictionary to their corresponding key in the module instead of copying them in place?)
  warnings.warn(
/opt/conda/envs/diffsensei/lib/python3.11/site-packages/torch/nn/modules/module.py:2400: UserWarning: for layer3.4.conv2.weight: copying from a non-meta parameter in the checkpoint to a meta parameter in the current model, which is a no-op. (Did you mean to pass `assign=True` to assign items in the state dictionary to their corresponding key in the module instead of copying them in place?)
  warnings.warn(
/opt/conda/envs/diffsensei/lib/python3.11/site-packages/torch/nn/modules/module.py:2400: UserWarning: for layer3.4.conv3.weight: copying from a non-meta parameter in the checkpoint to a meta parameter in the current model, which is a no-op. (Did you mean to pass `assign=True` to assign items in the state dictionary to their corresponding key in the module instead of copying them in place?)
  warnings.warn(
/opt/conda/envs/diffsensei/lib/python3.11/site-packages/torch/nn/modules/module.py:2400: UserWarning: for layer3.4.conv3.weight: copying from a non-meta parameter in the checkpoint to a meta parameter in the current model, which is a no-op. (Did you mean to pass `assign=True` to assign items in the state dictionary to their corresponding key in the module instead of copying them in place?)
  warnings.warn(
/opt/conda/envs/diffsensei/lib/python3.11/site-packages/torch/nn/modules/module.py:2400: UserWarning: for layer3.0.bn1.bias: copying from a non-meta parameter in the checkpoint to a meta parameter in the current model, which is a no-op. (Did you mean to pass `assign=True` to assign items in the state dictionary to their corresponding key in the module instead of copying them in place?)
  warnings.warn(
/opt/conda/envs/diffsensei/lib/python3.11/site-packages/torch/nn/modules/module.py:2400: UserWarning: for layer3.4.bn2.weight: copying from a non-meta parameter in the checkpoint to a meta parameter in the current model, which is a no-op. (Did you mean to pass `assign=True` to assign items in the state dictionary to their corresponding key in the module instead of copying them in place?)
  warnings.warn(
/opt/conda/envs/diffsensei/lib/python3.11/site-packages/torch/nn/modules/module.py:2400: UserWarning: for layer3.4.bn3.weight: copying from a non-meta parameter in the checkpoint to a meta parameter in the current model, which is a no-op. (Did you mean to pass `assign=True` to assign items in the state dictionary to their corresponding key in the module instead of copying them in place?)
  warnings.warn(
/opt/conda/envs/diffsensei/lib/python3.11/site-packages/torch/nn/modules/module.py:2400: UserWarning: for layer3.4.bn3.weight: copying from a non-meta parameter in the checkpoint to a meta parameter in the current model, which is a no-op. (Did you mean to pass `assign=True` to assign items in the state dictionary to their corresponding key in the module instead of copying them in place?)
  warnings.warn(
/opt/conda/envs/diffsensei/lib/python3.11/site-packages/torch/nn/modules/module.py:2400: UserWarning: for layer3.4.bn2.bias: copying from a non-meta parameter in the checkpoint to a meta parameter in the current model, which is a no-op. (Did you mean to pass `assign=True` to assign items in the state dictionary to their corresponding key in the module instead of copying them in place?)
  warnings.warn(
/opt/conda/envs/diffsensei/lib/python3.11/site-packages/torch/nn/modules/module.py:2400: UserWarning: for layer3.4.bn3.bias: copying from a non-meta parameter in the checkpoint to a meta parameter in the current model, which is a no-op. (Did you mean to pass `assign=True` to assign items in the state dictionary to their corresponding key in the module instead of copying them in place?)
  warnings.warn(
/opt/conda/envs/diffsensei/lib/python3.11/site-packages/torch/nn/modules/module.py:2400: UserWarning: for layer3.4.bn3.bias: copying from a non-meta parameter in the checkpoint to a meta parameter in the current model, which is a no-op. (Did you mean to pass `assign=True` to assign items in the state dictionary to their corresponding key in the module instead of copying them in place?)
  warnings.warn(
/opt/conda/envs/diffsensei/lib/python3.11/site-packages/torch/nn/modules/module.py:2400: UserWarning: for layer3.0.conv2.weight: copying from a non-meta parameter in the checkpoint to a meta parameter in the current model, which is a no-op. (Did you mean to pass `assign=True` to assign items in the state dictionary to their corresponding key in the module instead of copying them in place?)
  warnings.warn(
/opt/conda/envs/diffsensei/lib/python3.11/site-packages/torch/nn/modules/module.py:2400: UserWarning: for layer3.4.conv3.weight: copying from a non-meta parameter in the checkpoint to a meta parameter in the current model, which is a no-op. (Did you mean to pass `assign=True` to assign items in the state dictionary to their corresponding key in the module instead of copying them in place?)
  warnings.warn(
/opt/conda/envs/diffsensei/lib/python3.11/site-packages/torch/nn/modules/module.py:2400: UserWarning: for layer3.0.bn2.weight: copying from a non-meta parameter in the checkpoint to a meta parameter in the current model, which is a no-op. (Did you mean to pass `assign=True` to assign items in the state dictionary to their corresponding key in the module instead of copying them in place?)
  warnings.warn(
/opt/conda/envs/diffsensei/lib/python3.11/site-packages/torch/nn/modules/module.py:2400: UserWarning: for layer3.4.bn3.weight: copying from a non-meta parameter in the checkpoint to a meta parameter in the current model, which is a no-op. (Did you mean to pass `assign=True` to assign items in the state dictionary to their corresponding key in the module instead of copying them in place?)
  warnings.warn(
/opt/conda/envs/diffsensei/lib/python3.11/site-packages/torch/nn/modules/module.py:2400: UserWarning: for layer3.0.bn2.bias: copying from a non-meta parameter in the checkpoint to a meta parameter in the current model, which is a no-op. (Did you mean to pass `assign=True` to assign items in the state dictionary to their corresponding key in the module instead of copying them in place?)
  warnings.warn(
/opt/conda/envs/diffsensei/lib/python3.11/site-packages/torch/nn/modules/module.py:2400: UserWarning: for layer3.4.bn3.bias: copying from a non-meta parameter in the checkpoint to a meta parameter in the current model, which is a no-op. (Did you mean to pass `assign=True` to assign items in the state dictionary to their corresponding key in the module instead of copying them in place?)
  warnings.warn(
/opt/conda/envs/diffsensei/lib/python3.11/site-packages/torch/nn/modules/module.py:2400: UserWarning: for layer3.5.conv1.weight: copying from a non-meta parameter in the checkpoint to a meta parameter in the current model, which is a no-op. (Did you mean to pass `assign=True` to assign items in the state dictionary to their corresponding key in the module instead of copying them in place?)
  warnings.warn(
/opt/conda/envs/diffsensei/lib/python3.11/site-packages/torch/nn/modules/module.py:2400: UserWarning: for layer3.5.conv1.weight: copying from a non-meta parameter in the checkpoint to a meta parameter in the current model, which is a no-op. (Did you mean to pass `assign=True` to assign items in the state dictionary to their corresponding key in the module instead of copying them in place?)
  warnings.warn(
/opt/conda/envs/diffsensei/lib/python3.11/site-packages/torch/nn/modules/module.py:2400: UserWarning: for layer3.0.conv3.weight: copying from a non-meta parameter in the checkpoint to a meta parameter in the current model, which is a no-op. (Did you mean to pass `assign=True` to assign items in the state dictionary to their corresponding key in the module instead of copying them in place?)
  warnings.warn(
/opt/conda/envs/diffsensei/lib/python3.11/site-packages/torch/nn/modules/module.py:2400: UserWarning: for layer3.5.conv1.weight: copying from a non-meta parameter in the checkpoint to a meta parameter in the current model, which is a no-op. (Did you mean to pass `assign=True` to assign items in the state dictionary to their corresponding key in the module instead of copying them in place?)
  warnings.warn(
/opt/conda/envs/diffsensei/lib/python3.11/site-packages/torch/nn/modules/module.py:2400: UserWarning: for layer3.5.bn1.weight: copying from a non-meta parameter in the checkpoint to a meta parameter in the current model, which is a no-op. (Did you mean to pass `assign=True` to assign items in the state dictionary to their corresponding key in the module instead of copying them in place?)
  warnings.warn(
/opt/conda/envs/diffsensei/lib/python3.11/site-packages/torch/nn/modules/module.py:2400: UserWarning: for layer3.5.bn1.weight: copying from a non-meta parameter in the checkpoint to a meta parameter in the current model, which is a no-op. (Did you mean to pass `assign=True` to assign items in the state dictionary to their corresponding key in the module instead of copying them in place?)
  warnings.warn(
/opt/conda/envs/diffsensei/lib/python3.11/site-packages/torch/nn/modules/module.py:2400: UserWarning: for layer3.0.bn3.weight: copying from a non-meta parameter in the checkpoint to a meta parameter in the current model, which is a no-op. (Did you mean to pass `assign=True` to assign items in the state dictionary to their corresponding key in the module instead of copying them in place?)
  warnings.warn(
/opt/conda/envs/diffsensei/lib/python3.11/site-packages/torch/nn/modules/module.py:2400: UserWarning: for layer3.5.bn1.weight: copying from a non-meta parameter in the checkpoint to a meta parameter in the current model, which is a no-op. (Did you mean to pass `assign=True` to assign items in the state dictionary to their corresponding key in the module instead of copying them in place?)
  warnings.warn(
/opt/conda/envs/diffsensei/lib/python3.11/site-packages/torch/nn/modules/module.py:2400: UserWarning: for layer3.5.bn1.bias: copying from a non-meta parameter in the checkpoint to a meta parameter in the current model, which is a no-op. (Did you mean to pass `assign=True` to assign items in the state dictionary to their corresponding key in the module instead of copying them in place?)
  warnings.warn(
/opt/conda/envs/diffsensei/lib/python3.11/site-packages/torch/nn/modules/module.py:2400: UserWarning: for layer3.5.bn1.bias: copying from a non-meta parameter in the checkpoint to a meta parameter in the current model, which is a no-op. (Did you mean to pass `assign=True` to assign items in the state dictionary to their corresponding key in the module instead of copying them in place?)
  warnings.warn(
/opt/conda/envs/diffsensei/lib/python3.11/site-packages/torch/nn/modules/module.py:2400: UserWarning: for layer3.0.bn3.bias: copying from a non-meta parameter in the checkpoint to a meta parameter in the current model, which is a no-op. (Did you mean to pass `assign=True` to assign items in the state dictionary to their corresponding key in the module instead of copying them in place?)
  warnings.warn(
/opt/conda/envs/diffsensei/lib/python3.11/site-packages/torch/nn/modules/module.py:2400: UserWarning: for layer3.5.bn1.bias: copying from a non-meta parameter in the checkpoint to a meta parameter in the current model, which is a no-op. (Did you mean to pass `assign=True` to assign items in the state dictionary to their corresponding key in the module instead of copying them in place?)
  warnings.warn(
/opt/conda/envs/diffsensei/lib/python3.11/site-packages/torch/nn/modules/module.py:2400: UserWarning: for layer3.5.conv2.weight: copying from a non-meta parameter in the checkpoint to a meta parameter in the current model, which is a no-op. (Did you mean to pass `assign=True` to assign items in the state dictionary to their corresponding key in the module instead of copying them in place?)
  warnings.warn(
/opt/conda/envs/diffsensei/lib/python3.11/site-packages/torch/nn/modules/module.py:2400: UserWarning: for layer3.5.conv2.weight: copying from a non-meta parameter in the checkpoint to a meta parameter in the current model, which is a no-op. (Did you mean to pass `assign=True` to assign items in the state dictionary to their corresponding key in the module instead of copying them in place?)
  warnings.warn(
/opt/conda/envs/diffsensei/lib/python3.11/site-packages/torch/nn/modules/module.py:2400: UserWarning: for layer3.5.conv2.weight: copying from a non-meta parameter in the checkpoint to a meta parameter in the current model, which is a no-op. (Did you mean to pass `assign=True` to assign items in the state dictionary to their corresponding key in the module instead of copying them in place?)
  warnings.warn(
/opt/conda/envs/diffsensei/lib/python3.11/site-packages/torch/nn/modules/module.py:2400: UserWarning: for layer3.0.downsample.0.weight: copying from a non-meta parameter in the checkpoint to a meta parameter in the current model, which is a no-op. (Did you mean to pass `assign=True` to assign items in the state dictionary to their corresponding key in the module instead of copying them in place?)
  warnings.warn(
/opt/conda/envs/diffsensei/lib/python3.11/site-packages/torch/nn/modules/module.py:2400: UserWarning: for layer3.5.bn2.weight: copying from a non-meta parameter in the checkpoint to a meta parameter in the current model, which is a no-op. (Did you mean to pass `assign=True` to assign items in the state dictionary to their corresponding key in the module instead of copying them in place?)
  warnings.warn(
/opt/conda/envs/diffsensei/lib/python3.11/site-packages/torch/nn/modules/module.py:2400: UserWarning: for layer3.5.bn2.weight: copying from a non-meta parameter in the checkpoint to a meta parameter in the current model, which is a no-op. (Did you mean to pass `assign=True` to assign items in the state dictionary to their corresponding key in the module instead of copying them in place?)
  warnings.warn(
/opt/conda/envs/diffsensei/lib/python3.11/site-packages/torch/nn/modules/module.py:2400: UserWarning: for layer3.0.downsample.1.weight: copying from a non-meta parameter in the checkpoint to a meta parameter in the current model, which is a no-op. (Did you mean to pass `assign=True` to assign items in the state dictionary to their corresponding key in the module instead of copying them in place?)
  warnings.warn(
/opt/conda/envs/diffsensei/lib/python3.11/site-packages/torch/nn/modules/module.py:2400: UserWarning: for layer3.5.bn2.weight: copying from a non-meta parameter in the checkpoint to a meta parameter in the current model, which is a no-op. (Did you mean to pass `assign=True` to assign items in the state dictionary to their corresponding key in the module instead of copying them in place?)
  warnings.warn(
/opt/conda/envs/diffsensei/lib/python3.11/site-packages/torch/nn/modules/module.py:2400: UserWarning: for layer3.5.bn2.bias: copying from a non-meta parameter in the checkpoint to a meta parameter in the current model, which is a no-op. (Did you mean to pass `assign=True` to assign items in the state dictionary to their corresponding key in the module instead of copying them in place?)
  warnings.warn(
/opt/conda/envs/diffsensei/lib/python3.11/site-packages/torch/nn/modules/module.py:2400: UserWarning: for layer3.5.bn2.bias: copying from a non-meta parameter in the checkpoint to a meta parameter in the current model, which is a no-op. (Did you mean to pass `assign=True` to assign items in the state dictionary to their corresponding key in the module instead of copying them in place?)
  warnings.warn(
/opt/conda/envs/diffsensei/lib/python3.11/site-packages/torch/nn/modules/module.py:2400: UserWarning: for layer3.0.downsample.1.bias: copying from a non-meta parameter in the checkpoint to a meta parameter in the current model, which is a no-op. (Did you mean to pass `assign=True` to assign items in the state dictionary to their corresponding key in the module instead of copying them in place?)
  warnings.warn(
/opt/conda/envs/diffsensei/lib/python3.11/site-packages/torch/nn/modules/module.py:2400: UserWarning: for layer3.5.bn2.bias: copying from a non-meta parameter in the checkpoint to a meta parameter in the current model, which is a no-op. (Did you mean to pass `assign=True` to assign items in the state dictionary to their corresponding key in the module instead of copying them in place?)
  warnings.warn(
/opt/conda/envs/diffsensei/lib/python3.11/site-packages/torch/nn/modules/module.py:2400: UserWarning: for layer3.5.conv3.weight: copying from a non-meta parameter in the checkpoint to a meta parameter in the current model, which is a no-op. (Did you mean to pass `assign=True` to assign items in the state dictionary to their corresponding key in the module instead of copying them in place?)
  warnings.warn(
/opt/conda/envs/diffsensei/lib/python3.11/site-packages/torch/nn/modules/module.py:2400: UserWarning: for layer3.5.conv3.weight: copying from a non-meta parameter in the checkpoint to a meta parameter in the current model, which is a no-op. (Did you mean to pass `assign=True` to assign items in the state dictionary to their corresponding key in the module instead of copying them in place?)
  warnings.warn(
/opt/conda/envs/diffsensei/lib/python3.11/site-packages/torch/nn/modules/module.py:2400: UserWarning: for layer3.5.conv3.weight: copying from a non-meta parameter in the checkpoint to a meta parameter in the current model, which is a no-op. (Did you mean to pass `assign=True` to assign items in the state dictionary to their corresponding key in the module instead of copying them in place?)
  warnings.warn(
/opt/conda/envs/diffsensei/lib/python3.11/site-packages/torch/nn/modules/module.py:2400: UserWarning: for layer3.5.bn3.weight: copying from a non-meta parameter in the checkpoint to a meta parameter in the current model, which is a no-op. (Did you mean to pass `assign=True` to assign items in the state dictionary to their corresponding key in the module instead of copying them in place?)
  warnings.warn(
/opt/conda/envs/diffsensei/lib/python3.11/site-packages/torch/nn/modules/module.py:2400: UserWarning: for layer3.1.conv1.weight: copying from a non-meta parameter in the checkpoint to a meta parameter in the current model, which is a no-op. (Did you mean to pass `assign=True` to assign items in the state dictionary to their corresponding key in the module instead of copying them in place?)
  warnings.warn(
/opt/conda/envs/diffsensei/lib/python3.11/site-packages/torch/nn/modules/module.py:2400: UserWarning: for layer3.5.bn3.weight: copying from a non-meta parameter in the checkpoint to a meta parameter in the current model, which is a no-op. (Did you mean to pass `assign=True` to assign items in the state dictionary to their corresponding key in the module instead of copying them in place?)
  warnings.warn(
/opt/conda/envs/diffsensei/lib/python3.11/site-packages/torch/nn/modules/module.py:2400: UserWarning: for layer3.5.bn3.weight: copying from a non-meta parameter in the checkpoint to a meta parameter in the current model, which is a no-op. (Did you mean to pass `assign=True` to assign items in the state dictionary to their corresponding key in the module instead of copying them in place?)
  warnings.warn(
/opt/conda/envs/diffsensei/lib/python3.11/site-packages/torch/nn/modules/module.py:2400: UserWarning: for layer3.5.bn3.bias: copying from a non-meta parameter in the checkpoint to a meta parameter in the current model, which is a no-op. (Did you mean to pass `assign=True` to assign items in the state dictionary to their corresponding key in the module instead of copying them in place?)
  warnings.warn(
/opt/conda/envs/diffsensei/lib/python3.11/site-packages/torch/nn/modules/module.py:2400: UserWarning: for layer3.5.bn3.bias: copying from a non-meta parameter in the checkpoint to a meta parameter in the current model, which is a no-op. (Did you mean to pass `assign=True` to assign items in the state dictionary to their corresponding key in the module instead of copying them in place?)
  warnings.warn(
/opt/conda/envs/diffsensei/lib/python3.11/site-packages/torch/nn/modules/module.py:2400: UserWarning: for layer3.5.bn3.bias: copying from a non-meta parameter in the checkpoint to a meta parameter in the current model, which is a no-op. (Did you mean to pass `assign=True` to assign items in the state dictionary to their corresponding key in the module instead of copying them in place?)
  warnings.warn(
/opt/conda/envs/diffsensei/lib/python3.11/site-packages/torch/nn/modules/module.py:2400: UserWarning: for layer3.1.bn1.weight: copying from a non-meta parameter in the checkpoint to a meta parameter in the current model, which is a no-op. (Did you mean to pass `assign=True` to assign items in the state dictionary to their corresponding key in the module instead of copying them in place?)
  warnings.warn(
/opt/conda/envs/diffsensei/lib/python3.11/site-packages/torch/nn/modules/module.py:2400: UserWarning: for layer3.1.bn1.bias: copying from a non-meta parameter in the checkpoint to a meta parameter in the current model, which is a no-op. (Did you mean to pass `assign=True` to assign items in the state dictionary to their corresponding key in the module instead of copying them in place?)
  warnings.warn(
/opt/conda/envs/diffsensei/lib/python3.11/site-packages/torch/nn/modules/module.py:2400: UserWarning: for layer4.0.conv1.weight: copying from a non-meta parameter in the checkpoint to a meta parameter in the current model, which is a no-op. (Did you mean to pass `assign=True` to assign items in the state dictionary to their corresponding key in the module instead of copying them in place?)
  warnings.warn(
/opt/conda/envs/diffsensei/lib/python3.11/site-packages/torch/nn/modules/module.py:2400: UserWarning: for layer3.1.conv2.weight: copying from a non-meta parameter in the checkpoint to a meta parameter in the current model, which is a no-op. (Did you mean to pass `assign=True` to assign items in the state dictionary to their corresponding key in the module instead of copying them in place?)
  warnings.warn(
/opt/conda/envs/diffsensei/lib/python3.11/site-packages/torch/nn/modules/module.py:2400: UserWarning: for layer4.0.conv1.weight: copying from a non-meta parameter in the checkpoint to a meta parameter in the current model, which is a no-op. (Did you mean to pass `assign=True` to assign items in the state dictionary to their corresponding key in the module instead of copying them in place?)
  warnings.warn(
/opt/conda/envs/diffsensei/lib/python3.11/site-packages/torch/nn/modules/module.py:2400: UserWarning: for layer4.0.conv1.weight: copying from a non-meta parameter in the checkpoint to a meta parameter in the current model, which is a no-op. (Did you mean to pass `assign=True` to assign items in the state dictionary to their corresponding key in the module instead of copying them in place?)
  warnings.warn(
/opt/conda/envs/diffsensei/lib/python3.11/site-packages/torch/nn/modules/module.py:2400: UserWarning: for layer4.0.bn1.weight: copying from a non-meta parameter in the checkpoint to a meta parameter in the current model, which is a no-op. (Did you mean to pass `assign=True` to assign items in the state dictionary to their corresponding key in the module instead of copying them in place?)
  warnings.warn(
/opt/conda/envs/diffsensei/lib/python3.11/site-packages/torch/nn/modules/module.py:2400: UserWarning: for layer3.1.bn2.weight: copying from a non-meta parameter in the checkpoint to a meta parameter in the current model, which is a no-op. (Did you mean to pass `assign=True` to assign items in the state dictionary to their corresponding key in the module instead of copying them in place?)
  warnings.warn(
/opt/conda/envs/diffsensei/lib/python3.11/site-packages/torch/nn/modules/module.py:2400: UserWarning: for layer4.0.bn1.weight: copying from a non-meta parameter in the checkpoint to a meta parameter in the current model, which is a no-op. (Did you mean to pass `assign=True` to assign items in the state dictionary to their corresponding key in the module instead of copying them in place?)
  warnings.warn(
/opt/conda/envs/diffsensei/lib/python3.11/site-packages/torch/nn/modules/module.py:2400: UserWarning: for layer4.0.bn1.weight: copying from a non-meta parameter in the checkpoint to a meta parameter in the current model, which is a no-op. (Did you mean to pass `assign=True` to assign items in the state dictionary to their corresponding key in the module instead of copying them in place?)
  warnings.warn(
/opt/conda/envs/diffsensei/lib/python3.11/site-packages/torch/nn/modules/module.py:2400: UserWarning: for layer4.0.bn1.bias: copying from a non-meta parameter in the checkpoint to a meta parameter in the current model, which is a no-op. (Did you mean to pass `assign=True` to assign items in the state dictionary to their corresponding key in the module instead of copying them in place?)
  warnings.warn(
/opt/conda/envs/diffsensei/lib/python3.11/site-packages/torch/nn/modules/module.py:2400: UserWarning: for layer3.1.bn2.bias: copying from a non-meta parameter in the checkpoint to a meta parameter in the current model, which is a no-op. (Did you mean to pass `assign=True` to assign items in the state dictionary to their corresponding key in the module instead of copying them in place?)
  warnings.warn(
/opt/conda/envs/diffsensei/lib/python3.11/site-packages/torch/nn/modules/module.py:2400: UserWarning: for layer4.0.bn1.bias: copying from a non-meta parameter in the checkpoint to a meta parameter in the current model, which is a no-op. (Did you mean to pass `assign=True` to assign items in the state dictionary to their corresponding key in the module instead of copying them in place?)
  warnings.warn(
/opt/conda/envs/diffsensei/lib/python3.11/site-packages/torch/nn/modules/module.py:2400: UserWarning: for layer4.0.bn1.bias: copying from a non-meta parameter in the checkpoint to a meta parameter in the current model, which is a no-op. (Did you mean to pass `assign=True` to assign items in the state dictionary to their corresponding key in the module instead of copying them in place?)
  warnings.warn(
/opt/conda/envs/diffsensei/lib/python3.11/site-packages/torch/nn/modules/module.py:2400: UserWarning: for layer4.0.conv2.weight: copying from a non-meta parameter in the checkpoint to a meta parameter in the current model, which is a no-op. (Did you mean to pass `assign=True` to assign items in the state dictionary to their corresponding key in the module instead of copying them in place?)
  warnings.warn(
/opt/conda/envs/diffsensei/lib/python3.11/site-packages/torch/nn/modules/module.py:2400: UserWarning: for layer4.0.conv2.weight: copying from a non-meta parameter in the checkpoint to a meta parameter in the current model, which is a no-op. (Did you mean to pass `assign=True` to assign items in the state dictionary to their corresponding key in the module instead of copying them in place?)
  warnings.warn(
/opt/conda/envs/diffsensei/lib/python3.11/site-packages/torch/nn/modules/module.py:2400: UserWarning: for layer3.1.conv3.weight: copying from a non-meta parameter in the checkpoint to a meta parameter in the current model, which is a no-op. (Did you mean to pass `assign=True` to assign items in the state dictionary to their corresponding key in the module instead of copying them in place?)
  warnings.warn(
/opt/conda/envs/diffsensei/lib/python3.11/site-packages/torch/nn/modules/module.py:2400: UserWarning: for layer4.0.conv2.weight: copying from a non-meta parameter in the checkpoint to a meta parameter in the current model, which is a no-op. (Did you mean to pass `assign=True` to assign items in the state dictionary to their corresponding key in the module instead of copying them in place?)
  warnings.warn(
/opt/conda/envs/diffsensei/lib/python3.11/site-packages/torch/nn/modules/module.py:2400: UserWarning: for layer4.0.bn2.weight: copying from a non-meta parameter in the checkpoint to a meta parameter in the current model, which is a no-op. (Did you mean to pass `assign=True` to assign items in the state dictionary to their corresponding key in the module instead of copying them in place?)
  warnings.warn(
/opt/conda/envs/diffsensei/lib/python3.11/site-packages/torch/nn/modules/module.py:2400: UserWarning: for layer4.0.bn2.weight: copying from a non-meta parameter in the checkpoint to a meta parameter in the current model, which is a no-op. (Did you mean to pass `assign=True` to assign items in the state dictionary to their corresponding key in the module instead of copying them in place?)
  warnings.warn(
/opt/conda/envs/diffsensei/lib/python3.11/site-packages/torch/nn/modules/module.py:2400: UserWarning: for layer3.1.bn3.weight: copying from a non-meta parameter in the checkpoint to a meta parameter in the current model, which is a no-op. (Did you mean to pass `assign=True` to assign items in the state dictionary to their corresponding key in the module instead of copying them in place?)
  warnings.warn(
/opt/conda/envs/diffsensei/lib/python3.11/site-packages/torch/nn/modules/module.py:2400: UserWarning: for layer4.0.bn2.weight: copying from a non-meta parameter in the checkpoint to a meta parameter in the current model, which is a no-op. (Did you mean to pass `assign=True` to assign items in the state dictionary to their corresponding key in the module instead of copying them in place?)
  warnings.warn(
/opt/conda/envs/diffsensei/lib/python3.11/site-packages/torch/nn/modules/module.py:2400: UserWarning: for layer4.0.bn2.bias: copying from a non-meta parameter in the checkpoint to a meta parameter in the current model, which is a no-op. (Did you mean to pass `assign=True` to assign items in the state dictionary to their corresponding key in the module instead of copying them in place?)
  warnings.warn(
/opt/conda/envs/diffsensei/lib/python3.11/site-packages/torch/nn/modules/module.py:2400: UserWarning: for layer4.0.bn2.bias: copying from a non-meta parameter in the checkpoint to a meta parameter in the current model, which is a no-op. (Did you mean to pass `assign=True` to assign items in the state dictionary to their corresponding key in the module instead of copying them in place?)
  warnings.warn(
/opt/conda/envs/diffsensei/lib/python3.11/site-packages/torch/nn/modules/module.py:2400: UserWarning: for layer3.1.bn3.bias: copying from a non-meta parameter in the checkpoint to a meta parameter in the current model, which is a no-op. (Did you mean to pass `assign=True` to assign items in the state dictionary to their corresponding key in the module instead of copying them in place?)
  warnings.warn(
/opt/conda/envs/diffsensei/lib/python3.11/site-packages/torch/nn/modules/module.py:2400: UserWarning: for layer4.0.bn2.bias: copying from a non-meta parameter in the checkpoint to a meta parameter in the current model, which is a no-op. (Did you mean to pass `assign=True` to assign items in the state dictionary to their corresponding key in the module instead of copying them in place?)
  warnings.warn(
/opt/conda/envs/diffsensei/lib/python3.11/site-packages/torch/nn/modules/module.py:2400: UserWarning: for layer4.0.conv3.weight: copying from a non-meta parameter in the checkpoint to a meta parameter in the current model, which is a no-op. (Did you mean to pass `assign=True` to assign items in the state dictionary to their corresponding key in the module instead of copying them in place?)
  warnings.warn(
/opt/conda/envs/diffsensei/lib/python3.11/site-packages/torch/nn/modules/module.py:2400: UserWarning: for layer4.0.conv3.weight: copying from a non-meta parameter in the checkpoint to a meta parameter in the current model, which is a no-op. (Did you mean to pass `assign=True` to assign items in the state dictionary to their corresponding key in the module instead of copying them in place?)
  warnings.warn(
/opt/conda/envs/diffsensei/lib/python3.11/site-packages/torch/nn/modules/module.py:2400: UserWarning: for layer4.0.conv3.weight: copying from a non-meta parameter in the checkpoint to a meta parameter in the current model, which is a no-op. (Did you mean to pass `assign=True` to assign items in the state dictionary to their corresponding key in the module instead of copying them in place?)
  warnings.warn(
/opt/conda/envs/diffsensei/lib/python3.11/site-packages/torch/nn/modules/module.py:2400: UserWarning: for layer3.2.conv1.weight: copying from a non-meta parameter in the checkpoint to a meta parameter in the current model, which is a no-op. (Did you mean to pass `assign=True` to assign items in the state dictionary to their corresponding key in the module instead of copying them in place?)
  warnings.warn(
/opt/conda/envs/diffsensei/lib/python3.11/site-packages/torch/nn/modules/module.py:2400: UserWarning: for layer4.0.bn3.weight: copying from a non-meta parameter in the checkpoint to a meta parameter in the current model, which is a no-op. (Did you mean to pass `assign=True` to assign items in the state dictionary to their corresponding key in the module instead of copying them in place?)
  warnings.warn(
/opt/conda/envs/diffsensei/lib/python3.11/site-packages/torch/nn/modules/module.py:2400: UserWarning: for layer4.0.bn3.weight: copying from a non-meta parameter in the checkpoint to a meta parameter in the current model, which is a no-op. (Did you mean to pass `assign=True` to assign items in the state dictionary to their corresponding key in the module instead of copying them in place?)
  warnings.warn(
/opt/conda/envs/diffsensei/lib/python3.11/site-packages/torch/nn/modules/module.py:2400: UserWarning: for layer3.2.bn1.weight: copying from a non-meta parameter in the checkpoint to a meta parameter in the current model, which is a no-op. (Did you mean to pass `assign=True` to assign items in the state dictionary to their corresponding key in the module instead of copying them in place?)
  warnings.warn(
/opt/conda/envs/diffsensei/lib/python3.11/site-packages/torch/nn/modules/module.py:2400: UserWarning: for layer4.0.bn3.weight: copying from a non-meta parameter in the checkpoint to a meta parameter in the current model, which is a no-op. (Did you mean to pass `assign=True` to assign items in the state dictionary to their corresponding key in the module instead of copying them in place?)
  warnings.warn(
/opt/conda/envs/diffsensei/lib/python3.11/site-packages/torch/nn/modules/module.py:2400: UserWarning: for layer4.0.bn3.bias: copying from a non-meta parameter in the checkpoint to a meta parameter in the current model, which is a no-op. (Did you mean to pass `assign=True` to assign items in the state dictionary to their corresponding key in the module instead of copying them in place?)
  warnings.warn(
/opt/conda/envs/diffsensei/lib/python3.11/site-packages/torch/nn/modules/module.py:2400: UserWarning: for layer4.0.bn3.bias: copying from a non-meta parameter in the checkpoint to a meta parameter in the current model, which is a no-op. (Did you mean to pass `assign=True` to assign items in the state dictionary to their corresponding key in the module instead of copying them in place?)
  warnings.warn(
/opt/conda/envs/diffsensei/lib/python3.11/site-packages/torch/nn/modules/module.py:2400: UserWarning: for layer3.2.bn1.bias: copying from a non-meta parameter in the checkpoint to a meta parameter in the current model, which is a no-op. (Did you mean to pass `assign=True` to assign items in the state dictionary to their corresponding key in the module instead of copying them in place?)
  warnings.warn(
/opt/conda/envs/diffsensei/lib/python3.11/site-packages/torch/nn/modules/module.py:2400: UserWarning: for layer4.0.bn3.bias: copying from a non-meta parameter in the checkpoint to a meta parameter in the current model, which is a no-op. (Did you mean to pass `assign=True` to assign items in the state dictionary to their corresponding key in the module instead of copying them in place?)
  warnings.warn(
/opt/conda/envs/diffsensei/lib/python3.11/site-packages/torch/nn/modules/module.py:2400: UserWarning: for layer3.2.conv2.weight: copying from a non-meta parameter in the checkpoint to a meta parameter in the current model, which is a no-op. (Did you mean to pass `assign=True` to assign items in the state dictionary to their corresponding key in the module instead of copying them in place?)
  warnings.warn(
/opt/conda/envs/diffsensei/lib/python3.11/site-packages/torch/nn/modules/module.py:2400: UserWarning: for layer4.0.downsample.0.weight: copying from a non-meta parameter in the checkpoint to a meta parameter in the current model, which is a no-op. (Did you mean to pass `assign=True` to assign items in the state dictionary to their corresponding key in the module instead of copying them in place?)
  warnings.warn(
/opt/conda/envs/diffsensei/lib/python3.11/site-packages/torch/nn/modules/module.py:2400: UserWarning: for layer4.0.downsample.0.weight: copying from a non-meta parameter in the checkpoint to a meta parameter in the current model, which is a no-op. (Did you mean to pass `assign=True` to assign items in the state dictionary to their corresponding key in the module instead of copying them in place?)
  warnings.warn(
/opt/conda/envs/diffsensei/lib/python3.11/site-packages/torch/nn/modules/module.py:2400: UserWarning: for layer4.0.downsample.0.weight: copying from a non-meta parameter in the checkpoint to a meta parameter in the current model, which is a no-op. (Did you mean to pass `assign=True` to assign items in the state dictionary to their corresponding key in the module instead of copying them in place?)
  warnings.warn(
/opt/conda/envs/diffsensei/lib/python3.11/site-packages/torch/nn/modules/module.py:2400: UserWarning: for layer3.2.bn2.weight: copying from a non-meta parameter in the checkpoint to a meta parameter in the current model, which is a no-op. (Did you mean to pass `assign=True` to assign items in the state dictionary to their corresponding key in the module instead of copying them in place?)
  warnings.warn(
/opt/conda/envs/diffsensei/lib/python3.11/site-packages/torch/nn/modules/module.py:2400: UserWarning: for layer4.0.downsample.1.weight: copying from a non-meta parameter in the checkpoint to a meta parameter in the current model, which is a no-op. (Did you mean to pass `assign=True` to assign items in the state dictionary to their corresponding key in the module instead of copying them in place?)
  warnings.warn(
/opt/conda/envs/diffsensei/lib/python3.11/site-packages/torch/nn/modules/module.py:2400: UserWarning: for layer4.0.downsample.1.weight: copying from a non-meta parameter in the checkpoint to a meta parameter in the current model, which is a no-op. (Did you mean to pass `assign=True` to assign items in the state dictionary to their corresponding key in the module instead of copying them in place?)
  warnings.warn(
/opt/conda/envs/diffsensei/lib/python3.11/site-packages/torch/nn/modules/module.py:2400: UserWarning: for layer4.0.downsample.1.weight: copying from a non-meta parameter in the checkpoint to a meta parameter in the current model, which is a no-op. (Did you mean to pass `assign=True` to assign items in the state dictionary to their corresponding key in the module instead of copying them in place?)
  warnings.warn(
/opt/conda/envs/diffsensei/lib/python3.11/site-packages/torch/nn/modules/module.py:2400: UserWarning: for layer3.2.bn2.bias: copying from a non-meta parameter in the checkpoint to a meta parameter in the current model, which is a no-op. (Did you mean to pass `assign=True` to assign items in the state dictionary to their corresponding key in the module instead of copying them in place?)
  warnings.warn(
/opt/conda/envs/diffsensei/lib/python3.11/site-packages/torch/nn/modules/module.py:2400: UserWarning: for layer4.0.downsample.1.bias: copying from a non-meta parameter in the checkpoint to a meta parameter in the current model, which is a no-op. (Did you mean to pass `assign=True` to assign items in the state dictionary to their corresponding key in the module instead of copying them in place?)
  warnings.warn(
/opt/conda/envs/diffsensei/lib/python3.11/site-packages/torch/nn/modules/module.py:2400: UserWarning: for layer4.0.downsample.1.bias: copying from a non-meta parameter in the checkpoint to a meta parameter in the current model, which is a no-op. (Did you mean to pass `assign=True` to assign items in the state dictionary to their corresponding key in the module instead of copying them in place?)
  warnings.warn(
/opt/conda/envs/diffsensei/lib/python3.11/site-packages/torch/nn/modules/module.py:2400: UserWarning: for layer4.0.downsample.1.bias: copying from a non-meta parameter in the checkpoint to a meta parameter in the current model, which is a no-op. (Did you mean to pass `assign=True` to assign items in the state dictionary to their corresponding key in the module instead of copying them in place?)
  warnings.warn(
/opt/conda/envs/diffsensei/lib/python3.11/site-packages/torch/nn/modules/module.py:2400: UserWarning: for layer3.2.conv3.weight: copying from a non-meta parameter in the checkpoint to a meta parameter in the current model, which is a no-op. (Did you mean to pass `assign=True` to assign items in the state dictionary to their corresponding key in the module instead of copying them in place?)
  warnings.warn(
/opt/conda/envs/diffsensei/lib/python3.11/site-packages/torch/nn/modules/module.py:2400: UserWarning: for layer4.1.conv1.weight: copying from a non-meta parameter in the checkpoint to a meta parameter in the current model, which is a no-op. (Did you mean to pass `assign=True` to assign items in the state dictionary to their corresponding key in the module instead of copying them in place?)
  warnings.warn(
/opt/conda/envs/diffsensei/lib/python3.11/site-packages/torch/nn/modules/module.py:2400: UserWarning: for layer4.1.conv1.weight: copying from a non-meta parameter in the checkpoint to a meta parameter in the current model, which is a no-op. (Did you mean to pass `assign=True` to assign items in the state dictionary to their corresponding key in the module instead of copying them in place?)
  warnings.warn(
/opt/conda/envs/diffsensei/lib/python3.11/site-packages/torch/nn/modules/module.py:2400: UserWarning: for layer4.1.conv1.weight: copying from a non-meta parameter in the checkpoint to a meta parameter in the current model, which is a no-op. (Did you mean to pass `assign=True` to assign items in the state dictionary to their corresponding key in the module instead of copying them in place?)
  warnings.warn(
/opt/conda/envs/diffsensei/lib/python3.11/site-packages/torch/nn/modules/module.py:2400: UserWarning: for layer3.2.bn3.weight: copying from a non-meta parameter in the checkpoint to a meta parameter in the current model, which is a no-op. (Did you mean to pass `assign=True` to assign items in the state dictionary to their corresponding key in the module instead of copying them in place?)
  warnings.warn(
/opt/conda/envs/diffsensei/lib/python3.11/site-packages/torch/nn/modules/module.py:2400: UserWarning: for layer4.1.bn1.weight: copying from a non-meta parameter in the checkpoint to a meta parameter in the current model, which is a no-op. (Did you mean to pass `assign=True` to assign items in the state dictionary to their corresponding key in the module instead of copying them in place?)
  warnings.warn(
/opt/conda/envs/diffsensei/lib/python3.11/site-packages/torch/nn/modules/module.py:2400: UserWarning: for layer4.1.bn1.weight: copying from a non-meta parameter in the checkpoint to a meta parameter in the current model, which is a no-op. (Did you mean to pass `assign=True` to assign items in the state dictionary to their corresponding key in the module instead of copying them in place?)
  warnings.warn(
/opt/conda/envs/diffsensei/lib/python3.11/site-packages/torch/nn/modules/module.py:2400: UserWarning: for layer4.1.bn1.weight: copying from a non-meta parameter in the checkpoint to a meta parameter in the current model, which is a no-op. (Did you mean to pass `assign=True` to assign items in the state dictionary to their corresponding key in the module instead of copying them in place?)
  warnings.warn(
/opt/conda/envs/diffsensei/lib/python3.11/site-packages/torch/nn/modules/module.py:2400: UserWarning: for layer3.2.bn3.bias: copying from a non-meta parameter in the checkpoint to a meta parameter in the current model, which is a no-op. (Did you mean to pass `assign=True` to assign items in the state dictionary to their corresponding key in the module instead of copying them in place?)
  warnings.warn(
/opt/conda/envs/diffsensei/lib/python3.11/site-packages/torch/nn/modules/module.py:2400: UserWarning: for layer4.1.bn1.bias: copying from a non-meta parameter in the checkpoint to a meta parameter in the current model, which is a no-op. (Did you mean to pass `assign=True` to assign items in the state dictionary to their corresponding key in the module instead of copying them in place?)
  warnings.warn(
/opt/conda/envs/diffsensei/lib/python3.11/site-packages/torch/nn/modules/module.py:2400: UserWarning: for layer4.1.bn1.bias: copying from a non-meta parameter in the checkpoint to a meta parameter in the current model, which is a no-op. (Did you mean to pass `assign=True` to assign items in the state dictionary to their corresponding key in the module instead of copying them in place?)
  warnings.warn(
/opt/conda/envs/diffsensei/lib/python3.11/site-packages/torch/nn/modules/module.py:2400: UserWarning: for layer4.1.bn1.bias: copying from a non-meta parameter in the checkpoint to a meta parameter in the current model, which is a no-op. (Did you mean to pass `assign=True` to assign items in the state dictionary to their corresponding key in the module instead of copying them in place?)
  warnings.warn(
/opt/conda/envs/diffsensei/lib/python3.11/site-packages/torch/nn/modules/module.py:2400: UserWarning: for layer4.1.conv2.weight: copying from a non-meta parameter in the checkpoint to a meta parameter in the current model, which is a no-op. (Did you mean to pass `assign=True` to assign items in the state dictionary to their corresponding key in the module instead of copying them in place?)
  warnings.warn(
/opt/conda/envs/diffsensei/lib/python3.11/site-packages/torch/nn/modules/module.py:2400: UserWarning: for layer4.1.conv2.weight: copying from a non-meta parameter in the checkpoint to a meta parameter in the current model, which is a no-op. (Did you mean to pass `assign=True` to assign items in the state dictionary to their corresponding key in the module instead of copying them in place?)
  warnings.warn(
/opt/conda/envs/diffsensei/lib/python3.11/site-packages/torch/nn/modules/module.py:2400: UserWarning: for layer4.1.conv2.weight: copying from a non-meta parameter in the checkpoint to a meta parameter in the current model, which is a no-op. (Did you mean to pass `assign=True` to assign items in the state dictionary to their corresponding key in the module instead of copying them in place?)
  warnings.warn(
/opt/conda/envs/diffsensei/lib/python3.11/site-packages/torch/nn/modules/module.py:2400: UserWarning: for layer3.3.conv1.weight: copying from a non-meta parameter in the checkpoint to a meta parameter in the current model, which is a no-op. (Did you mean to pass `assign=True` to assign items in the state dictionary to their corresponding key in the module instead of copying them in place?)
  warnings.warn(
/opt/conda/envs/diffsensei/lib/python3.11/site-packages/torch/nn/modules/module.py:2400: UserWarning: for layer3.3.bn1.weight: copying from a non-meta parameter in the checkpoint to a meta parameter in the current model, which is a no-op. (Did you mean to pass `assign=True` to assign items in the state dictionary to their corresponding key in the module instead of copying them in place?)
  warnings.warn(
/opt/conda/envs/diffsensei/lib/python3.11/site-packages/torch/nn/modules/module.py:2400: UserWarning: for layer4.1.bn2.weight: copying from a non-meta parameter in the checkpoint to a meta parameter in the current model, which is a no-op. (Did you mean to pass `assign=True` to assign items in the state dictionary to their corresponding key in the module instead of copying them in place?)
  warnings.warn(
/opt/conda/envs/diffsensei/lib/python3.11/site-packages/torch/nn/modules/module.py:2400: UserWarning: for layer4.1.bn2.weight: copying from a non-meta parameter in the checkpoint to a meta parameter in the current model, which is a no-op. (Did you mean to pass `assign=True` to assign items in the state dictionary to their corresponding key in the module instead of copying them in place?)
  warnings.warn(
/opt/conda/envs/diffsensei/lib/python3.11/site-packages/torch/nn/modules/module.py:2400: UserWarning: for layer3.3.bn1.bias: copying from a non-meta parameter in the checkpoint to a meta parameter in the current model, which is a no-op. (Did you mean to pass `assign=True` to assign items in the state dictionary to their corresponding key in the module instead of copying them in place?)
  warnings.warn(
/opt/conda/envs/diffsensei/lib/python3.11/site-packages/torch/nn/modules/module.py:2400: UserWarning: for layer4.1.bn2.weight: copying from a non-meta parameter in the checkpoint to a meta parameter in the current model, which is a no-op. (Did you mean to pass `assign=True` to assign items in the state dictionary to their corresponding key in the module instead of copying them in place?)
  warnings.warn(
/opt/conda/envs/diffsensei/lib/python3.11/site-packages/torch/nn/modules/module.py:2400: UserWarning: for layer4.1.bn2.bias: copying from a non-meta parameter in the checkpoint to a meta parameter in the current model, which is a no-op. (Did you mean to pass `assign=True` to assign items in the state dictionary to their corresponding key in the module instead of copying them in place?)
  warnings.warn(
/opt/conda/envs/diffsensei/lib/python3.11/site-packages/torch/nn/modules/module.py:2400: UserWarning: for layer4.1.bn2.bias: copying from a non-meta parameter in the checkpoint to a meta parameter in the current model, which is a no-op. (Did you mean to pass `assign=True` to assign items in the state dictionary to their corresponding key in the module instead of copying them in place?)
  warnings.warn(
/opt/conda/envs/diffsensei/lib/python3.11/site-packages/torch/nn/modules/module.py:2400: UserWarning: for layer4.1.bn2.bias: copying from a non-meta parameter in the checkpoint to a meta parameter in the current model, which is a no-op. (Did you mean to pass `assign=True` to assign items in the state dictionary to their corresponding key in the module instead of copying them in place?)
  warnings.warn(
/opt/conda/envs/diffsensei/lib/python3.11/site-packages/torch/nn/modules/module.py:2400: UserWarning: for layer3.3.conv2.weight: copying from a non-meta parameter in the checkpoint to a meta parameter in the current model, which is a no-op. (Did you mean to pass `assign=True` to assign items in the state dictionary to their corresponding key in the module instead of copying them in place?)
  warnings.warn(
/opt/conda/envs/diffsensei/lib/python3.11/site-packages/torch/nn/modules/module.py:2400: UserWarning: for layer3.3.bn2.weight: copying from a non-meta parameter in the checkpoint to a meta parameter in the current model, which is a no-op. (Did you mean to pass `assign=True` to assign items in the state dictionary to their corresponding key in the module instead of copying them in place?)
  warnings.warn(
/opt/conda/envs/diffsensei/lib/python3.11/site-packages/torch/nn/modules/module.py:2400: UserWarning: for layer3.3.bn2.bias: copying from a non-meta parameter in the checkpoint to a meta parameter in the current model, which is a no-op. (Did you mean to pass `assign=True` to assign items in the state dictionary to their corresponding key in the module instead of copying them in place?)
  warnings.warn(
/opt/conda/envs/diffsensei/lib/python3.11/site-packages/torch/nn/modules/module.py:2400: UserWarning: for layer4.1.conv3.weight: copying from a non-meta parameter in the checkpoint to a meta parameter in the current model, which is a no-op. (Did you mean to pass `assign=True` to assign items in the state dictionary to their corresponding key in the module instead of copying them in place?)
  warnings.warn(
/opt/conda/envs/diffsensei/lib/python3.11/site-packages/torch/nn/modules/module.py:2400: UserWarning: for layer4.1.conv3.weight: copying from a non-meta parameter in the checkpoint to a meta parameter in the current model, which is a no-op. (Did you mean to pass `assign=True` to assign items in the state dictionary to their corresponding key in the module instead of copying them in place?)
  warnings.warn(
/opt/conda/envs/diffsensei/lib/python3.11/site-packages/torch/nn/modules/module.py:2400: UserWarning: for layer4.1.conv3.weight: copying from a non-meta parameter in the checkpoint to a meta parameter in the current model, which is a no-op. (Did you mean to pass `assign=True` to assign items in the state dictionary to their corresponding key in the module instead of copying them in place?)
  warnings.warn(
/opt/conda/envs/diffsensei/lib/python3.11/site-packages/torch/nn/modules/module.py:2400: UserWarning: for layer4.1.bn3.weight: copying from a non-meta parameter in the checkpoint to a meta parameter in the current model, which is a no-op. (Did you mean to pass `assign=True` to assign items in the state dictionary to their corresponding key in the module instead of copying them in place?)
  warnings.warn(
/opt/conda/envs/diffsensei/lib/python3.11/site-packages/torch/nn/modules/module.py:2400: UserWarning: for layer4.1.bn3.weight: copying from a non-meta parameter in the checkpoint to a meta parameter in the current model, which is a no-op. (Did you mean to pass `assign=True` to assign items in the state dictionary to their corresponding key in the module instead of copying them in place?)
  warnings.warn(
/opt/conda/envs/diffsensei/lib/python3.11/site-packages/torch/nn/modules/module.py:2400: UserWarning: for layer4.1.bn3.weight: copying from a non-meta parameter in the checkpoint to a meta parameter in the current model, which is a no-op. (Did you mean to pass `assign=True` to assign items in the state dictionary to their corresponding key in the module instead of copying them in place?)
  warnings.warn(
/opt/conda/envs/diffsensei/lib/python3.11/site-packages/torch/nn/modules/module.py:2400: UserWarning: for layer4.1.bn3.bias: copying from a non-meta parameter in the checkpoint to a meta parameter in the current model, which is a no-op. (Did you mean to pass `assign=True` to assign items in the state dictionary to their corresponding key in the module instead of copying them in place?)
  warnings.warn(
/opt/conda/envs/diffsensei/lib/python3.11/site-packages/torch/nn/modules/module.py:2400: UserWarning: for layer4.1.bn3.bias: copying from a non-meta parameter in the checkpoint to a meta parameter in the current model, which is a no-op. (Did you mean to pass `assign=True` to assign items in the state dictionary to their corresponding key in the module instead of copying them in place?)
  warnings.warn(
/opt/conda/envs/diffsensei/lib/python3.11/site-packages/torch/nn/modules/module.py:2400: UserWarning: for layer4.1.bn3.bias: copying from a non-meta parameter in the checkpoint to a meta parameter in the current model, which is a no-op. (Did you mean to pass `assign=True` to assign items in the state dictionary to their corresponding key in the module instead of copying them in place?)
  warnings.warn(
/opt/conda/envs/diffsensei/lib/python3.11/site-packages/torch/nn/modules/module.py:2400: UserWarning: for layer3.3.conv3.weight: copying from a non-meta parameter in the checkpoint to a meta parameter in the current model, which is a no-op. (Did you mean to pass `assign=True` to assign items in the state dictionary to their corresponding key in the module instead of copying them in place?)
  warnings.warn(
/opt/conda/envs/diffsensei/lib/python3.11/site-packages/torch/nn/modules/module.py:2400: UserWarning: for layer4.2.conv1.weight: copying from a non-meta parameter in the checkpoint to a meta parameter in the current model, which is a no-op. (Did you mean to pass `assign=True` to assign items in the state dictionary to their corresponding key in the module instead of copying them in place?)
  warnings.warn(
/opt/conda/envs/diffsensei/lib/python3.11/site-packages/torch/nn/modules/module.py:2400: UserWarning: for layer3.3.bn3.weight: copying from a non-meta parameter in the checkpoint to a meta parameter in the current model, which is a no-op. (Did you mean to pass `assign=True` to assign items in the state dictionary to their corresponding key in the module instead of copying them in place?)
  warnings.warn(
/opt/conda/envs/diffsensei/lib/python3.11/site-packages/torch/nn/modules/module.py:2400: UserWarning: for layer4.2.bn1.weight: copying from a non-meta parameter in the checkpoint to a meta parameter in the current model, which is a no-op. (Did you mean to pass `assign=True` to assign items in the state dictionary to their corresponding key in the module instead of copying them in place?)
  warnings.warn(
/opt/conda/envs/diffsensei/lib/python3.11/site-packages/torch/nn/modules/module.py:2400: UserWarning: for layer3.3.bn3.bias: copying from a non-meta parameter in the checkpoint to a meta parameter in the current model, which is a no-op. (Did you mean to pass `assign=True` to assign items in the state dictionary to their corresponding key in the module instead of copying them in place?)
  warnings.warn(
/opt/conda/envs/diffsensei/lib/python3.11/site-packages/torch/nn/modules/module.py:2400: UserWarning: for layer4.2.bn1.bias: copying from a non-meta parameter in the checkpoint to a meta parameter in the current model, which is a no-op. (Did you mean to pass `assign=True` to assign items in the state dictionary to their corresponding key in the module instead of copying them in place?)
  warnings.warn(
/opt/conda/envs/diffsensei/lib/python3.11/site-packages/torch/nn/modules/module.py:2400: UserWarning: for layer4.2.conv1.weight: copying from a non-meta parameter in the checkpoint to a meta parameter in the current model, which is a no-op. (Did you mean to pass `assign=True` to assign items in the state dictionary to their corresponding key in the module instead of copying them in place?)
  warnings.warn(
/opt/conda/envs/diffsensei/lib/python3.11/site-packages/torch/nn/modules/module.py:2400: UserWarning: for layer4.2.conv1.weight: copying from a non-meta parameter in the checkpoint to a meta parameter in the current model, which is a no-op. (Did you mean to pass `assign=True` to assign items in the state dictionary to their corresponding key in the module instead of copying them in place?)
  warnings.warn(
/opt/conda/envs/diffsensei/lib/python3.11/site-packages/torch/nn/modules/module.py:2400: UserWarning: for layer4.2.bn1.weight: copying from a non-meta parameter in the checkpoint to a meta parameter in the current model, which is a no-op. (Did you mean to pass `assign=True` to assign items in the state dictionary to their corresponding key in the module instead of copying them in place?)
  warnings.warn(
/opt/conda/envs/diffsensei/lib/python3.11/site-packages/torch/nn/modules/module.py:2400: UserWarning: for layer4.2.bn1.weight: copying from a non-meta parameter in the checkpoint to a meta parameter in the current model, which is a no-op. (Did you mean to pass `assign=True` to assign items in the state dictionary to their corresponding key in the module instead of copying them in place?)
  warnings.warn(
/opt/conda/envs/diffsensei/lib/python3.11/site-packages/torch/nn/modules/module.py:2400: UserWarning: for layer4.2.bn1.bias: copying from a non-meta parameter in the checkpoint to a meta parameter in the current model, which is a no-op. (Did you mean to pass `assign=True` to assign items in the state dictionary to their corresponding key in the module instead of copying them in place?)
  warnings.warn(
/opt/conda/envs/diffsensei/lib/python3.11/site-packages/torch/nn/modules/module.py:2400: UserWarning: for layer4.2.conv2.weight: copying from a non-meta parameter in the checkpoint to a meta parameter in the current model, which is a no-op. (Did you mean to pass `assign=True` to assign items in the state dictionary to their corresponding key in the module instead of copying them in place?)
  warnings.warn(
/opt/conda/envs/diffsensei/lib/python3.11/site-packages/torch/nn/modules/module.py:2400: UserWarning: for layer4.2.bn1.bias: copying from a non-meta parameter in the checkpoint to a meta parameter in the current model, which is a no-op. (Did you mean to pass `assign=True` to assign items in the state dictionary to their corresponding key in the module instead of copying them in place?)
  warnings.warn(
/opt/conda/envs/diffsensei/lib/python3.11/site-packages/torch/nn/modules/module.py:2400: UserWarning: for layer3.4.conv1.weight: copying from a non-meta parameter in the checkpoint to a meta parameter in the current model, which is a no-op. (Did you mean to pass `assign=True` to assign items in the state dictionary to their corresponding key in the module instead of copying them in place?)
  warnings.warn(
/opt/conda/envs/diffsensei/lib/python3.11/site-packages/torch/nn/modules/module.py:2400: UserWarning: for layer4.2.bn2.weight: copying from a non-meta parameter in the checkpoint to a meta parameter in the current model, which is a no-op. (Did you mean to pass `assign=True` to assign items in the state dictionary to their corresponding key in the module instead of copying them in place?)
  warnings.warn(
/opt/conda/envs/diffsensei/lib/python3.11/site-packages/torch/nn/modules/module.py:2400: UserWarning: for layer3.4.bn1.weight: copying from a non-meta parameter in the checkpoint to a meta parameter in the current model, which is a no-op. (Did you mean to pass `assign=True` to assign items in the state dictionary to their corresponding key in the module instead of copying them in place?)
  warnings.warn(
/opt/conda/envs/diffsensei/lib/python3.11/site-packages/torch/nn/modules/module.py:2400: UserWarning: for layer4.2.bn2.bias: copying from a non-meta parameter in the checkpoint to a meta parameter in the current model, which is a no-op. (Did you mean to pass `assign=True` to assign items in the state dictionary to their corresponding key in the module instead of copying them in place?)
  warnings.warn(
/opt/conda/envs/diffsensei/lib/python3.11/site-packages/torch/nn/modules/module.py:2400: UserWarning: for layer4.2.conv2.weight: copying from a non-meta parameter in the checkpoint to a meta parameter in the current model, which is a no-op. (Did you mean to pass `assign=True` to assign items in the state dictionary to their corresponding key in the module instead of copying them in place?)
  warnings.warn(
/opt/conda/envs/diffsensei/lib/python3.11/site-packages/torch/nn/modules/module.py:2400: UserWarning: for layer3.4.bn1.bias: copying from a non-meta parameter in the checkpoint to a meta parameter in the current model, which is a no-op. (Did you mean to pass `assign=True` to assign items in the state dictionary to their corresponding key in the module instead of copying them in place?)
  warnings.warn(
/opt/conda/envs/diffsensei/lib/python3.11/site-packages/torch/nn/modules/module.py:2400: UserWarning: for layer4.2.conv2.weight: copying from a non-meta parameter in the checkpoint to a meta parameter in the current model, which is a no-op. (Did you mean to pass `assign=True` to assign items in the state dictionary to their corresponding key in the module instead of copying them in place?)
  warnings.warn(
/opt/conda/envs/diffsensei/lib/python3.11/site-packages/torch/nn/modules/module.py:2400: UserWarning: for layer4.2.bn2.weight: copying from a non-meta parameter in the checkpoint to a meta parameter in the current model, which is a no-op. (Did you mean to pass `assign=True` to assign items in the state dictionary to their corresponding key in the module instead of copying them in place?)
  warnings.warn(
/opt/conda/envs/diffsensei/lib/python3.11/site-packages/torch/nn/modules/module.py:2400: UserWarning: for layer4.2.bn2.weight: copying from a non-meta parameter in the checkpoint to a meta parameter in the current model, which is a no-op. (Did you mean to pass `assign=True` to assign items in the state dictionary to their corresponding key in the module instead of copying them in place?)
  warnings.warn(
/opt/conda/envs/diffsensei/lib/python3.11/site-packages/torch/nn/modules/module.py:2400: UserWarning: for layer4.2.bn2.bias: copying from a non-meta parameter in the checkpoint to a meta parameter in the current model, which is a no-op. (Did you mean to pass `assign=True` to assign items in the state dictionary to their corresponding key in the module instead of copying them in place?)
  warnings.warn(
/opt/conda/envs/diffsensei/lib/python3.11/site-packages/torch/nn/modules/module.py:2400: UserWarning: for layer4.2.bn2.bias: copying from a non-meta parameter in the checkpoint to a meta parameter in the current model, which is a no-op. (Did you mean to pass `assign=True` to assign items in the state dictionary to their corresponding key in the module instead of copying them in place?)
  warnings.warn(
/opt/conda/envs/diffsensei/lib/python3.11/site-packages/torch/nn/modules/module.py:2400: UserWarning: for layer3.4.conv2.weight: copying from a non-meta parameter in the checkpoint to a meta parameter in the current model, which is a no-op. (Did you mean to pass `assign=True` to assign items in the state dictionary to their corresponding key in the module instead of copying them in place?)
  warnings.warn(
/opt/conda/envs/diffsensei/lib/python3.11/site-packages/torch/nn/modules/module.py:2400: UserWarning: for layer4.2.conv3.weight: copying from a non-meta parameter in the checkpoint to a meta parameter in the current model, which is a no-op. (Did you mean to pass `assign=True` to assign items in the state dictionary to their corresponding key in the module instead of copying them in place?)
  warnings.warn(
/opt/conda/envs/diffsensei/lib/python3.11/site-packages/torch/nn/modules/module.py:2400: UserWarning: for layer3.4.bn2.weight: copying from a non-meta parameter in the checkpoint to a meta parameter in the current model, which is a no-op. (Did you mean to pass `assign=True` to assign items in the state dictionary to their corresponding key in the module instead of copying them in place?)
  warnings.warn(
/opt/conda/envs/diffsensei/lib/python3.11/site-packages/torch/nn/modules/module.py:2400: UserWarning: for layer4.2.bn3.weight: copying from a non-meta parameter in the checkpoint to a meta parameter in the current model, which is a no-op. (Did you mean to pass `assign=True` to assign items in the state dictionary to their corresponding key in the module instead of copying them in place?)
  warnings.warn(
/opt/conda/envs/diffsensei/lib/python3.11/site-packages/torch/nn/modules/module.py:2400: UserWarning: for layer4.2.bn3.bias: copying from a non-meta parameter in the checkpoint to a meta parameter in the current model, which is a no-op. (Did you mean to pass `assign=True` to assign items in the state dictionary to their corresponding key in the module instead of copying them in place?)
  warnings.warn(
/opt/conda/envs/diffsensei/lib/python3.11/site-packages/torch/nn/modules/module.py:2400: UserWarning: for layer4.2.conv3.weight: copying from a non-meta parameter in the checkpoint to a meta parameter in the current model, which is a no-op. (Did you mean to pass `assign=True` to assign items in the state dictionary to their corresponding key in the module instead of copying them in place?)
  warnings.warn(
/opt/conda/envs/diffsensei/lib/python3.11/site-packages/torch/nn/modules/module.py:2400: UserWarning: for layer4.2.conv3.weight: copying from a non-meta parameter in the checkpoint to a meta parameter in the current model, which is a no-op. (Did you mean to pass `assign=True` to assign items in the state dictionary to their corresponding key in the module instead of copying them in place?)
  warnings.warn(
/opt/conda/envs/diffsensei/lib/python3.11/site-packages/torch/nn/modules/module.py:2400: UserWarning: for layer4.2.bn3.weight: copying from a non-meta parameter in the checkpoint to a meta parameter in the current model, which is a no-op. (Did you mean to pass `assign=True` to assign items in the state dictionary to their corresponding key in the module instead of copying them in place?)
  warnings.warn(
/opt/conda/envs/diffsensei/lib/python3.11/site-packages/torch/nn/modules/module.py:2400: UserWarning: for layer4.2.bn3.weight: copying from a non-meta parameter in the checkpoint to a meta parameter in the current model, which is a no-op. (Did you mean to pass `assign=True` to assign items in the state dictionary to their corresponding key in the module instead of copying them in place?)
  warnings.warn(
/opt/conda/envs/diffsensei/lib/python3.11/site-packages/torch/nn/modules/module.py:2400: UserWarning: for layer4.2.bn3.bias: copying from a non-meta parameter in the checkpoint to a meta parameter in the current model, which is a no-op. (Did you mean to pass `assign=True` to assign items in the state dictionary to their corresponding key in the module instead of copying them in place?)
  warnings.warn(
/opt/conda/envs/diffsensei/lib/python3.11/site-packages/torch/nn/modules/module.py:2400: UserWarning: for layer4.2.bn3.bias: copying from a non-meta parameter in the checkpoint to a meta parameter in the current model, which is a no-op. (Did you mean to pass `assign=True` to assign items in the state dictionary to their corresponding key in the module instead of copying them in place?)
  warnings.warn(
/opt/conda/envs/diffsensei/lib/python3.11/site-packages/torch/nn/modules/module.py:2400: UserWarning: for layer3.4.bn2.bias: copying from a non-meta parameter in the checkpoint to a meta parameter in the current model, which is a no-op. (Did you mean to pass `assign=True` to assign items in the state dictionary to their corresponding key in the module instead of copying them in place?)
  warnings.warn(
/opt/conda/envs/diffsensei/lib/python3.11/site-packages/torch/nn/modules/module.py:2400: UserWarning: for layer3.4.conv3.weight: copying from a non-meta parameter in the checkpoint to a meta parameter in the current model, which is a no-op. (Did you mean to pass `assign=True` to assign items in the state dictionary to their corresponding key in the module instead of copying them in place?)
  warnings.warn(
/opt/conda/envs/diffsensei/lib/python3.11/site-packages/torch/nn/modules/module.py:2400: UserWarning: for layer3.4.bn3.weight: copying from a non-meta parameter in the checkpoint to a meta parameter in the current model, which is a no-op. (Did you mean to pass `assign=True` to assign items in the state dictionary to their corresponding key in the module instead of copying them in place?)
  warnings.warn(
/opt/conda/envs/diffsensei/lib/python3.11/site-packages/torch/nn/modules/module.py:2400: UserWarning: for layer3.4.bn3.bias: copying from a non-meta parameter in the checkpoint to a meta parameter in the current model, which is a no-op. (Did you mean to pass `assign=True` to assign items in the state dictionary to their corresponding key in the module instead of copying them in place?)
  warnings.warn(
/opt/conda/envs/diffsensei/lib/python3.11/site-packages/torch/nn/modules/module.py:2400: UserWarning: for layer3.5.conv1.weight: copying from a non-meta parameter in the checkpoint to a meta parameter in the current model, which is a no-op. (Did you mean to pass `assign=True` to assign items in the state dictionary to their corresponding key in the module instead of copying them in place?)
  warnings.warn(
/opt/conda/envs/diffsensei/lib/python3.11/site-packages/torch/nn/modules/module.py:2400: UserWarning: for layer3.5.bn1.weight: copying from a non-meta parameter in the checkpoint to a meta parameter in the current model, which is a no-op. (Did you mean to pass `assign=True` to assign items in the state dictionary to their corresponding key in the module instead of copying them in place?)
  warnings.warn(
/opt/conda/envs/diffsensei/lib/python3.11/site-packages/torch/nn/modules/module.py:2400: UserWarning: for layer3.5.bn1.bias: copying from a non-meta parameter in the checkpoint to a meta parameter in the current model, which is a no-op. (Did you mean to pass `assign=True` to assign items in the state dictionary to their corresponding key in the module instead of copying them in place?)
  warnings.warn(
/opt/conda/envs/diffsensei/lib/python3.11/site-packages/torch/nn/modules/module.py:2400: UserWarning: for layer3.5.conv2.weight: copying from a non-meta parameter in the checkpoint to a meta parameter in the current model, which is a no-op. (Did you mean to pass `assign=True` to assign items in the state dictionary to their corresponding key in the module instead of copying them in place?)
  warnings.warn(
/opt/conda/envs/diffsensei/lib/python3.11/site-packages/torch/nn/modules/module.py:2400: UserWarning: for layer3.5.bn2.weight: copying from a non-meta parameter in the checkpoint to a meta parameter in the current model, which is a no-op. (Did you mean to pass `assign=True` to assign items in the state dictionary to their corresponding key in the module instead of copying them in place?)
  warnings.warn(
/opt/conda/envs/diffsensei/lib/python3.11/site-packages/torch/nn/modules/module.py:2400: UserWarning: for layer3.5.bn2.bias: copying from a non-meta parameter in the checkpoint to a meta parameter in the current model, which is a no-op. (Did you mean to pass `assign=True` to assign items in the state dictionary to their corresponding key in the module instead of copying them in place?)
  warnings.warn(
/opt/conda/envs/diffsensei/lib/python3.11/site-packages/torch/nn/modules/module.py:2400: UserWarning: for layer3.5.conv3.weight: copying from a non-meta parameter in the checkpoint to a meta parameter in the current model, which is a no-op. (Did you mean to pass `assign=True` to assign items in the state dictionary to their corresponding key in the module instead of copying them in place?)
  warnings.warn(
/opt/conda/envs/diffsensei/lib/python3.11/site-packages/torch/nn/modules/module.py:2400: UserWarning: for layer3.5.bn3.weight: copying from a non-meta parameter in the checkpoint to a meta parameter in the current model, which is a no-op. (Did you mean to pass `assign=True` to assign items in the state dictionary to their corresponding key in the module instead of copying them in place?)
  warnings.warn(
/opt/conda/envs/diffsensei/lib/python3.11/site-packages/torch/nn/modules/module.py:2400: UserWarning: for layer3.5.bn3.bias: copying from a non-meta parameter in the checkpoint to a meta parameter in the current model, which is a no-op. (Did you mean to pass `assign=True` to assign items in the state dictionary to their corresponding key in the module instead of copying them in place?)
  warnings.warn(
/opt/conda/envs/diffsensei/lib/python3.11/site-packages/torch/nn/modules/module.py:2400: UserWarning: for layer4.0.conv1.weight: copying from a non-meta parameter in the checkpoint to a meta parameter in the current model, which is a no-op. (Did you mean to pass `assign=True` to assign items in the state dictionary to their corresponding key in the module instead of copying them in place?)
  warnings.warn(
/opt/conda/envs/diffsensei/lib/python3.11/site-packages/torch/nn/modules/module.py:2400: UserWarning: for layer4.0.bn1.weight: copying from a non-meta parameter in the checkpoint to a meta parameter in the current model, which is a no-op. (Did you mean to pass `assign=True` to assign items in the state dictionary to their corresponding key in the module instead of copying them in place?)
  warnings.warn(
/opt/conda/envs/diffsensei/lib/python3.11/site-packages/torch/nn/modules/module.py:2400: UserWarning: for layer4.0.bn1.bias: copying from a non-meta parameter in the checkpoint to a meta parameter in the current model, which is a no-op. (Did you mean to pass `assign=True` to assign items in the state dictionary to their corresponding key in the module instead of copying them in place?)
  warnings.warn(
/opt/conda/envs/diffsensei/lib/python3.11/site-packages/torch/nn/modules/module.py:2400: UserWarning: for layer4.0.conv2.weight: copying from a non-meta parameter in the checkpoint to a meta parameter in the current model, which is a no-op. (Did you mean to pass `assign=True` to assign items in the state dictionary to their corresponding key in the module instead of copying them in place?)
  warnings.warn(
/opt/conda/envs/diffsensei/lib/python3.11/site-packages/torch/nn/modules/module.py:2400: UserWarning: for layer4.0.bn2.weight: copying from a non-meta parameter in the checkpoint to a meta parameter in the current model, which is a no-op. (Did you mean to pass `assign=True` to assign items in the state dictionary to their corresponding key in the module instead of copying them in place?)
  warnings.warn(
/opt/conda/envs/diffsensei/lib/python3.11/site-packages/torch/nn/modules/module.py:2400: UserWarning: for layer4.0.bn2.bias: copying from a non-meta parameter in the checkpoint to a meta parameter in the current model, which is a no-op. (Did you mean to pass `assign=True` to assign items in the state dictionary to their corresponding key in the module instead of copying them in place?)
  warnings.warn(
/opt/conda/envs/diffsensei/lib/python3.11/site-packages/torch/nn/modules/module.py:2400: UserWarning: for layer4.0.conv3.weight: copying from a non-meta parameter in the checkpoint to a meta parameter in the current model, which is a no-op. (Did you mean to pass `assign=True` to assign items in the state dictionary to their corresponding key in the module instead of copying them in place?)
  warnings.warn(
/opt/conda/envs/diffsensei/lib/python3.11/site-packages/torch/nn/modules/module.py:2400: UserWarning: for layer4.0.bn3.weight: copying from a non-meta parameter in the checkpoint to a meta parameter in the current model, which is a no-op. (Did you mean to pass `assign=True` to assign items in the state dictionary to their corresponding key in the module instead of copying them in place?)
  warnings.warn(
/opt/conda/envs/diffsensei/lib/python3.11/site-packages/torch/nn/modules/module.py:2400: UserWarning: for layer4.0.bn3.bias: copying from a non-meta parameter in the checkpoint to a meta parameter in the current model, which is a no-op. (Did you mean to pass `assign=True` to assign items in the state dictionary to their corresponding key in the module instead of copying them in place?)
  warnings.warn(
/opt/conda/envs/diffsensei/lib/python3.11/site-packages/torch/nn/modules/module.py:2400: UserWarning: for layer4.0.downsample.0.weight: copying from a non-meta parameter in the checkpoint to a meta parameter in the current model, which is a no-op. (Did you mean to pass `assign=True` to assign items in the state dictionary to their corresponding key in the module instead of copying them in place?)
  warnings.warn(
/opt/conda/envs/diffsensei/lib/python3.11/site-packages/torch/nn/modules/module.py:2400: UserWarning: for layer4.0.downsample.1.weight: copying from a non-meta parameter in the checkpoint to a meta parameter in the current model, which is a no-op. (Did you mean to pass `assign=True` to assign items in the state dictionary to their corresponding key in the module instead of copying them in place?)
  warnings.warn(
/opt/conda/envs/diffsensei/lib/python3.11/site-packages/torch/nn/modules/module.py:2400: UserWarning: for layer4.0.downsample.1.bias: copying from a non-meta parameter in the checkpoint to a meta parameter in the current model, which is a no-op. (Did you mean to pass `assign=True` to assign items in the state dictionary to their corresponding key in the module instead of copying them in place?)
  warnings.warn(
/opt/conda/envs/diffsensei/lib/python3.11/site-packages/torch/nn/modules/module.py:2400: UserWarning: for layer4.1.conv1.weight: copying from a non-meta parameter in the checkpoint to a meta parameter in the current model, which is a no-op. (Did you mean to pass `assign=True` to assign items in the state dictionary to their corresponding key in the module instead of copying them in place?)
  warnings.warn(
/opt/conda/envs/diffsensei/lib/python3.11/site-packages/torch/nn/modules/module.py:2400: UserWarning: for layer4.1.bn1.weight: copying from a non-meta parameter in the checkpoint to a meta parameter in the current model, which is a no-op. (Did you mean to pass `assign=True` to assign items in the state dictionary to their corresponding key in the module instead of copying them in place?)
  warnings.warn(
/opt/conda/envs/diffsensei/lib/python3.11/site-packages/torch/nn/modules/module.py:2400: UserWarning: for layer4.1.bn1.bias: copying from a non-meta parameter in the checkpoint to a meta parameter in the current model, which is a no-op. (Did you mean to pass `assign=True` to assign items in the state dictionary to their corresponding key in the module instead of copying them in place?)
  warnings.warn(
/opt/conda/envs/diffsensei/lib/python3.11/site-packages/torch/nn/modules/module.py:2400: UserWarning: for layer4.1.conv2.weight: copying from a non-meta parameter in the checkpoint to a meta parameter in the current model, which is a no-op. (Did you mean to pass `assign=True` to assign items in the state dictionary to their corresponding key in the module instead of copying them in place?)
  warnings.warn(
/opt/conda/envs/diffsensei/lib/python3.11/site-packages/torch/nn/modules/module.py:2400: UserWarning: for layer4.1.bn2.weight: copying from a non-meta parameter in the checkpoint to a meta parameter in the current model, which is a no-op. (Did you mean to pass `assign=True` to assign items in the state dictionary to their corresponding key in the module instead of copying them in place?)
  warnings.warn(
/opt/conda/envs/diffsensei/lib/python3.11/site-packages/torch/nn/modules/module.py:2400: UserWarning: for layer4.1.bn2.bias: copying from a non-meta parameter in the checkpoint to a meta parameter in the current model, which is a no-op. (Did you mean to pass `assign=True` to assign items in the state dictionary to their corresponding key in the module instead of copying them in place?)
  warnings.warn(
/opt/conda/envs/diffsensei/lib/python3.11/site-packages/torch/nn/modules/module.py:2400: UserWarning: for layer4.1.conv3.weight: copying from a non-meta parameter in the checkpoint to a meta parameter in the current model, which is a no-op. (Did you mean to pass `assign=True` to assign items in the state dictionary to their corresponding key in the module instead of copying them in place?)
  warnings.warn(
/opt/conda/envs/diffsensei/lib/python3.11/site-packages/torch/nn/modules/module.py:2400: UserWarning: for layer4.1.bn3.weight: copying from a non-meta parameter in the checkpoint to a meta parameter in the current model, which is a no-op. (Did you mean to pass `assign=True` to assign items in the state dictionary to their corresponding key in the module instead of copying them in place?)
  warnings.warn(
/opt/conda/envs/diffsensei/lib/python3.11/site-packages/torch/nn/modules/module.py:2400: UserWarning: for layer4.1.bn3.bias: copying from a non-meta parameter in the checkpoint to a meta parameter in the current model, which is a no-op. (Did you mean to pass `assign=True` to assign items in the state dictionary to their corresponding key in the module instead of copying them in place?)
  warnings.warn(
/opt/conda/envs/diffsensei/lib/python3.11/site-packages/torch/nn/modules/module.py:2400: UserWarning: for layer4.2.conv1.weight: copying from a non-meta parameter in the checkpoint to a meta parameter in the current model, which is a no-op. (Did you mean to pass `assign=True` to assign items in the state dictionary to their corresponding key in the module instead of copying them in place?)
  warnings.warn(
/opt/conda/envs/diffsensei/lib/python3.11/site-packages/torch/nn/modules/module.py:2400: UserWarning: for layer4.2.bn1.weight: copying from a non-meta parameter in the checkpoint to a meta parameter in the current model, which is a no-op. (Did you mean to pass `assign=True` to assign items in the state dictionary to their corresponding key in the module instead of copying them in place?)
  warnings.warn(
/opt/conda/envs/diffsensei/lib/python3.11/site-packages/torch/nn/modules/module.py:2400: UserWarning: for layer4.2.bn1.bias: copying from a non-meta parameter in the checkpoint to a meta parameter in the current model, which is a no-op. (Did you mean to pass `assign=True` to assign items in the state dictionary to their corresponding key in the module instead of copying them in place?)
  warnings.warn(
/opt/conda/envs/diffsensei/lib/python3.11/site-packages/torch/nn/modules/module.py:2400: UserWarning: for layer4.2.conv2.weight: copying from a non-meta parameter in the checkpoint to a meta parameter in the current model, which is a no-op. (Did you mean to pass `assign=True` to assign items in the state dictionary to their corresponding key in the module instead of copying them in place?)
  warnings.warn(
/opt/conda/envs/diffsensei/lib/python3.11/site-packages/torch/nn/modules/module.py:2400: UserWarning: for layer4.2.bn2.weight: copying from a non-meta parameter in the checkpoint to a meta parameter in the current model, which is a no-op. (Did you mean to pass `assign=True` to assign items in the state dictionary to their corresponding key in the module instead of copying them in place?)
  warnings.warn(
/opt/conda/envs/diffsensei/lib/python3.11/site-packages/torch/nn/modules/module.py:2400: UserWarning: for layer4.2.bn2.bias: copying from a non-meta parameter in the checkpoint to a meta parameter in the current model, which is a no-op. (Did you mean to pass `assign=True` to assign items in the state dictionary to their corresponding key in the module instead of copying them in place?)
  warnings.warn(
/opt/conda/envs/diffsensei/lib/python3.11/site-packages/torch/nn/modules/module.py:2400: UserWarning: for layer4.2.conv3.weight: copying from a non-meta parameter in the checkpoint to a meta parameter in the current model, which is a no-op. (Did you mean to pass `assign=True` to assign items in the state dictionary to their corresponding key in the module instead of copying them in place?)
  warnings.warn(
/opt/conda/envs/diffsensei/lib/python3.11/site-packages/torch/nn/modules/module.py:2400: UserWarning: for layer4.2.bn3.weight: copying from a non-meta parameter in the checkpoint to a meta parameter in the current model, which is a no-op. (Did you mean to pass `assign=True` to assign items in the state dictionary to their corresponding key in the module instead of copying them in place?)
  warnings.warn(
/opt/conda/envs/diffsensei/lib/python3.11/site-packages/torch/nn/modules/module.py:2400: UserWarning: for layer4.2.bn3.bias: copying from a non-meta parameter in the checkpoint to a meta parameter in the current model, which is a no-op. (Did you mean to pass `assign=True` to assign items in the state dictionary to their corresponding key in the module instead of copying them in place?)
  warnings.warn(
/data/DiffSensei-main/layout-generator/src/utils.py:22: FutureWarning: You are using `torch.load` with `weights_only=False` (the current default value), which uses the default pickle module implicitly. It is possible to construct malicious pickle data which will execute arbitrary code during unpickling (See https://github.com/pytorch/pytorch/blob/main/SECURITY.md#untrusted-models for more details). In a future release, the default value for `weights_only` will be flipped to `True`. This limits the functions that could be executed during unpickling. Arbitrary objects will no longer be allowed to be loaded via this mode unless they are explicitly allowlisted by the user via `torch.serialization.add_safe_globals`. We recommend you start setting `weights_only=True` for any use case where you don't have full control of the loaded file. Please open an issue on GitHub for any issues related to this experimental feature.
  checkpoint = torch.load(ckpt_path, map_location='cpu')
/data/DiffSensei-main/layout-generator/src/utils.py:22: FutureWarning: You are using `torch.load` with `weights_only=False` (the current default value), which uses the default pickle module implicitly. It is possible to construct malicious pickle data which will execute arbitrary code during unpickling (See https://github.com/pytorch/pytorch/blob/main/SECURITY.md#untrusted-models for more details). In a future release, the default value for `weights_only` will be flipped to `True`. This limits the functions that could be executed during unpickling. Arbitrary objects will no longer be allowed to be loaded via this mode unless they are explicitly allowlisted by the user via `torch.serialization.add_safe_globals`. We recommend you start setting `weights_only=True` for any use case where you don't have full control of the loaded file. Please open an issue on GitHub for any issues related to this experimental feature.
  checkpoint = torch.load(ckpt_path, map_location='cpu')
/data/DiffSensei-main/layout-generator/src/utils.py:22: FutureWarning: You are using `torch.load` with `weights_only=False` (the current default value), which uses the default pickle module implicitly. It is possible to construct malicious pickle data which will execute arbitrary code during unpickling (See https://github.com/pytorch/pytorch/blob/main/SECURITY.md#untrusted-models for more details). In a future release, the default value for `weights_only` will be flipped to `True`. This limits the functions that could be executed during unpickling. Arbitrary objects will no longer be allowed to be loaded via this mode unless they are explicitly allowlisted by the user via `torch.serialization.add_safe_globals`. We recommend you start setting `weights_only=True` for any use case where you don't have full control of the loaded file. Please open an issue on GitHub for any issues related to this experimental feature.
  checkpoint = torch.load(ckpt_path, map_location='cpu')
/data/DiffSensei-main/layout-generator/src/utils.py:22: FutureWarning: You are using `torch.load` with `weights_only=False` (the current default value), which uses the default pickle module implicitly. It is possible to construct malicious pickle data which will execute arbitrary code during unpickling (See https://github.com/pytorch/pytorch/blob/main/SECURITY.md#untrusted-models for more details). In a future release, the default value for `weights_only` will be flipped to `True`. This limits the functions that could be executed during unpickling. Arbitrary objects will no longer be allowed to be loaded via this mode unless they are explicitly allowlisted by the user via `torch.serialization.add_safe_globals`. We recommend you start setting `weights_only=True` for any use case where you don't have full control of the loaded file. Please open an issue on GitHub for any issues related to this experimental feature.
  checkpoint = torch.load(ckpt_path, map_location='cpu')
/data/DiffSensei-main/layout-generator/src/utils.py:48: FutureWarning: You are using `torch.load` with `weights_only=False` (the current default value), which uses the default pickle module implicitly. It is possible to construct malicious pickle data which will execute arbitrary code during unpickling (See https://github.com/pytorch/pytorch/blob/main/SECURITY.md#untrusted-models for more details). In a future release, the default value for `weights_only` will be flipped to `True`. This limits the functions that could be executed during unpickling. Arbitrary objects will no longer be allowed to be loaded via this mode unless they are explicitly allowlisted by the user via `torch.serialization.add_safe_globals`. We recommend you start setting `weights_only=True` for any use case where you don't have full control of the loaded file. Please open an issue on GitHub for any issues related to this experimental feature.
  checkpoint = torch.load(ckpt_path, map_location=map_location)
/data/DiffSensei-main/layout-generator/src/utils.py:48: FutureWarning: You are using `torch.load` with `weights_only=False` (the current default value), which uses the default pickle module implicitly. It is possible to construct malicious pickle data which will execute arbitrary code during unpickling (See https://github.com/pytorch/pytorch/blob/main/SECURITY.md#untrusted-models for more details). In a future release, the default value for `weights_only` will be flipped to `True`. This limits the functions that could be executed during unpickling. Arbitrary objects will no longer be allowed to be loaded via this mode unless they are explicitly allowlisted by the user via `torch.serialization.add_safe_globals`. We recommend you start setting `weights_only=True` for any use case where you don't have full control of the loaded file. Please open an issue on GitHub for any issues related to this experimental feature.
  checkpoint = torch.load(ckpt_path, map_location=map_location)
/data/DiffSensei-main/layout-generator/src/utils.py:48: FutureWarning: You are using `torch.load` with `weights_only=False` (the current default value), which uses the default pickle module implicitly. It is possible to construct malicious pickle data which will execute arbitrary code during unpickling (See https://github.com/pytorch/pytorch/blob/main/SECURITY.md#untrusted-models for more details). In a future release, the default value for `weights_only` will be flipped to `True`. This limits the functions that could be executed during unpickling. Arbitrary objects will no longer be allowed to be loaded via this mode unless they are explicitly allowlisted by the user via `torch.serialization.add_safe_globals`. We recommend you start setting `weights_only=True` for any use case where you don't have full control of the loaded file. Please open an issue on GitHub for any issues related to this experimental feature.
  checkpoint = torch.load(ckpt_path, map_location=map_location)
/data/DiffSensei-main/layout-generator/src/utils.py:48: FutureWarning: You are using `torch.load` with `weights_only=False` (the current default value), which uses the default pickle module implicitly. It is possible to construct malicious pickle data which will execute arbitrary code during unpickling (See https://github.com/pytorch/pytorch/blob/main/SECURITY.md#untrusted-models for more details). In a future release, the default value for `weights_only` will be flipped to `True`. This limits the functions that could be executed during unpickling. Arbitrary objects will no longer be allowed to be loaded via this mode unless they are explicitly allowlisted by the user via `torch.serialization.add_safe_globals`. We recommend you start setting `weights_only=True` for any use case where you don't have full control of the loaded file. Please open an issue on GitHub for any issues related to this experimental feature.
  checkpoint = torch.load(ckpt_path, map_location=map_location)
[Load] planner model loaded from /data/checkpoints/planner_step10000.pt
[Load] planner model loaded from /data/checkpoints/planner_step10000.pt
[Load] planner model loaded from /data/checkpoints/planner_step10000.pt
[Load] planner model loaded from /data/checkpoints/planner_step10000.pt
[Load] optimizer state restored.
[Load] resume from global_step = 10000
[Load] optimizer state restored.
[Load] resume from global_step = 10000
[Load] optimizer state restored.
[Load] resume from global_step = 10000
[Load] optimizer state restored.
[Load] resume from global_step = 10000
[rank3]:[W901 09:27:49.507270788 reducer.cpp:1400] Warning: find_unused_parameters=True was specified in DDP constructor, but did not find any unused parameters in the forward pass. This flag results in an extra traversal of the autograd graph every iteration,  which can adversely affect performance. If your model indeed never has any unused parameters in the forward pass, consider turning this flag off. Note that this warning may be a false positive if your model has flow control causing later iterations to have unused parameters. (function operator())
[rank1]:[W901 09:27:54.343367773 reducer.cpp:1400] Warning: find_unused_parameters=True was specified in DDP constructor, but did not find any unused parameters in the forward pass. This flag results in an extra traversal of the autograd graph every iteration,  which can adversely affect performance. If your model indeed never has any unused parameters in the forward pass, consider turning this flag off. Note that this warning may be a false positive if your model has flow control causing later iterations to have unused parameters. (function operator())
[rank2]:[W901 09:27:56.408460506 reducer.cpp:1400] Warning: find_unused_parameters=True was specified in DDP constructor, but did not find any unused parameters in the forward pass. This flag results in an extra traversal of the autograd graph every iteration,  which can adversely affect performance. If your model indeed never has any unused parameters in the forward pass, consider turning this flag off. Note that this warning may be a false positive if your model has flow control causing later iterations to have unused parameters. (function operator())
[rank0]:[W901 09:27:59.735305031 reducer.cpp:1400] Warning: find_unused_parameters=True was specified in DDP constructor, but did not find any unused parameters in the forward pass. This flag results in an extra traversal of the autograd graph every iteration,  which can adversely affect performance. If your model indeed never has any unused parameters in the forward pass, consider turning this flag off. Note that this warning may be a false positive if your model has flow control causing later iterations to have unused parameters. (function operator())
[global_step 10100] avg_loss=4.1805 geom=0.0050  pred=2.0906 style=0.0115
[global_step 10200] avg_loss=4.2715 geom=0.0056  pred=2.1463 style=0.0183
[global_step 10300] avg_loss=4.1046 geom=0.0052  pred=2.1562 style=0.0202
[global_step 10400] avg_loss=4.4215 geom=0.0067  pred=2.1525 style=0.0131
[global_step 10500] avg_loss=4.4085 geom=0.0052  pred=2.1627 style=0.0128
[global_step 10600] avg_loss=4.3316 geom=0.0048  pred=2.3149 style=0.0151
[global_step 10700] avg_loss=2.6778 geom=0.0000  pred=0.0000 style=0.0224
[global_step 10800] avg_loss=2.6141 geom=0.0000  pred=0.0000 style=0.0272
[global_step 10900] avg_loss=2.7289 geom=0.0000  pred=0.0000 style=0.0254
[global_step 11000] avg_loss=2.6508 geom=0.0045  pred=2.2357 style=0.0178
[global_step 11000] done in 594.3s | loss=2.6508
model saved to ./checkpoints/planner_step11000.pt
[global_step 11100] avg_loss=2.7696 geom=0.0000  pred=0.0000 style=0.0163
[global_step 11200] avg_loss=2.6564 geom=0.0000  pred=0.0000 style=0.0182
[global_step 11300] avg_loss=2.7496 geom=0.0000  pred=0.0000 style=0.0212
[global_step 11400] avg_loss=34.6478 geom=0.0000  pred=0.0000 style=0.3431
[global_step 11500] avg_loss=34.7145 geom=0.0000  pred=0.0000 style=0.3425
[global_step 11600] avg_loss=34.6653 geom=0.0000  pred=0.0000 style=0.3457
[global_step 11700] avg_loss=34.8262 geom=0.0000  pred=0.0000 style=0.3464
[global_step 11800] avg_loss=34.6627 geom=0.0000  pred=0.0000 style=0.3275
[global_step 11900] avg_loss=34.6562 geom=0.0000  pred=0.0000 style=0.3244
[global_step 12000] avg_loss=34.7275 geom=0.0000  pred=0.0000 style=0.3246
[global_step 12000] done in 559.0s | loss=34.7275
model saved to ./checkpoints/planner_step12000.pt
[global_step 12100] avg_loss=34.7269 geom=0.0000  pred=0.0000 style=0.3488
[global_step 12200] avg_loss=34.7643 geom=0.0000  pred=0.0000 style=0.3545
[global_step 12300] avg_loss=34.6022 geom=0.0000  pred=0.0000 style=0.3421
[global_step 12400] avg_loss=34.8060 geom=0.0000  pred=0.0000 style=0.3525
[global_step 12500] avg_loss=34.7488 geom=0.0000  pred=0.0000 style=0.3465
[global_step 12600] avg_loss=34.6399 geom=0.0000  pred=0.0000 style=0.3545
[global_step 12700] avg_loss=34.6663 geom=0.0000  pred=0.0000 style=0.3443
[global_step 12800] avg_loss=34.4593 geom=0.0000  pred=0.0000 style=0.3354
[global_step 12900] avg_loss=34.8487 geom=0.0000  pred=0.0000 style=0.3515
[global_step 13000] avg_loss=34.6578 geom=0.0000  pred=0.0000 style=0.3369
[global_step 13000] done in 521.8s | loss=34.6578
model saved to ./checkpoints/planner_step13000.pt
[global_step 13100] avg_loss=34.7046 geom=0.0000  pred=0.0000 style=0.3613
[global_step 13200] avg_loss=34.6899 geom=0.0000  pred=0.0000 style=0.3471
[global_step 13300] avg_loss=34.7416 geom=0.0000  pred=0.0000 style=0.3591
[global_step 13400] avg_loss=34.6643 geom=0.0000  pred=0.0000 style=0.3456
[global_step 13500] avg_loss=34.7216 geom=0.0000  pred=0.0000 style=0.3557
[global_step 13600] avg_loss=34.7381 geom=0.0000  pred=0.0000 style=0.3445
[global_step 13700] avg_loss=34.6996 geom=0.0000  pred=0.0000 style=0.3366
[global_step 13800] avg_loss=34.8544 geom=0.0000  pred=0.0000 style=0.3391
[global_step 13900] avg_loss=34.6967 geom=0.0000  pred=0.0000 style=0.3465
[global_step 14000] avg_loss=34.7220 geom=0.0000  pred=0.0000 style=0.3629
[global_step 14000] done in 489.5s | loss=34.7220
model saved to ./checkpoints/planner_step14000.pt
[global_step 14100] avg_loss=34.6855 geom=0.0000  pred=0.0000 style=0.3408
[global_step 14200] avg_loss=34.6152 geom=0.0000  pred=0.0000 style=0.3503
[global_step 14300] avg_loss=34.7491 geom=0.0000  pred=0.0000 style=0.3615
[global_step 14400] avg_loss=34.7138 geom=0.0000  pred=0.0000 style=0.3348
[global_step 14500] avg_loss=34.6953 geom=0.0000  pred=0.0000 style=0.3466
[global_step 14600] avg_loss=34.6908 geom=0.0000  pred=0.0000 style=0.3433
[global_step 14700] avg_loss=34.6405 geom=0.0000  pred=0.0000 style=0.3433
[global_step 14800] avg_loss=34.8197 geom=0.0000  pred=0.0000 style=0.3452
[global_step 14900] avg_loss=34.7477 geom=0.0000  pred=0.0000 style=0.3424
[global_step 15000] avg_loss=34.7401 geom=0.0000  pred=0.0000 style=0.3465
[global_step 15000] done in 464.4s | loss=34.7401
model saved to ./checkpoints/planner_step15000.pt
[global_step 15100] avg_loss=34.7057 geom=0.0000  pred=0.0000 style=0.3376
[global_step 15200] avg_loss=34.7258 geom=0.0000  pred=0.0000 style=0.3645
[global_step 15300] avg_loss=35.1449 geom=0.0000  pred=0.0000 style=0.3693
W0901 17:00:11.356000 2706929 site-packages/torch/distributed/elastic/agent/server/api.py:704] Received 15 death signal, shutting down workers
W0901 17:00:11.415000 2706929 site-packages/torch/distributed/elastic/multiprocessing/api.py:897] Sending process 2707018 closing signal SIGTERM
W0901 17:00:11.420000 2706929 site-packages/torch/distributed/elastic/multiprocessing/api.py:897] Sending process 2707019 closing signal SIGTERM
W0901 17:00:11.423000 2706929 site-packages/torch/distributed/elastic/multiprocessing/api.py:897] Sending process 2707020 closing signal SIGTERM
W0901 17:00:11.447000 2706929 site-packages/torch/distributed/elastic/multiprocessing/api.py:897] Sending process 2707021 closing signal SIGTERM
Traceback (most recent call last):
  File "/opt/conda/envs/diffsensei/bin/accelerate", line 8, in <module>
    sys.exit(main())
             ^^^^^^
  File "/opt/conda/envs/diffsensei/lib/python3.11/site-packages/accelerate/commands/accelerate_cli.py", line 50, in main
    args.func(args)
  File "/opt/conda/envs/diffsensei/lib/python3.11/site-packages/accelerate/commands/launch.py", line 1189, in launch_command
    multi_gpu_launcher(args)
  File "/opt/conda/envs/diffsensei/lib/python3.11/site-packages/accelerate/commands/launch.py", line 815, in multi_gpu_launcher
    distrib_run.run(args)
  File "/opt/conda/envs/diffsensei/lib/python3.11/site-packages/torch/distributed/run.py", line 910, in run
    elastic_launch(
  File "/opt/conda/envs/diffsensei/lib/python3.11/site-packages/torch/distributed/launcher/api.py", line 138, in __call__
    return launch_agent(self._config, self._entrypoint, list(args))
           ^^^^^^^^^^^^^^^^^^^^^^^^^^^^^^^^^^^^^^^^^^^^^^^^^^^^^^^^
  File "/opt/conda/envs/diffsensei/lib/python3.11/site-packages/torch/distributed/launcher/api.py", line 260, in launch_agent
    result = agent.run()
             ^^^^^^^^^^^
  File "/opt/conda/envs/diffsensei/lib/python3.11/site-packages/torch/distributed/elastic/metrics/api.py", line 137, in wrapper
    result = f(*args, **kwargs)
             ^^^^^^^^^^^^^^^^^^
  File "/opt/conda/envs/diffsensei/lib/python3.11/site-packages/torch/distributed/elastic/agent/server/api.py", line 696, in run
    result = self._invoke_run(role)
             ^^^^^^^^^^^^^^^^^^^^^^
  File "/opt/conda/envs/diffsensei/lib/python3.11/site-packages/torch/distributed/elastic/agent/server/api.py", line 855, in _invoke_run
    time.sleep(monitor_interval)
  File "/opt/conda/envs/diffsensei/lib/python3.11/site-packages/torch/distributed/elastic/multiprocessing/api.py", line 84, in _terminate_process_handler
    raise SignalException(f"Process {os.getpid()} got signal: {sigval}", sigval=sigval)
torch.distributed.elastic.multiprocessing.api.SignalException: Process 2706929 got signal: 15
